node_id,zone_id,x_coord,y_coord,geometry
1,1,-97.76646550888888,30.32796859999999,POINT (-97.76646550888888 30.32796859999999)
2,2,-97.73509472000003,30.32585445142857,POINT (-97.73509472000003 30.32585445142857)
3,3,-97.7272609509434,30.303327733018868,POINT (-97.7272609509434 30.303327733018868)
4,4,-97.7251358482143,30.31430684107142,POINT (-97.7251358482143 30.31430684107142)
5,5,-97.72405489479164,30.288214518749992,POINT (-97.72405489479164 30.288214518749992)
6,6,-97.7171212457143,30.283526607142857,POINT (-97.7171212457143 30.283526607142857)
7,7,-97.73430953333336,30.2961805347826,POINT (-97.73430953333336 30.2961805347826)
8,8,-97.71990931836734,30.276543422448984,POINT (-97.71990931836734 30.276543422448984)
9,9,-97.7224955910448,30.27024413880596,POINT (-97.7224955910448 30.270244138805957)
10,10,-97.72318131111112,30.26551113703704,POINT (-97.72318131111112 30.26551113703704)
11,11,-97.719654720625,30.259726705625003,POINT (-97.719654720625 30.259726705625003)
12,12,-97.72662399062494,30.253992024999977,POINT (-97.72662399062494 30.253992024999977)
13,13,-97.72578610394734,30.346462071052628,POINT (-97.72578610394734 30.346462071052628)
14,14,-97.73149034999996,30.33673873235295,POINT (-97.73149034999996 30.33673873235295)
15,15,-97.73804881666666,30.42425214375001,POINT (-97.73804881666666 30.42425214375001)
16,16,-97.73776501999996,30.40706671384615,POINT (-97.73776501999996 30.40706671384615)
17,17,-97.7431835456522,30.44327790869564,POINT (-97.7431835456522 30.44327790869564)
18,18,-97.73434974150942,30.36724646792453,POINT (-97.73434974150942 30.367246467924534)
19,19,-97.72173350731704,30.3596956804878,POINT (-97.72173350731704 30.3596956804878)
20,20,-97.72418843230768,30.42132789384616,POINT (-97.72418843230768 30.421327893846158)
21,21,-97.72063473333336,30.39523578070176,POINT (-97.72063473333336 30.39523578070176)
22,22,-97.72606515454544,30.24364557272727,POINT (-97.72606515454544 30.24364557272727)
23,23,-97.72701203846157,30.22081176923077,POINT (-97.72701203846157 30.22081176923077)
24,24,-97.72730054705885,30.234495782352944,POINT (-97.72730054705885 30.234495782352944)
25,25,-97.7205189176,30.197498134400007,POINT (-97.7205189176 30.197498134400007)
26,26,-97.7165016859155,30.31009217464788,POINT (-97.7165016859155 30.31009217464788)
27,27,-97.712752225,30.297473607692304,POINT (-97.712752225 30.297473607692304)
28,28,-97.716066077451,30.32628459117646,POINT (-97.716066077451 30.32628459117646)
29,29,-97.71376953617025,30.36987116382977,POINT (-97.71376953617025 30.369871163829774)
30,30,-97.71150983653844,30.43308590961539,POINT (-97.71150983653844 30.43308590961539)
31,31,-97.71435401034482,30.22819385517241,POINT (-97.71435401034482 30.22819385517241)
32,32,-97.81521823647056,30.32886169529411,POINT (-97.81521823647056 30.32886169529411)
33,33,-97.8205501898437,30.43581853281249,POINT (-97.8205501898437 30.43581853281249)
34,34,-97.81749141403506,30.19629033508772,POINT (-97.81749141403506 30.19629033508772)
35,35,-97.830573809375,30.2032724140625,POINT (-97.830573809375 30.2032724140625)
36,36,-97.83604201515148,30.18603589393939,POINT (-97.83604201515148 30.18603589393939)
37,37,-97.82740001136362,30.180158456818184,POINT (-97.82740001136362 30.180158456818184)
38,38,-97.83843142441864,30.170619515116265,POINT (-97.83843142441864 30.170619515116265)
39,39,-97.81766689642852,30.225012982142857,POINT (-97.81766689642852 30.225012982142857)
40,40,-97.82821416410252,30.354423439316232,POINT (-97.82821416410252 30.354423439316232)
41,41,-97.83295475694447,30.24949965,POINT (-97.83295475694447 30.249499649999997)
42,42,-97.82686160769228,30.23688464923077,POINT (-97.82686160769228 30.23688464923077)
43,43,-97.83202142857144,30.27737197142857,POINT (-97.83202142857144 30.27737197142857)
44,44,-97.8442685557377,30.230822614754103,POINT (-97.8442685557377 30.230822614754103)
45,45,-97.83588295156254,30.146637167187503,POINT (-97.83588295156254 30.146637167187503)
46,46,-97.81330056315788,30.292033043859657,POINT (-97.81330056315788 30.292033043859657)
47,47,-97.8130201436363,30.13368016181819,POINT (-97.8130201436363 30.13368016181819)
48,48,-97.80736150617282,30.16399333333333,POINT (-97.80736150617282 30.16399333333333)
49,49,-97.86153263483142,30.21954426292134,POINT (-97.86153263483142 30.21954426292134)
50,50,-97.84788901090911,30.156077870000008,POINT (-97.84788901090911 30.156077870000008)
51,51,-97.804589758,30.180345294,POINT (-97.804589758 30.180345294)
52,52,-97.711005285,30.357504672500006,POINT (-97.711005285 30.357504672500006)
53,53,-97.71267146060606,30.41671991515152,POINT (-97.71267146060606 30.41671991515152)
54,54,-97.6901383622222,30.442875408888888,POINT (-97.6901383622222 30.442875408888888)
55,55,-97.73501335384616,30.315393946153847,POINT (-97.73501335384616 30.315393946153847)
56,56,-97.7417218075,30.27830453750001,POINT (-97.7417218075 30.27830453750001)
57,57,-97.7346338529412,30.241691835294112,POINT (-97.7346338529412 30.241691835294112)
58,58,-97.74349952875,30.345756808750004,POINT (-97.74349952875 30.345756808750004)
59,59,-97.73907059090908,30.38868242,POINT (-97.73907059090908 30.38868242)
60,60,-97.73150973333334,30.2343817,POINT (-97.73150973333334 30.2343817)
61,61,-97.74277234375,30.15511726375,POINT (-97.74277234375 30.15511726375)
62,62,-97.75345014024391,30.321285841463418,POINT (-97.75345014024391 30.321285841463418)
63,63,-97.74365785978264,30.30656846086956,POINT (-97.74365785978264 30.30656846086956)
64,64,-97.74336461590909,30.32468368409092,POINT (-97.74336461590909 30.324683684090918)
65,65,-97.74576899999995,30.29178430238096,POINT (-97.74576899999995 30.291784302380957)
66,66,-97.74710756764708,30.285647085294112,POINT (-97.74710756764708 30.285647085294112)
67,67,-97.7422565868132,30.26704298241759,POINT (-97.7422565868132 30.26704298241759)
68,68,-97.7465648265306,30.24795708163265,POINT (-97.7465648265306 30.24795708163265)
69,69,-97.74089719841272,30.244300390476177,POINT (-97.74089719841272 30.244300390476177)
70,70,-97.75355347959182,30.38310356530613,POINT (-97.75355347959182 30.38310356530613)
71,71,-97.74515761129037,30.372942532258065,POINT (-97.74515761129037 30.372942532258065)
72,72,-97.75090042424245,30.399625590909096,POINT (-97.75090042424245 30.399625590909096)
73,73,-97.7478516916667,30.35783388333333,POINT (-97.7478516916667 30.35783388333333)
74,74,-97.74747500731704,30.43456836341464,POINT (-97.74747500731704 30.43456836341464)
75,75,-97.74050093243244,30.22369516216216,POINT (-97.74050093243244 30.22369516216216)
76,76,-97.7510444837838,30.23134143783784,POINT (-97.7510444837838 30.23134143783784)
77,77,-97.741901876,30.194668024,POINT (-97.741901876 30.194668024)
78,78,-97.7562271125,30.41799282678572,POINT (-97.7562271125 30.41799282678572)
79,79,-97.79516481489362,30.386902604255308,POINT (-97.79516481489362 30.386902604255308)
80,80,-97.70761108837208,30.27462943488372,POINT (-97.70761108837208 30.27462943488372)
81,81,-97.70830386451613,30.341969508064512,POINT (-97.70830386451613 30.341969508064512)
82,82,-97.70760981454544,30.379564718181825,POINT (-97.70760981454544 30.379564718181825)
83,83,-97.70719870799998,30.317349898000003,POINT (-97.70719870799998 30.317349898000003)
84,84,-97.7033711804348,30.29538360217392,POINT (-97.7033711804348 30.29538360217392)
85,85,-97.58196658701291,30.359731419480507,POINT (-97.58196658701291 30.359731419480507)
86,86,-97.5898410530864,30.31204371481481,POINT (-97.5898410530864 30.31204371481481)
87,87,-97.65306409375007,30.42981166607141,POINT (-97.65306409375007 30.42981166607141)
88,88,-97.6462957724138,30.45346568965517,POINT (-97.6462957724138 30.45346568965517)
89,89,-97.69691166923074,30.37437945384615,POINT (-97.69691166923074 30.37437945384615)
90,90,-97.68640067352943,30.37061763529412,POINT (-97.68640067352943 30.37061763529412)
91,91,-97.67914585454544,30.383790742424235,POINT (-97.67914585454544 30.383790742424235)
92,92,-97.68425628163266,30.405691916326536,POINT (-97.68425628163266 30.405691916326536)
93,93,-97.67657011025638,30.362619407692307,POINT (-97.67657011025638 30.362619407692307)
94,94,-97.69897249999998,30.388678832352948,POINT (-97.69897249999998 30.388678832352948)
95,95,-97.69232826458332,30.39009279374999,POINT (-97.69232826458332 30.39009279374999)
96,96,-97.6905701674418,30.42861214534884,POINT (-97.6905701674418 30.428612145348836)
97,97,-97.68951912641508,30.418464986792458,POINT (-97.68951912641508 30.418464986792458)
98,98,-97.70153514054051,30.41397416756757,POINT (-97.70153514054051 30.41397416756757)
99,99,-97.7592911682692,30.27380485961539,POINT (-97.7592911682692 30.27380485961539)
100,100,-97.762923325,30.259817655769226,POINT (-97.762923325 30.259817655769226)
101,101,-97.7742035519231,30.249112565384607,POINT (-97.7742035519231 30.249112565384607)
102,102,-97.77218474166668,30.28198715833333,POINT (-97.77218474166668 30.28198715833333)
103,103,-97.77454109591837,30.29943399081632,POINT (-97.77454109591837 30.29943399081632)
104,104,-97.76022438705884,30.2861557364706,POINT (-97.76022438705884 30.2861557364706)
105,105,-97.77130014864862,30.36868931891891,POINT (-97.77130014864862 30.36868931891891)
106,106,-97.75961176,30.349092138181813,POINT (-97.75961176 30.349092138181813)
107,107,-97.782838908,30.349125003999987,POINT (-97.782838908 30.349125003999987)
108,108,-97.77766605866668,30.41168549066668,POINT (-97.77766605866668 30.41168549066668)
109,109,-97.77144050624996,30.427223134375,POINT (-97.77144050624996 30.427223134375)
110,110,-97.78560357878789,30.26092446666667,POINT (-97.78560357878789 30.26092446666667)
111,111,-97.77691359729732,30.21881922972972,POINT (-97.77691359729732 30.21881922972972)
112,112,-97.77671492499998,30.20305572647059,POINT (-97.77671492499998 30.20305572647059)
113,113,-97.76256598958336,30.21297257916666,POINT (-97.76256598958336 30.21297257916666)
114,114,-97.760751678125,30.182427162499994,POINT (-97.760751678125 30.182427162499994)
115,115,-97.7837594875,30.1381351515625,POINT (-97.7837594875 30.1381351515625)
116,116,-97.7533889681818,30.173229920454546,POINT (-97.7533889681818 30.173229920454546)
117,117,-97.73899446744184,30.288517872093028,POINT (-97.73899446744184 30.288517872093028)
118,118,-97.75014225636365,30.204273341818176,POINT (-97.75014225636365 30.204273341818176)
119,119,-97.779511325,30.16633538125,POINT (-97.779511325 30.16633538125)
120,120,-97.79599041290324,30.439867422580644,POINT (-97.79599041290324 30.439867422580644)
121,121,-97.79346515000002,30.42957466666666,POINT (-97.79346515000002 30.42957466666666)
122,122,-97.78424923166672,30.25180206333333,POINT (-97.78424923166672 30.25180206333333)
123,123,-97.79535822285712,30.270449999047628,POINT (-97.79535822285712 30.270449999047628)
124,124,-97.7939869815534,30.27713641262136,POINT (-97.7939869815534 30.27713641262136)
125,125,-97.78082070285711,30.23136864285715,POINT (-97.78082070285711 30.23136864285715)
126,126,-97.78474204931508,30.18551889041096,POINT (-97.78474204931508 30.18551889041096)
127,127,-97.70737667692308,30.230414346153847,POINT (-97.70737667692308 30.230414346153847)
128,128,-97.70084219999998,30.266162080769227,POINT (-97.70084219999998 30.266162080769227)
129,129,-97.69895570833332,30.32934418194445,POINT (-97.69895570833332 30.32934418194445)
130,130,-97.702981112,30.36363903599999,POINT (-97.702981112 30.36363903599999)
131,131,-97.70172442758624,30.396483186206897,POINT (-97.70172442758624 30.396483186206897)
132,132,-97.69208783396226,30.2826790528302,POINT (-97.69208783396226 30.282679052830197)
133,133,-97.75689697027026,30.29938722792793,POINT (-97.75689697027026 30.29938722792793)
134,134,-97.762188205,30.396614575,POINT (-97.762188205 30.396614574999997)
135,135,-97.76119185384616,30.19258998461538,POINT (-97.76119185384616 30.19258998461538)
136,136,-97.78471808974356,30.22280141794872,POINT (-97.78471808974356 30.22280141794872)
137,137,-97.7909853769231,30.234710400000004,POINT (-97.7909853769231 30.234710400000004)
138,138,-97.7933933117647,30.20731492941176,POINT (-97.7933933117647 30.20731492941176)
139,139,-97.78451418571426,30.15677521428572,POINT (-97.78451418571426 30.15677521428572)
140,140,-97.75616793873874,30.250486056756763,POINT (-97.75616793873874 30.250486056756763)
141,141,-97.7628338361111,30.23129200555556,POINT (-97.7628338361111 30.23129200555556)
142,142,-97.76022685454544,30.30638132727273,POINT (-97.76022685454544 30.30638132727273)
143,143,-97.75736975555554,30.364001275000003,POINT (-97.75736975555554 30.364001275000003)
144,144,-97.7506747142857,30.189878426785704,POINT (-97.7506747142857 30.189878426785704)
145,145,-97.76842751219512,30.23696082439024,POINT (-97.76842751219512 30.23696082439024)
146,146,-97.7972190984375,30.225608287499995,POINT (-97.7972190984375 30.225608287499995)
147,147,-97.80672199333334,30.212338035,POINT (-97.80672199333334 30.212338035)
148,148,-97.79691658285714,30.195156517142856,POINT (-97.79691658285714 30.195156517142856)
149,149,-97.7875141346154,30.20450303076923,POINT (-97.7875141346154 30.20450303076923)
150,150,-97.85964498363636,30.192116361818183,POINT (-97.85964498363636 30.192116361818183)
151,151,-97.8507739327586,30.20561638103449,POINT (-97.8507739327586 30.20561638103449)
152,152,-97.86475157876112,30.341743112389384,POINT (-97.86475157876112 30.341743112389384)
153,153,-97.84089878139535,30.21199996279069,POINT (-97.84089878139535 30.21199996279069)
154,154,-97.9007057558139,30.24181281860464,POINT (-97.9007057558139 30.24181281860464)
155,155,-97.8810704279412,30.264398022058828,POINT (-97.8810704279412 30.264398022058828)
156,156,-97.63662755444446,30.15254232777779,POINT (-97.63662755444446 30.15254232777779)
157,157,-97.92044017307693,30.21919882692308,POINT (-97.92044017307693 30.219198826923076)
158,158,-97.89118399181822,30.189110770909103,POINT (-97.89118399181822 30.189110770909103)
159,159,-97.8804609014706,30.166091627941167,POINT (-97.8804609014706 30.166091627941167)
160,160,-97.66965776170214,30.204263042553187,POINT (-97.66965776170214 30.204263042553187)
161,161,-97.87792662982456,30.213598227193,POINT (-97.87792662982456 30.213598227192996)
162,162,-97.6696387710843,30.2321993614458,POINT (-97.6696387710843 30.232199361445797)
163,163,-97.69326095068496,30.229108578082187,POINT (-97.69326095068496 30.229108578082187)
164,164,-97.62434026015616,30.39056896093751,POINT (-97.62434026015616 30.39056896093751)
165,165,-97.6595961823077,30.354544763846167,POINT (-97.6595961823077 30.354544763846167)
166,166,-97.65717897272724,30.40342634935065,POINT (-97.65717897272724 30.40342634935065)
167,167,-97.68995130480774,30.25653606538461,POINT (-97.68995130480774 30.25653606538461)
168,168,-97.70129563333334,30.24076342380953,POINT (-97.70129563333334 30.24076342380953)
169,169,-97.64055128,30.2025372,POINT (-97.64055128 30.2025372)
170,170,-97.63218795666675,30.311934105555554,POINT (-97.63218795666675 30.311934105555554)
171,171,-97.6566466447761,30.31722132238806,POINT (-97.6566466447761 30.31722132238806)
172,172,-97.65045108249998,30.28618616875,POINT (-97.65045108249998 30.28618616875)
173,173,-97.62619625,30.27681832647059,POINT (-97.62619625 30.27681832647059)
174,174,-97.68512364528304,30.32657982264151,POINT (-97.68512364528304 30.32657982264151)
175,175,-97.68729288285712,30.348705161428573,POINT (-97.68729288285712 30.348705161428573)
176,176,-97.67969252380948,30.29894542380953,POINT (-97.67969252380948 30.29894542380953)
177,177,-97.66903457777777,30.296219874074072,POINT (-97.66903457777777 30.296219874074072)
178,178,-97.6829367666667,30.314785233333343,POINT (-97.6829367666667 30.314785233333343)
179,179,-97.67196076041664,30.317777410416667,POINT (-97.67196076041664 30.317777410416667)
180,180,-97.68235423076923,30.273831965384627,POINT (-97.68235423076923 30.273831965384627)
181,181,-97.6969216611111,30.35523588055556,POINT (-97.6969216611111 30.355235880555558)
182,182,-97.69680534,30.314582082500003,POINT (-97.69680534 30.314582082500003)
183,183,-97.6898554763158,30.306911721052632,POINT (-97.6898554763158 30.306911721052632)
184,184,-97.6686261025,30.38050048500001,POINT (-97.6686261025 30.38050048500001)
185,185,-97.66230884210523,30.385780994736848,POINT (-97.66230884210523 30.385780994736848)
186,186,-97.6800667923077,30.44349336923078,POINT (-97.6800667923077 30.44349336923078)
187,187,-97.67621487419356,30.433734174193543,POINT (-97.67621487419356 30.433734174193543)
188,188,-97.75312594999995,30.49428276627908,POINT (-97.75312594999995 30.494282766279078)
189,189,-97.81638742340428,30.485868970212767,POINT (-97.81638742340428 30.485868970212767)
190,190,-97.8156412043478,30.4545851,POINT (-97.8156412043478 30.4545851)
191,191,-97.75196053100002,30.508470444,POINT (-97.75196053100002 30.508470444)
192,192,-97.79534178412698,30.44792302539681,POINT (-97.79534178412698 30.44792302539681)
193,193,-97.77067836176468,30.46370458970589,POINT (-97.77067836176468 30.46370458970589)
194,194,-97.7641271017544,30.44399587543859,POINT (-97.7641271017544 30.44399587543859)
195,195,-97.78510398125002,30.45930407500001,POINT (-97.78510398125002 30.45930407500001)
196,196,-97.77376891351356,30.444586021621618,POINT (-97.77376891351356 30.444586021621618)
197,197,-97.77849883000002,30.4945075,POINT (-97.77849883000002 30.4945075)
198,198,-97.79587424155844,30.487715555844165,POINT (-97.79587424155844 30.487715555844165)
199,199,-97.80751820322575,30.46160701935484,POINT (-97.80751820322575 30.461607019354837)
200,,-97.7966751,30.469115,POINT (-97.7966751 30.469115)
201,,-97.7967909,30.4694032,POINT (-97.7967909 30.4694032)
202,,-97.7976688,30.4688175,POINT (-97.7976688 30.4688175)
203,,-97.8033397,30.4794276,POINT (-97.8033397 30.4794276)
204,,-97.8018903,30.4800381,POINT (-97.8018903 30.4800381)
205,,-97.7926677,30.3577606,POINT (-97.7926677 30.3577606)
206,,-97.7935,30.355528,POINT (-97.7935 30.355528)
207,,-97.7212578,30.3600481,POINT (-97.7212578 30.3600481)
208,,-97.7207879,30.3608784,POINT (-97.7207879 30.3608784)
209,,-97.7213105,30.356458,POINT (-97.7213105 30.356458)
210,,-97.7536576,30.3356151,POINT (-97.7536576 30.3356151)
211,,-97.7537764,30.3355157,POINT (-97.7537764 30.3355157)
212,,-97.7849585,30.424051,POINT (-97.7849585 30.424051)
213,,-97.78604,30.422859,POINT (-97.78604 30.422859)
214,,-97.8270466,30.1928189,POINT (-97.8270466 30.1928189)
215,,-97.8263656,30.1925012,POINT (-97.8263656 30.1925012)
216,,-97.8278396,30.1931791,POINT (-97.8278396 30.1931791)
217,,-97.755958,30.3368671,POINT (-97.755958 30.3368671)
218,,-97.7116293,30.2750749,POINT (-97.7116293 30.2750749)
219,,-97.7121054,30.2749996,POINT (-97.7121054 30.2749996)
220,,-97.7108767,30.2752105,POINT (-97.7108767 30.2752105)
221,,-97.768747,30.1919796,POINT (-97.768747 30.1919796)
222,,-97.7660162,30.1959323,POINT (-97.7660162 30.1959323)
223,,-97.7957259,30.2215951,POINT (-97.7957259 30.2215951)
224,,-97.7961128,30.2217917,POINT (-97.7961128 30.2217917)
225,,-97.7940548,30.2207904,POINT (-97.7940548 30.2207904)
226,,-97.7672291,30.1938066,POINT (-97.7672291 30.1938066)
227,,-97.767847,30.1892425,POINT (-97.767847 30.1892425)
228,,-97.7678946,30.1891304,POINT (-97.7678946 30.1891304)
229,,-97.7693002,30.1898663,POINT (-97.7693002 30.1898663)
230,,-97.7681,30.1875213,POINT (-97.7681 30.1875213)
231,,-97.7685194,30.1849662,POINT (-97.7685194 30.1849662)
232,,-97.76896,30.1836264,POINT (-97.76896 30.1836264)
233,,-97.7673072,30.1830859,POINT (-97.7673072 30.1830859)
234,,-97.6736783,30.3994214,POINT (-97.6736783 30.3994214)
235,,-97.6724023,30.3960325,POINT (-97.6724023 30.3960325)
236,,-97.7690895,30.1832398,POINT (-97.7690895 30.1832398)
237,,-97.7697721,30.1808013,POINT (-97.7697721 30.1808013)
238,,-97.7699022,30.1790404,POINT (-97.7699022 30.1790404)
239,,-97.7693046,30.1825785,POINT (-97.7693046 30.1825785)
240,,-97.7698196,30.17766,POINT (-97.7698196 30.17766)
241,,-97.7697737,30.1769517,POINT (-97.7697737 30.1769517)
242,,-97.7656334,30.1766002,POINT (-97.7656334 30.1766002)
243,,-97.6741238,30.3817511,POINT (-97.6741238 30.3817511)
244,,-97.7694814,30.1751445,POINT (-97.7694814 30.1751445)
245,,-97.7688255,30.1734696,POINT (-97.7688255 30.1734696)
246,,-97.7697327,30.1763225,POINT (-97.7697327 30.1763225)
247,,-97.8013239,30.3427651,POINT (-97.8013239 30.3427651)
248,,-97.8015588,30.3428969,POINT (-97.8015588 30.3428969)
249,,-97.7407552,30.416861,POINT (-97.7407552 30.416861)
250,,-97.7393944,30.416185,POINT (-97.7393944 30.416185)
251,,-97.7991978,30.346093,POINT (-97.7991978 30.346093)
252,,-97.7421442,30.4175215,POINT (-97.7421442 30.4175215)
253,,-97.7442941,30.3617218,POINT (-97.7442941 30.3617218)
254,,-97.7430762,30.3639232,POINT (-97.7430762 30.3639232)
255,,-97.739974,30.374358,POINT (-97.739974 30.374358)
256,,-97.7426044,30.3657246,POINT (-97.7426044 30.3657246)
257,,-97.7419858,30.3679376,POINT (-97.7419858 30.3679376)
258,,-97.682859,30.354948,POINT (-97.682859 30.354948)
259,,-97.6815253,30.3540635,POINT (-97.6815253 30.3540635)
260,,-97.7405861,30.37203,POINT (-97.7405861 30.37203)
261,,-97.7484161,30.2400965,POINT (-97.7484161 30.2400965)
262,,-97.747743,30.239774,POINT (-97.747743 30.239774)
263,,-97.7145464,30.3013949,POINT (-97.7145464 30.3013949)
264,,-97.7156973,30.3027013,POINT (-97.7156973 30.3027013)
265,,-97.7487195,30.2402441,POINT (-97.7487195 30.2402441)
266,,-97.714368,30.301914,POINT (-97.714368 30.301914)
267,,-97.821402,30.45184,POINT (-97.821402 30.45184)
268,,-97.8219991,30.452425,POINT (-97.8219991 30.452425)
269,,-97.7363225,30.3234309,POINT (-97.7363225 30.3234309)
270,,-97.735853,30.3241687,POINT (-97.735853 30.3241687)
271,,-97.7369208,30.3224935,POINT (-97.7369208 30.3224935)
272,,-97.7555905,30.3258274,POINT (-97.7555905 30.3258274)
273,,-97.7554367,30.3323963,POINT (-97.7554367 30.3323963)
274,,-97.771844,30.34479,POINT (-97.771844 30.34479)
275,,-97.771865,30.345838,POINT (-97.771865 30.345838)
276,,-97.7696228,30.3413045,POINT (-97.7696228 30.3413045)
277,,-97.7983563,30.3469945,POINT (-97.7983563 30.3469945)
278,,-97.7951889,30.3523903,POINT (-97.7951889 30.3523903)
279,,-97.7311851,30.397819,POINT (-97.7311851 30.397819)
280,,-97.7288567,30.4024195,POINT (-97.7288567 30.4024195)
281,,-97.7724001,30.3605775,POINT (-97.7724001 30.3605775)
282,,-97.7743154,30.3607921,POINT (-97.7743154 30.3607921)
283,,-97.7715337,30.3608992,POINT (-97.7715337 30.3608992)
284,,-97.7298186,30.4005864,POINT (-97.7298186 30.4005864)
285,,-97.8003806,30.3887002,POINT (-97.8003806 30.3887002)
286,,-97.799956,30.3884072,POINT (-97.799956 30.3884072)
287,,-97.8007782,30.3889534,POINT (-97.8007782 30.3889534)
288,,-97.7465225,30.3982794,POINT (-97.7465225 30.3982794)
289,,-97.7466278,30.3948952,POINT (-97.7466278 30.3948952)
290,,-97.6959326,30.38268,POINT (-97.6959326 30.38268)
291,,-97.695265,30.382672,POINT (-97.695265 30.382672)
292,,-97.7468852,30.3946092,POINT (-97.7468852 30.3946092)
293,,-97.6970362,30.3826826,POINT (-97.6970362 30.3826826)
294,,-97.7466783,30.3935049,POINT (-97.7466783 30.3935049)
295,,-97.6944659,30.3853805,POINT (-97.6944659 30.3853805)
296,,-97.6928601,30.3847144,POINT (-97.6928601 30.3847144)
297,,-97.7957679,30.1693159,POINT (-97.7957679 30.1693159)
298,,-97.7974893,30.1708132,POINT (-97.7974893 30.1708132)
299,,-97.7056089,30.321824,POINT (-97.7056089 30.321824)
300,,-97.7028509,30.3216807,POINT (-97.7028509 30.3216807)
301,,-97.7934036,30.1742552,POINT (-97.7934036 30.1742552)
302,,-97.7948561,30.1742294,POINT (-97.7948561 30.1742294)
303,,-97.7910491,30.1742971,POINT (-97.7910491 30.1742971)
304,,-97.8249969,30.2478662,POINT (-97.8249969 30.2478662)
305,,-97.8250147,30.2477574,POINT (-97.8250147 30.2477574)
306,,-97.8247858,30.2490521,POINT (-97.8247858 30.2490521)
307,,-97.794441,30.232459,POINT (-97.794441 30.232459)
308,,-97.7924365,30.2315002,POINT (-97.7924365 30.2315002)
309,,-97.8005673,30.2319842,POINT (-97.8005673 30.2319842)
310,,-97.8007387,30.2328993,POINT (-97.8007387 30.2328993)
311,,-97.7988161,30.232264,POINT (-97.7988161 30.232264)
312,,-97.8327177,30.252298,POINT (-97.8327177 30.252298)
313,,-97.833939,30.252475,POINT (-97.833939 30.252475)
314,,-97.8011333,30.2294723,POINT (-97.8011333 30.2294723)
315,,-97.8305455,30.2522031,POINT (-97.8305455 30.2522031)
316,,-97.7329954,30.190625,POINT (-97.7329954 30.190625)
317,,-97.7311008,30.1912419,POINT (-97.7311008 30.1912419)
318,,-97.7559398,30.2098532,POINT (-97.7559398 30.2098532)
319,,-97.7580544,30.2066765,POINT (-97.7580544 30.2066765)
320,,-97.7460047,30.4034647,POINT (-97.7460047 30.4034647)
321,,-97.746092,30.402275,POINT (-97.746092 30.402275)
322,,-97.7206217,30.2953782,POINT (-97.7206217 30.2953782)
323,,-97.7197874,30.2949727,POINT (-97.7197874 30.2949727)
324,,-97.7231698,30.2965351,POINT (-97.7231698 30.2965351)
325,,-97.7454199,30.406553,POINT (-97.7454199 30.406553)
326,,-97.7351788,30.2468971,POINT (-97.7351788 30.2468971)
327,,-97.7354892,30.2442704,POINT (-97.7354892 30.2442704)
328,,-97.7365422,30.2417408,POINT (-97.7365422 30.2417408)
329,,-97.80856,30.233296,POINT (-97.80856 30.233296)
330,,-97.811051,30.233998,POINT (-97.811051 30.233998)
331,,-97.7398469,30.3740605,POINT (-97.7398469 30.3740605)
332,,-97.8160488,30.1965509,POINT (-97.8160488 30.1965509)
333,,-97.8157285,30.1962455,POINT (-97.8157285 30.1962455)
334,,-97.8165393,30.1970015,POINT (-97.8165393 30.1970015)
335,,-97.8090233,30.2441036,POINT (-97.8090233 30.2441036)
336,,-97.8141027,30.2414839,POINT (-97.8141027 30.2414839)
337,,-97.8181031,30.1932441,POINT (-97.8181031 30.1932441)
338,,-97.8192935,30.1946734,POINT (-97.8192935 30.1946734)
339,,-97.8171756,30.1926802,POINT (-97.8171756 30.1926802)
340,,-97.7579316,30.3085776,POINT (-97.7579316 30.3085776)
341,,-97.7581657,30.3073635,POINT (-97.7581657 30.3073635)
342,,-97.7448483,30.2861212,POINT (-97.7448483 30.2861212)
343,,-97.7447972,30.2866745,POINT (-97.7447972 30.2866745)
344,,-97.7582356,30.3090883,POINT (-97.7582356 30.3090883)
345,,-97.749615,30.4410864,POINT (-97.749615 30.4410864)
346,,-97.7476476,30.4418475,POINT (-97.7476476 30.4418475)
347,,-97.6619321,30.2850782,POINT (-97.6619321 30.2850782)
348,,-97.659822,30.284725,POINT (-97.659822 30.284725)
349,,-97.6633231,30.2853022,POINT (-97.6633231 30.2853022)
350,,-97.6739804,30.3246063,POINT (-97.6739804 30.3246063)
351,,-97.6731684,30.3248478,POINT (-97.6731684 30.3248478)
352,,-97.6726522,30.3244399,POINT (-97.6726522 30.3244399)
353,,-97.6751484,30.3256941,POINT (-97.6751484 30.3256941)
354,,-97.7187479,30.3683639,POINT (-97.7187479 30.3683639)
355,,-97.7203148,30.3707517,POINT (-97.7203148 30.3707517)
356,,-97.7496536,30.2406844,POINT (-97.7496536 30.2406844)
357,,-97.7506444,30.2411298,POINT (-97.7506444 30.2411298)
358,,-97.7237549,30.372017,POINT (-97.7237549 30.372017)
359,,-97.7256181,30.4202265,POINT (-97.7256181 30.4202265)
360,,-97.725211,30.420893,POINT (-97.725211 30.420893)
361,,-97.7260613,30.4195299,POINT (-97.7260613 30.4195299)
362,,-97.7213365,30.3712509,POINT (-97.7213365 30.3712509)
363,,-97.671498,30.39543,POINT (-97.671498 30.39543)
364,,-97.6728727,30.3982968,POINT (-97.6728727 30.3982968)
365,,-97.8154498,30.2408188,POINT (-97.8154498 30.2408188)
366,,-97.8183463,30.2399587,POINT (-97.8183463 30.2399587)
367,,-97.8202337,30.2385606,POINT (-97.8202337 30.2385606)
368,,-97.7241556,30.2447687,POINT (-97.7241556 30.2447687)
369,,-97.7254599,30.2448044,POINT (-97.7254599 30.2448044)
370,,-97.7220915,30.2443119,POINT (-97.7220915 30.2443119)
371,,-97.672756,30.3987734,POINT (-97.672756 30.3987734)
372,,-97.7252541,30.2430506,POINT (-97.7252541 30.2430506)
373,,-97.7261922,30.2415681,POINT (-97.7261922 30.2415681)
374,,-97.7269877,30.2402827,POINT (-97.7269877 30.2402827)
375,,-97.724452,30.2411324,POINT (-97.724452 30.2411324)
376,,-97.6739971,30.4005587,POINT (-97.6739971 30.4005587)
377,,-97.7398591,30.356424,POINT (-97.7398591 30.356424)
378,,-97.7404615,30.3575786,POINT (-97.7404615 30.3575786)
379,,-97.7402993,30.3552935,POINT (-97.7402993 30.3552935)
380,,-97.7341761,30.2656536,POINT (-97.7341761 30.2656536)
381,,-97.7350382,30.2658861,POINT (-97.7350382 30.2658861)
382,,-97.7335669,30.2654711,POINT (-97.7335669 30.2654711)
383,,-97.8517539,30.1985304,POINT (-97.8517539 30.1985304)
384,,-97.8523169,30.1987994,POINT (-97.8523169 30.1987994)
385,,-97.7176461,30.2974461,POINT (-97.7176461 30.2974461)
386,,-97.7171656,30.2982181,POINT (-97.7171656 30.2982181)
387,,-97.7338535,30.2665876,POINT (-97.7338535 30.2665876)
388,,-97.7551871,30.3212793,POINT (-97.7551871 30.3212793)
389,,-97.7551636,30.3213822,POINT (-97.7551636 30.3213822)
390,,-97.7547963,30.3212057,POINT (-97.7547963 30.3212057)
391,,-97.7592234,30.2585579,POINT (-97.7592234 30.2585579)
392,,-97.760151,30.257584,POINT (-97.760151 30.257584)
393,,-97.7585203,30.2608501,POINT (-97.7585203 30.2608501)
394,,-97.7563113,30.3214554,POINT (-97.7563113 30.3214554)
395,,-97.7564493,30.3213591,POINT (-97.7564493 30.3213591)
396,,-97.8771024,30.1916911,POINT (-97.8771024 30.1916911)
397,,-97.8759061,30.1915089,POINT (-97.8759061 30.1915089)
398,,-97.7567137,30.3226518,POINT (-97.7567137 30.3226518)
399,,-97.7554778,30.3214187,POINT (-97.7554778 30.3214187)
400,,-97.7106058,30.3693274,POINT (-97.7106058 30.3693274)
401,,-97.7114729,30.3697495,POINT (-97.7114729 30.3697495)
402,,-97.7094795,30.3711877,POINT (-97.7094795 30.3711877)
403,,-97.7104576,30.3766295,POINT (-97.7104576 30.3766295)
404,,-97.7551467,30.3216661,POINT (-97.7551467 30.3216661)
405,,-97.7070647,30.3700056,POINT (-97.7070647 30.3700056)
406,,-97.7551507,30.3214714,POINT (-97.7551507 30.3214714)
407,,-97.7050365,30.3759928,POINT (-97.7050365 30.3759928)
408,,-97.7046453,30.3752856,POINT (-97.7046453 30.3752856)
409,,-97.7063953,30.3784803,POINT (-97.7063953 30.3784803)
410,,-97.7551148,30.3217305,POINT (-97.7551148 30.3217305)
411,,-97.7550665,30.3234226,POINT (-97.7550665 30.3234226)
412,,-97.7064105,30.3283339,POINT (-97.7064105 30.3283339)
413,,-97.7065073,30.3253017,POINT (-97.7065073 30.3253017)
414,,-97.7048655,30.2724386,POINT (-97.7048655 30.2724386)
415,,-97.7055396,30.2713142,POINT (-97.7055396 30.2713142)
416,,-97.6991502,30.2733956,POINT (-97.6991502 30.2733956)
417,,-97.7079793,30.2723539,POINT (-97.7079793 30.2723539)
418,,-97.7067972,30.327113,POINT (-97.7067972 30.327113)
419,,-97.699852,30.271002,POINT (-97.699852 30.271002)
420,,-97.6979114,30.273602,POINT (-97.6979114 30.273602)
421,,-97.6947811,30.2738083,POINT (-97.6947811 30.2738083)
422,,-97.690424,30.273561,POINT (-97.690424 30.273561)
423,,-97.690159,30.274026,POINT (-97.690159 30.274026)
424,,-97.690671,30.273156,POINT (-97.690671 30.273156)
425,,-97.7463057,30.3947712,POINT (-97.7463057 30.3947712)
426,,-97.7457461,30.3976677,POINT (-97.7457461 30.3976677)
427,,-97.6918485,30.3599683,POINT (-97.6918485 30.3599683)
428,,-97.6909883,30.3595512,POINT (-97.6909883 30.3595512)
429,,-97.7451207,30.4064913,POINT (-97.7451207 30.4064913)
430,,-97.7456947,30.3984095,POINT (-97.7456947 30.3984095)
431,,-97.6859771,30.3616598,POINT (-97.6859771 30.3616598)
432,,-97.6919723,30.3521907,POINT (-97.6919723 30.3521907)
433,,-97.6984093,30.4086387,POINT (-97.6984093 30.4086387)
434,,-97.699834,30.410274,POINT (-97.699834 30.410274)
435,,-97.6970493,30.4082861,POINT (-97.6970493 30.4082861)
436,,-97.7061052,30.408899,POINT (-97.7061052 30.408899)
437,,-97.7006539,30.4113169,POINT (-97.7006539 30.4113169)
438,,-97.6853714,30.3623111,POINT (-97.6853714 30.3623111)
439,,-97.6841853,30.3637235,POINT (-97.6841853 30.3637235)
440,,-97.7015247,30.4119025,POINT (-97.7015247 30.4119025)
441,,-97.7039715,30.4127636,POINT (-97.7039715 30.4127636)
442,,-97.7046336,30.4132365,POINT (-97.7046336 30.4132365)
443,,-97.7060551,30.4145538,POINT (-97.7060551 30.4145538)
444,,-97.6787503,30.3727742,POINT (-97.6787503 30.3727742)
445,,-97.81704,30.197649,POINT (-97.81704 30.197649)
446,,-97.8168203,30.1973116,POINT (-97.8168203 30.1973116)
447,,-97.8178672,30.1983987,POINT (-97.8178672 30.1983987)
448,,-97.6809629,30.3687968,POINT (-97.6809629 30.3687968)
449,,-97.6915912,30.3270504,POINT (-97.6915912 30.3270504)
450,,-97.6913902,30.3273622,POINT (-97.6913902 30.3273622)
451,,-97.754623,30.296261,POINT (-97.754623 30.296261)
452,,-97.75411,30.297065,POINT (-97.75411 30.297065)
453,,-97.75511,30.295457,POINT (-97.75511 30.295457)
454,,-97.745549,30.303107,POINT (-97.745549 30.303107)
455,,-97.7457803,30.3032176,POINT (-97.7457803 30.3032176)
456,,-97.7450293,30.3038542,POINT (-97.7450293 30.3038542)
457,,-97.744732,30.3026925,POINT (-97.744732 30.3026925)
458,,-97.795623,30.234282,POINT (-97.795623 30.234282)
459,,-97.7949826,30.2346555,POINT (-97.7949826 30.2346555)
460,,-97.7718475,30.277687,POINT (-97.7718475 30.277687)
461,,-97.7715003,30.277521,POINT (-97.7715003 30.277521)
462,,-97.7723593,30.277963,POINT (-97.7723593 30.277963)
463,,-97.795998,30.234592,POINT (-97.795998 30.234592)
464,,-97.7372726,30.415205,POINT (-97.7372726 30.415205)
465,,-97.7380069,30.4155372,POINT (-97.7380069 30.4155372)
466,,-97.7351215,30.4141584,POINT (-97.7351215 30.4141584)
467,,-97.7335402,30.2870723,POINT (-97.7335402 30.2870723)
468,,-97.7345738,30.288887,POINT (-97.7345738 30.288887)
469,,-97.7336959,30.2853162,POINT (-97.7336959 30.2853162)
470,,-97.8931303,30.2566896,POINT (-97.8931303 30.2566896)
471,,-97.891908,30.256406,POINT (-97.891908 30.256406)
472,,-97.8945107,30.2570914,POINT (-97.8945107 30.2570914)
473,,-97.7988845,30.3810581,POINT (-97.7988845 30.3810581)
474,,-97.7983238,30.3800634,POINT (-97.7983238 30.3800634)
475,,-97.7989917,30.3814481,POINT (-97.7989917 30.3814481)
476,,-97.7501084,30.236947,POINT (-97.7501084 30.236947)
477,,-97.748804,30.236704,POINT (-97.748804 30.236704)
478,,-97.7535743,30.2387905,POINT (-97.7535743 30.2387905)
479,,-97.7490533,30.2362553,POINT (-97.7490533 30.2362553)
480,,-97.7481143,30.236615,POINT (-97.7481143 30.236615)
481,,-97.7384343,30.2376773,POINT (-97.7384343 30.2376773)
482,,-97.7377958,30.2392959,POINT (-97.7377958 30.2392959)
483,,-97.7485779,30.2373468,POINT (-97.7485779 30.2373468)
484,,-97.7437055,30.2346688,POINT (-97.7437055 30.2346688)
485,,-97.7421011,30.2339596,POINT (-97.7421011 30.2339596)
486,,-97.7472392,30.2364087,POINT (-97.7472392 30.2364087)
487,,-97.741777,30.2339256,POINT (-97.741777 30.2339256)
488,,-97.7419246,30.233957,POINT (-97.7419246 30.233957)
489,,-97.7418111,30.2341037,POINT (-97.7418111 30.2341037)
490,,-97.7404995,30.2336102,POINT (-97.7404995 30.2336102)
491,,-97.7401686,30.2335302,POINT (-97.7401686 30.2335302)
492,,-97.7403178,30.2339728,POINT (-97.7403178 30.2339728)
493,,-97.741652,30.23385,POINT (-97.741652 30.23385)
494,,-97.7379747,30.2327406,POINT (-97.7379747 30.2327406)
495,,-97.7379219,30.2327223,POINT (-97.7379219 30.2327223)
496,,-97.7365006,30.2406527,POINT (-97.7365006 30.2406527)
497,,-97.7369129,30.2323573,POINT (-97.7369129 30.2323573)
498,,-97.7369618,30.2322792,POINT (-97.7369618 30.2322792)
499,,-97.7358724,30.2340339,POINT (-97.7358724 30.2340339)
500,,-97.7336939,30.2309469,POINT (-97.7336939 30.2309469)
501,,-97.730662,30.234513,POINT (-97.730662 30.234513)
502,,-97.7315928,30.2300251,POINT (-97.7315928 30.2300251)
503,,-97.7357372,30.2314991,POINT (-97.7357372 30.2314991)
504,,-97.6916584,30.2508816,POINT (-97.6916584 30.2508816)
505,,-97.6910063,30.2496303,POINT (-97.6910063 30.2496303)
506,,-97.7309813,30.2297285,POINT (-97.7309813 30.2297285)
507,,-97.7299191,30.2313901,POINT (-97.7299191 30.2313901)
508,,-97.7278345,30.227503,POINT (-97.7278345 30.227503)
509,,-97.7259368,30.2266004,POINT (-97.7259368 30.2266004)
510,,-97.7243584,30.2256098,POINT (-97.7243584 30.2256098)
511,,-97.727695,30.2274425,POINT (-97.727695 30.2274425)
512,,-97.7230012,30.2242007,POINT (-97.7230012 30.2242007)
513,,-97.6919935,30.2530319,POINT (-97.6919935 30.2530319)
514,,-97.7218524,30.2271535,POINT (-97.7218524 30.2271535)
515,,-97.7223091,30.2230975,POINT (-97.7223091 30.2230975)
516,,-97.7215426,30.2219545,POINT (-97.7215426 30.2219545)
517,,-97.718603,30.219063,POINT (-97.718603 30.219063)
518,,-97.710394,30.2151,POINT (-97.710394 30.2151)
519,,-97.7500089,30.350087,POINT (-97.7500089 30.350087)
520,,-97.7507416,30.3481356,POINT (-97.7507416 30.3481356)
521,,-97.7788705,30.4129866,POINT (-97.7788705 30.4129866)
522,,-97.778597,30.4125563,POINT (-97.778597 30.4125563)
523,,-97.7792069,30.4139557,POINT (-97.7792069 30.4139557)
524,,-97.7506424,30.3473424,POINT (-97.7506424 30.3473424)
525,,-97.7286596,30.3741469,POINT (-97.7286596 30.3741469)
526,,-97.7235066,30.3716738,POINT (-97.7235066 30.3716738)
527,,-97.7759063,30.4165951,POINT (-97.7759063 30.4165951)
528,,-97.7777639,30.4158525,POINT (-97.7777639 30.4158525)
529,,-97.775251,30.4179434,POINT (-97.775251 30.4179434)
530,,-97.7433383,30.3863316,POINT (-97.7433383 30.3863316)
531,,-97.7460549,30.3919879,POINT (-97.7460549 30.3919879)
532,,-97.7089916,30.377607,POINT (-97.7089916 30.377607)
533,,-97.7082544,30.3778604,POINT (-97.7082544 30.3778604)
534,,-97.709578,30.3773118,POINT (-97.709578 30.3773118)
535,,-97.7073885,30.378154,POINT (-97.7073885 30.378154)
536,,-97.7462479,30.4009309,POINT (-97.7462479 30.4009309)
537,,-97.7067624,30.3791122,POINT (-97.7067624 30.3791122)
538,,-97.745439,30.4007814,POINT (-97.745439 30.4007814)
539,,-97.7453273,30.4018768,POINT (-97.7453273 30.4018768)
540,,-97.745105,30.4040414,POINT (-97.745105 30.4040414)
541,,-97.7856998,30.2500123,POINT (-97.7856998 30.2500123)
542,,-97.7855648,30.2508641,POINT (-97.7855648 30.2508641)
543,,-97.7857323,30.2489164,POINT (-97.7857323 30.2489164)
544,,-97.7460416,30.3936793,POINT (-97.7460416 30.3936793)
545,,-97.7460285,30.3940354,POINT (-97.7460285 30.3940354)
546,,-97.7456878,30.3940195,POINT (-97.7456878 30.3940195)
547,,-97.7822969,30.2436296,POINT (-97.7822969 30.2436296)
548,,-97.7816886,30.2426276,POINT (-97.7816886 30.2426276)
549,,-97.7830483,30.2445792,POINT (-97.7830483 30.2445792)
550,,-97.781344,30.2443036,POINT (-97.781344 30.2443036)
551,,-97.7839578,30.2424206,POINT (-97.7839578 30.2424206)
552,,-97.7469233,30.3937142,POINT (-97.7469233 30.3937142)
553,,-97.7840657,30.2458198,POINT (-97.7840657 30.2458198)
554,,-97.7844762,30.2463313,POINT (-97.7844762 30.2463313)
555,,-97.784634,30.2465318,POINT (-97.784634 30.2465318)
556,,-97.7823821,30.2478991,POINT (-97.7823821 30.2478991)
557,,-97.6743776,30.4020598,POINT (-97.6743776 30.4020598)
558,,-97.785045,30.247306,POINT (-97.785045 30.247306)
559,,-97.785469,30.248167,POINT (-97.785469 30.248167)
560,,-97.6718278,30.4223027,POINT (-97.6718278 30.4223027)
561,,-97.785359,30.251853,POINT (-97.785359 30.251853)
562,,-97.7851892,30.2529906,POINT (-97.7851892 30.2529906)
563,,-97.6746509,30.4031432,POINT (-97.6746509 30.4031432)
564,,-97.6747975,30.405015,POINT (-97.6747975 30.405015)
565,,-97.786418,30.252837,POINT (-97.786418 30.252837)
566,,-97.783514,30.253337,POINT (-97.783514 30.253337)
567,,-97.788371,30.258753,POINT (-97.788371 30.258753)
568,,-97.7887674,30.2601816,POINT (-97.7887674 30.2601816)
569,,-97.7875546,30.2579162,POINT (-97.7875546 30.2579162)
570,,-97.7892731,30.2622866,POINT (-97.7892731 30.2622866)
571,,-97.7898797,30.263385,POINT (-97.7898797 30.263385)
572,,-97.786408,30.2639217,POINT (-97.786408 30.2639217)
573,,-97.8037292,30.4792886,POINT (-97.8037292 30.4792886)
574,,-97.8474819,30.3916971,POINT (-97.8474819 30.3916971)
575,,-97.8457047,30.3941809,POINT (-97.8457047 30.3941809)
576,,-97.6734666,30.4032901,POINT (-97.6734666 30.4032901)
577,,-97.7685038,30.235528,POINT (-97.7685038 30.235528)
578,,-97.767622,30.237046,POINT (-97.767622 30.237046)
579,,-97.7695322,30.2337044,POINT (-97.7695322 30.2337044)
580,,-97.662364,30.317197,POINT (-97.662364 30.317197)
581,,-97.662689,30.316632,POINT (-97.662689 30.316632)
582,,-97.6799668,30.2801477,POINT (-97.6799668 30.2801477)
583,,-97.6784714,30.2811473,POINT (-97.6784714 30.2811473)
584,,-97.6807868,30.279841,POINT (-97.6807868 30.279841)
585,,-97.6873119,30.3583156,POINT (-97.6873119 30.3583156)
586,,-97.7345512,30.2911091,POINT (-97.7345512 30.2911091)
587,,-97.7344215,30.2914471,POINT (-97.7344215 30.2914471)
588,,-97.7415348,30.2334539,POINT (-97.7415348 30.2334539)
589,,-97.7436779,30.2303016,POINT (-97.7436779 30.2303016)
590,,-97.768779,30.295863,POINT (-97.768779 30.295863)
591,,-97.76996,30.293992,POINT (-97.76996 30.293992)
592,,-97.7682464,30.2966718,POINT (-97.7682464 30.2966718)
593,,-97.7462419,30.2254669,POINT (-97.7462419 30.2254669)
594,,-97.7456087,30.3605033,POINT (-97.7456087 30.3605033)
595,,-97.7461487,30.3588932,POINT (-97.7461487 30.3588932)
596,,-97.7742888,30.2989558,POINT (-97.7742888 30.2989558)
597,,-97.7747769,30.2981615,POINT (-97.7747769 30.2981615)
598,,-97.7460618,30.3613274,POINT (-97.7460618 30.3613274)
599,,-97.7738891,30.2997293,POINT (-97.7738891 30.2997293)
600,,-97.7452733,30.3612207,POINT (-97.7452733 30.3612207)
601,,-97.7963804,30.2349235,POINT (-97.7963804 30.2349235)
602,,-97.7970621,30.2340114,POINT (-97.7970621 30.2340114)
603,,-97.6690327,30.2735881,POINT (-97.6690327 30.2735881)
604,,-97.6696297,30.2712012,POINT (-97.6696297 30.2712012)
605,,-97.8063384,30.226802,POINT (-97.8063384 30.226802)
606,,-97.8055241,30.2264031,POINT (-97.8055241 30.2264031)
607,,-97.7555324,30.2663926,POINT (-97.7555324 30.2663926)
608,,-97.7553554,30.266864,POINT (-97.7553554 30.266864)
609,,-97.7027147,30.3850194,POINT (-97.7027147 30.3850194)
610,,-97.7007073,30.3840413,POINT (-97.7007073 30.3840413)
611,,-97.7054735,30.386352,POINT (-97.7054735 30.386352)
612,,-97.7535209,30.2659923,POINT (-97.7535209 30.2659923)
613,,-97.7002492,30.3885131,POINT (-97.7002492 30.3885131)
614,,-97.6986805,30.3876064,POINT (-97.6986805 30.3876064)
615,,-97.7569845,30.26686,POINT (-97.7569845 30.26686)
616,,-97.7553264,30.2669423,POINT (-97.7553264 30.2669423)
617,,-97.7704076,30.2932362,POINT (-97.7704076 30.2932362)
618,,-97.7559117,30.2672502,POINT (-97.7559117 30.2672502)
619,,-97.7556943,30.2677581,POINT (-97.7556943 30.2677581)
620,,-97.755434,30.2673351,POINT (-97.755434 30.2673351)
621,,-97.7754904,30.2963713,POINT (-97.7754904 30.2963713)
622,,-97.775934,30.295566,POINT (-97.775934 30.295566)
623,,-97.775132,30.297239,POINT (-97.775132 30.297239)
624,,-97.715838,30.303088,POINT (-97.715838 30.303088)
625,,-97.7159891,30.3036147,POINT (-97.7159891 30.3036147)
626,,-97.8498338,30.2079672,POINT (-97.8498338 30.2079672)
627,,-97.8504181,30.2073102,POINT (-97.8504181 30.2073102)
628,,-97.7143844,30.3033453,POINT (-97.7143844 30.3033453)
629,,-97.7150486,30.302314,POINT (-97.7150486 30.302314)
630,,-97.8491936,30.2085241,POINT (-97.8491936 30.2085241)
631,,-97.7395483,30.2768648,POINT (-97.7395483 30.2768648)
632,,-97.7395055,30.2769777,POINT (-97.7395055 30.2769777)
633,,-97.7382038,30.2764919,POINT (-97.7382038 30.2764919)
634,,-97.7128763,30.3060603,POINT (-97.7128763 30.3060603)
635,,-97.737135,30.2761936,POINT (-97.737135 30.2761936)
636,,-97.7360734,30.2758995,POINT (-97.7360734 30.2758995)
637,,-97.7374515,30.2752843,POINT (-97.7374515 30.2752843)
638,,-97.7360369,30.2760034,POINT (-97.7360369 30.2760034)
639,,-97.7338819,30.2753446,POINT (-97.7338819 30.2753446)
640,,-97.7317846,30.2747245,POINT (-97.7317846 30.2747245)
641,,-97.7318867,30.2744074,POINT (-97.7318867 30.2744074)
642,,-97.7309856,30.2746056,POINT (-97.7309856 30.2746056)
643,,-97.8448593,30.3989334,POINT (-97.8448593 30.3989334)
644,,-97.8449646,30.3989888,POINT (-97.8449646 30.3989888)
645,,-97.714192,30.3040325,POINT (-97.714192 30.3040325)
646,,-97.7113402,30.3091978,POINT (-97.7113402 30.3091978)
647,,-97.7114914,30.3082707,POINT (-97.7114914 30.3082707)
648,,-97.7553773,30.3356061,POINT (-97.7553773 30.3356061)
649,,-97.7530348,30.3414844,POINT (-97.7530348 30.3414844)
650,,-97.6988295,30.397301,POINT (-97.6988295 30.397301)
651,,-97.699623,30.3973102,POINT (-97.699623 30.3973102)
652,,-97.6965886,30.3966767,POINT (-97.6965886 30.3966767)
653,,-97.7566356,30.3214911,POINT (-97.7566356 30.3214911)
654,,-97.7564856,30.3210548,POINT (-97.7564856 30.3210548)
655,,-97.6984539,30.3916628,POINT (-97.6984539 30.3916628)
656,,-97.6989293,30.3920243,POINT (-97.6989293 30.3920243)
657,,-97.6975108,30.390943,POINT (-97.6975108 30.390943)
658,,-97.7563924,30.3184924,POINT (-97.7563924 30.3184924)
659,,-97.6776354,30.2817899,POINT (-97.6776354 30.2817899)
660,,-97.6765629,30.2825041,POINT (-97.6765629 30.2825041)
661,,-97.7570084,30.3133956,POINT (-97.7570084 30.3133956)
662,,-97.6732598,30.3142097,POINT (-97.6732598 30.3142097)
663,,-97.67402,30.314967,POINT (-97.67402 30.314967)
664,,-97.671846,30.312966,POINT (-97.671846 30.312966)
665,,-97.7298489,30.2367088,POINT (-97.7298489 30.2367088)
666,,-97.7284796,30.2359602,POINT (-97.7284796 30.2359602)
667,,-97.696712,30.319938,POINT (-97.696712 30.319938)
668,,-97.6964812,30.3201517,POINT (-97.6964812 30.3201517)
669,,-97.7312197,30.2375773,POINT (-97.7312197 30.2375773)
670,,-97.7643077,30.1974738,POINT (-97.7643077 30.1974738)
671,,-97.6973845,30.3193158,POINT (-97.6973845 30.3193158)
672,,-97.770072,30.1903144,POINT (-97.770072 30.1903144)
673,,-97.7698642,30.190569,POINT (-97.7698642 30.190569)
674,,-97.7708096,30.1907718,POINT (-97.7708096 30.1907718)
675,,-97.7958576,30.1395846,POINT (-97.7958576 30.1395846)
676,,-97.795515,30.1405345,POINT (-97.795515 30.1405345)
677,,-97.785529,30.165673,POINT (-97.785529 30.165673)
678,,-97.7853382,30.166246,POINT (-97.7853382 30.166246)
679,,-97.7898655,30.1575386,POINT (-97.7898655 30.1575386)
680,,-97.7875394,30.1564119,POINT (-97.7875394 30.1564119)
681,,-97.7887925,30.1610595,POINT (-97.7887925 30.1610595)
682,,-97.790583,30.155082,POINT (-97.790583 30.155082)
683,,-97.790224,30.1564177,POINT (-97.790224 30.1564177)
684,,-97.7919145,30.2622558,POINT (-97.7919145 30.2622558)
685,,-97.7947023,30.2602241,POINT (-97.7947023 30.2602241)
686,,-97.7357832,30.2481119,POINT (-97.7357832 30.2481119)
687,,-97.7357815,30.2479888,POINT (-97.7357815 30.2479888)
688,,-97.7365081,30.2484411,POINT (-97.7365081 30.2484411)
689,,-97.735583,30.243975,POINT (-97.735583 30.243975)
690,,-97.7360607,30.2430684,POINT (-97.7360607 30.2430684)
691,,-97.737416,30.2410611,POINT (-97.737416 30.2410611)
692,,-97.7386551,30.2387114,POINT (-97.7386551 30.2387114)
693,,-97.7393647,30.2422602,POINT (-97.7393647 30.2422602)
694,,-97.7392708,30.2376969,POINT (-97.7392708 30.2376969)
695,,-97.739838,30.2367521,POINT (-97.739838 30.2367521)
696,,-97.7976912,30.2588772,POINT (-97.7976912 30.2588772)
697,,-97.7417935,30.2336021,POINT (-97.7417935 30.2336021)
698,,-97.7446162,30.228724,POINT (-97.7446162 30.228724)
699,,-97.7451122,30.2279169,POINT (-97.7451122 30.2279169)
700,,-97.7477285,30.2235107,POINT (-97.7477285 30.2235107)
701,,-97.7470662,30.2229845,POINT (-97.7470662 30.2229845)
702,,-97.7521895,30.225858,POINT (-97.7521895 30.225858)
703,,-97.7514686,30.2174921,POINT (-97.7514686 30.2174921)
704,,-97.7578395,30.2054514,POINT (-97.7578395 30.2054514)
705,,-97.7537808,30.2114808,POINT (-97.7537808 30.2114808)
706,,-97.7539472,30.2032818,POINT (-97.7539472 30.2032818)
707,,-97.7998243,30.2573929,POINT (-97.7998243 30.2573929)
708,,-97.7633941,30.1985441,POINT (-97.7633941 30.1985441)
709,,-97.763309,30.198655,POINT (-97.763309 30.198655)
710,,-97.7636718,30.1981822,POINT (-97.7636718 30.1981822)
711,,-97.764488,30.198688,POINT (-97.764488 30.198688)
712,,-97.7633658,30.197947,POINT (-97.7633658 30.197947)
713,,-97.763947,30.197869,POINT (-97.763947 30.197869)
714,,-97.7891252,30.1622318,POINT (-97.7891252 30.1622318)
715,,-97.7895931,30.1610009,POINT (-97.7895931 30.1610009)
716,,-97.746283,30.4006035,POINT (-97.746283 30.4006035)
717,,-97.7466445,30.4006747,POINT (-97.7466445 30.4006747)
718,,-97.7484352,30.4007667,POINT (-97.7484352 30.4007667)
719,,-97.8103087,30.1953712,POINT (-97.8103087 30.1953712)
720,,-97.8106032,30.1948898,POINT (-97.8106032 30.1948898)
721,,-97.8094676,30.1966738,POINT (-97.8094676 30.1966738)
722,,-97.746925,30.3178589,POINT (-97.746925 30.3178589)
723,,-97.7476568,30.3182476,POINT (-97.7476568 30.3182476)
724,,-97.746113,30.3174521,POINT (-97.746113 30.3174521)
725,,-97.7450791,30.4003692,POINT (-97.7450791 30.4003692)
726,,-97.7454786,30.4004277,POINT (-97.7454786 30.4004277)
727,,-97.7606237,30.1837114,POINT (-97.7606237 30.1837114)
728,,-97.7610797,30.1829884,POINT (-97.7610797 30.1829884)
729,,-97.7602376,30.1843572,POINT (-97.7602376 30.1843572)
730,,-97.6744858,30.3799951,POINT (-97.6744858 30.3799951)
731,,-97.6735892,30.3821068,POINT (-97.6735892 30.3821068)
732,,-97.7204196,30.395261,POINT (-97.7204196 30.395261)
733,,-97.7218267,30.3957925,POINT (-97.7218267 30.3957925)
734,,-97.7205306,30.3949396,POINT (-97.7205306 30.3949396)
735,,-97.7193847,30.3983003,POINT (-97.7193847 30.3983003)
736,,-97.7201119,30.3951174,POINT (-97.7201119 30.3951174)
737,,-97.6938159,30.3825244,POINT (-97.6938159 30.3825244)
738,,-97.6876638,30.3795769,POINT (-97.6876638 30.3795769)
739,,-97.6941373,30.3826291,POINT (-97.6941373 30.3826291)
740,,-97.6947984,30.3826718,POINT (-97.6947984 30.3826718)
741,,-97.673376,30.382952,POINT (-97.673376 30.382952)
742,,-97.697871,30.3827206,POINT (-97.697871 30.3827206)
743,,-97.6986502,30.3830336,POINT (-97.6986502 30.3830336)
744,,-97.6972119,30.3838877,POINT (-97.6972119 30.3838877)
745,,-97.6979587,30.3817675,POINT (-97.6979587 30.3817675)
746,,-97.7003269,30.3838557,POINT (-97.7003269 30.3838557)
747,,-97.679676,30.370851,POINT (-97.679676 30.370851)
748,,-97.7058713,30.3865424,POINT (-97.7058713 30.3865424)
749,,-97.706265,30.386743,POINT (-97.706265 30.386743)
750,,-97.6783206,30.3729607,POINT (-97.6783206 30.3729607)
751,,-97.7139867,30.3908146,POINT (-97.7139867 30.3908146)
752,,-97.7140635,30.390928,POINT (-97.7140635 30.390928)
753,,-97.7127,30.3919805,POINT (-97.7127 30.3919805)
754,,-97.7136168,30.3903324,POINT (-97.7136168 30.3903324)
755,,-97.7149142,30.3923071,POINT (-97.7149142 30.3923071)
756,,-97.7173708,30.393792,POINT (-97.7173708 30.393792)
757,,-97.750876,30.2883851,POINT (-97.750876 30.2883851)
758,,-97.7504417,30.2883524,POINT (-97.7504417 30.2883524)
759,,-97.7514874,30.2884328,POINT (-97.7514874 30.2884328)
760,,-97.7392281,30.3800669,POINT (-97.7392281 30.3800669)
761,,-97.7344577,30.3772033,POINT (-97.7344577 30.3772033)
762,,-97.7493686,30.288266,POINT (-97.7493686 30.288266)
763,,-97.742979,30.3837077,POINT (-97.742979 30.3837077)
764,,-97.740989,30.3805846,POINT (-97.740989 30.3805846)
765,,-97.8106802,30.430865,POINT (-97.8106802 30.430865)
766,,-97.8110349,30.4318408,POINT (-97.8110349 30.4318408)
767,,-97.8107395,30.4298815,POINT (-97.8107395 30.4298815)
768,,-97.7374604,30.3808111,POINT (-97.7374604 30.3808111)
769,,-97.7400742,30.3749653,POINT (-97.7400742 30.3749653)
770,,-97.7858337,30.1896794,POINT (-97.7858337 30.1896794)
771,,-97.7862559,30.1889984,POINT (-97.7862559 30.1889984)
772,,-97.7851871,30.1904953,POINT (-97.7851871 30.1904953)
773,,-97.8577635,30.2337292,POINT (-97.8577635 30.2337292)
774,,-97.8569752,30.2327993,POINT (-97.8569752 30.2327993)
775,,-97.857752,30.2349515,POINT (-97.857752 30.2349515)
776,,-97.7388707,30.3785796,POINT (-97.7388707 30.3785796)
777,,-97.6847112,30.3061919,POINT (-97.6847112 30.3061919)
778,,-97.684467,30.306068,POINT (-97.684467 30.306068)
779,,-97.685518,30.306571,POINT (-97.685518 30.306571)
780,,-97.7366163,30.3826506,POINT (-97.7366163 30.3826506)
781,,-97.6829175,30.3101587,POINT (-97.6829175 30.3101587)
782,,-97.6825922,30.3099993,POINT (-97.6825922 30.3099993)
783,,-97.684508,30.310935,POINT (-97.684508 30.310935)
784,,-97.6842906,30.3017967,POINT (-97.6842906 30.3017967)
785,,-97.683031,30.302972,POINT (-97.683031 30.302972)
786,,-97.6851014,30.3010136,POINT (-97.6851014 30.3010136)
787,,-97.7357848,30.386405,POINT (-97.7357848 30.386405)
788,,-97.7360712,30.3852988,POINT (-97.7360712 30.3852988)
789,,-97.68313,30.305419,POINT (-97.68313 30.305419)
790,,-97.70635,30.3216869,POINT (-97.70635 30.3216869)
791,,-97.7060929,30.3227012,POINT (-97.7060929 30.3227012)
792,,-97.7981612,30.4291217,POINT (-97.7981612 30.4291217)
793,,-97.79732,30.428744,POINT (-97.79732 30.428744)
794,,-97.8000477,30.4310221,POINT (-97.8000477 30.4310221)
795,,-97.7058723,30.3217959,POINT (-97.7058723 30.3217959)
796,,-97.687029,30.3216425,POINT (-97.687029 30.3216425)
797,,-97.6960639,30.3215139,POINT (-97.6960639 30.3215139)
798,,-97.7613869,30.4254575,POINT (-97.7613869 30.4254575)
799,,-97.760909,30.426239,POINT (-97.760909 30.426239)
800,,-97.761868,30.424685,POINT (-97.761868 30.424685)
801,,-97.684559,30.3220553,POINT (-97.684559 30.3220553)
802,,-97.6853084,30.3219393,POINT (-97.6853084 30.3219393)
803,,-97.7564381,30.2545929,POINT (-97.7564381 30.2545929)
804,,-97.7563737,30.2547262,POINT (-97.7563737 30.2547262)
805,,-97.7568577,30.2538377,POINT (-97.7568577 30.2538377)
806,,-97.8743901,30.23333,POINT (-97.8743901 30.23333)
807,,-97.8721135,30.2339413,POINT (-97.8721135 30.2339413)
808,,-97.7576985,30.2552163,POINT (-97.7576985 30.2552163)
809,,-97.7581792,30.2544651,POINT (-97.7581792 30.2544651)
810,,-97.7573209,30.2557931,POINT (-97.7573209 30.2557931)
811,,-97.7561443,30.2552315,POINT (-97.7561443 30.2552315)
812,,-97.7083934,30.4124184,POINT (-97.7083934 30.4124184)
813,,-97.707731,30.4131354,POINT (-97.707731 30.4131354)
814,,-97.7758338,30.393182,POINT (-97.7758338 30.393182)
815,,-97.7761603,30.3920506,POINT (-97.7761603 30.3920506)
816,,-97.7754303,30.3938597,POINT (-97.7754303 30.3938597)
817,,-97.8480352,30.3908156,POINT (-97.8480352 30.3908156)
818,,-97.7067592,30.4136003,POINT (-97.7067592 30.4136003)
819,,-97.6710657,30.312511,POINT (-97.6710657 30.312511)
820,,-97.7300779,30.2783785,POINT (-97.7300779 30.2783785)
821,,-97.7312083,30.2757829,POINT (-97.7312083 30.2757829)
822,,-97.6960965,30.2611257,POINT (-97.6960965 30.2611257)
823,,-97.6952471,30.2607322,POINT (-97.6952471 30.2607322)
824,,-97.6980188,30.2612715,POINT (-97.6980188 30.2612715)
825,,-97.7576336,30.3068829,POINT (-97.7576336 30.3068829)
826,,-97.7559746,30.3084371,POINT (-97.7559746 30.3084371)
827,,-97.7569533,30.3103155,POINT (-97.7569533 30.3103155)
828,,-97.7553993,30.3086829,POINT (-97.7553993 30.3086829)
829,,-97.7386857,30.3420049,POINT (-97.7386857 30.3420049)
830,,-97.7383562,30.3437697,POINT (-97.7383562 30.3437697)
831,,-97.7391365,30.3391728,POINT (-97.7391365 30.3391728)
832,,-97.755886,30.3087536,POINT (-97.755886 30.3087536)
833,,-97.7454751,30.3448718,POINT (-97.7454751 30.3448718)
834,,-97.7451327,30.3459357,POINT (-97.7451327 30.3459357)
835,,-97.7457244,30.3440119,POINT (-97.7457244 30.3440119)
836,,-97.742013,30.244023,POINT (-97.742013 30.244023)
837,,-97.742164,30.243586,POINT (-97.742164 30.243586)
838,,-97.741786,30.244667,POINT (-97.741786 30.244667)
839,,-97.8481808,30.3901987,POINT (-97.8481808 30.3901987)
840,,-97.7549329,30.3086125,POINT (-97.7549329 30.3086125)
841,,-97.7129837,30.3048433,POINT (-97.7129837 30.3048433)
842,,-97.712642,30.3053929,POINT (-97.712642 30.3053929)
843,,-97.7856137,30.2251799,POINT (-97.7856137 30.2251799)
844,,-97.784654,30.2247163,POINT (-97.784654 30.2247163)
845,,-97.7862905,30.2260769,POINT (-97.7862905 30.2260769)
846,,-97.8093684,30.2434689,POINT (-97.8093684 30.2434689)
847,,-97.8023002,30.2520735,POINT (-97.8023002 30.2520735)
848,,-97.8063497,30.245015,POINT (-97.8063497 30.245015)
849,,-97.67998,30.332432,POINT (-97.67998 30.332432)
850,,-97.6806364,30.3303642,POINT (-97.6806364 30.3303642)
851,,-97.6802911,30.3342747,POINT (-97.6802911 30.3342747)
852,,-97.6789146,30.335743,POINT (-97.6789146 30.335743)
853,,-97.6768592,30.336422,POINT (-97.6768592 30.336422)
854,,-97.6805222,30.3351906,POINT (-97.6805222 30.3351906)
855,,-97.7102479,30.3094568,POINT (-97.7102479 30.3094568)
856,,-97.7083092,30.3126764,POINT (-97.7083092 30.3126764)
857,,-97.7568251,30.3919671,POINT (-97.7568251 30.3919671)
858,,-97.7546752,30.3947504,POINT (-97.7546752 30.3947504)
859,,-97.7547335,30.3948466,POINT (-97.7547335 30.3948466)
860,,-97.7537668,30.3948872,POINT (-97.7537668 30.3948872)
861,,-97.7076041,30.3155689,POINT (-97.7076041 30.3155689)
862,,-97.7521532,30.3944255,POINT (-97.7521532 30.3944255)
863,,-97.7589243,30.3913167,POINT (-97.7589243 30.3913167)
864,,-97.759777,30.3880316,POINT (-97.759777 30.3880316)
865,,-97.759772,30.3882622,POINT (-97.759772 30.3882622)
866,,-97.7535245,30.388065,POINT (-97.7535245 30.388065)
867,,-97.7537566,30.3949898,POINT (-97.7537566 30.3949898)
868,,-97.7496843,30.3941358,POINT (-97.7496843 30.3941358)
869,,-97.749763,30.3942655,POINT (-97.749763 30.3942655)
870,,-97.7473106,30.3940855,POINT (-97.7473106 30.3940855)
871,,-97.745485,30.39413,POINT (-97.745485 30.39413)
872,,-97.7460131,30.3941436,POINT (-97.7460131 30.3941436)
873,,-97.7719233,30.1887913,POINT (-97.7719233 30.1887913)
874,,-97.7750755,30.1844186,POINT (-97.7750755 30.1844186)
875,,-97.7459725,30.3944161,POINT (-97.7459725 30.3944161)
876,,-97.7889192,30.2806893,POINT (-97.7889192 30.2806893)
877,,-97.7876126,30.282922,POINT (-97.7876126 30.282922)
878,,-97.7819377,30.1735853,POINT (-97.7819377 30.1735853)
879,,-97.8585097,30.2111631,POINT (-97.8585097 30.2111631)
880,,-97.8614057,30.2085784,POINT (-97.8614057 30.2085784)
881,,-97.836292,30.253403,POINT (-97.836292 30.253403)
882,,-97.8354652,30.2529647,POINT (-97.8354652 30.2529647)
883,,-97.837038,30.253828,POINT (-97.837038 30.253828)
884,,-97.8638723,30.2045965,POINT (-97.8638723 30.2045965)
885,,-97.8615483,30.20839,POINT (-97.8615483 30.20839)
886,,-97.8616182,30.208302,POINT (-97.8616182 30.208302)
887,,-97.7638192,30.1762303,POINT (-97.7638192 30.1762303)
888,,-97.7627221,30.1749295,POINT (-97.7627221 30.1749295)
889,,-97.760785,30.173544,POINT (-97.760785 30.173544)
890,,-97.8618062,30.2085009,POINT (-97.8618062 30.2085009)
891,,-97.7628053,30.1756599,POINT (-97.7628053 30.1756599)
892,,-97.7599112,30.1732739,POINT (-97.7599112 30.1732739)
893,,-97.7586157,30.1732692,POINT (-97.7586157 30.1732692)
894,,-97.8604969,30.2077305,POINT (-97.8604969 30.2077305)
895,,-97.7578539,30.1734733,POINT (-97.7578539 30.1734733)
896,,-97.7570684,30.173511,POINT (-97.7570684 30.173511)
897,,-97.7560885,30.1735602,POINT (-97.7560885 30.1735602)
898,,-97.7552135,30.1735715,POINT (-97.7552135 30.1735715)
899,,-97.7543954,30.1730613,POINT (-97.7543954 30.1730613)
900,,-97.7550028,30.1779057,POINT (-97.7550028 30.1779057)
901,,-97.7537151,30.1726818,POINT (-97.7537151 30.1726818)
902,,-97.8603238,30.2078501,POINT (-97.8603238 30.2078501)
903,,-97.7528392,30.1724005,POINT (-97.7528392 30.1724005)
904,,-97.7523401,30.1722282,POINT (-97.7523401 30.1722282)
905,,-97.7074302,30.3224552,POINT (-97.7074302 30.3224552)
906,,-97.7076751,30.3223941,POINT (-97.7076751 30.3223941)
907,,-97.7562079,30.2787894,POINT (-97.7562079 30.2787894)
908,,-97.7568972,30.2791202,POINT (-97.7568972 30.2791202)
909,,-97.7553569,30.2783784,POINT (-97.7553569 30.2783784)
910,,-97.7075086,30.3214088,POINT (-97.7075086 30.3214088)
911,,-97.754941,30.281171,POINT (-97.754941 30.281171)
912,,-97.7560778,30.2820193,POINT (-97.7560778 30.2820193)
913,,-97.7537444,30.2803331,POINT (-97.7537444 30.2803331)
914,,-97.6935455,30.3211046,POINT (-97.6935455 30.3211046)
915,,-97.6917928,30.3208409,POINT (-97.6917928 30.3208409)
916,,-97.6839431,30.3218155,POINT (-97.6839431 30.3218155)
917,,-97.7812554,30.4301919,POINT (-97.7812554 30.4301919)
918,,-97.7831069,30.4283367,POINT (-97.7831069 30.4283367)
919,,-97.6894844,30.3208281,POINT (-97.6894844 30.3208281)
920,,-97.79116,30.261234,POINT (-97.79116 30.261234)
921,,-97.850775,30.386163,POINT (-97.850775 30.386163)
922,,-97.850889,30.384257,POINT (-97.850889 30.384257)
923,,-97.7942621,30.260067,POINT (-97.7942621 30.260067)
924,,-97.7892052,30.2628875,POINT (-97.7892052 30.2628875)
925,,-97.7540764,30.2586452,POINT (-97.7540764 30.2586452)
926,,-97.7546091,30.2578035,POINT (-97.7546091 30.2578035)
927,,-97.7535077,30.2595565,POINT (-97.7535077 30.2595565)
928,,-97.8249372,30.250674,POINT (-97.8249372 30.250674)
929,,-97.8269333,30.2517682,POINT (-97.8269333 30.2517682)
930,,-97.7301074,30.2924951,POINT (-97.7301074 30.2924951)
931,,-97.7287495,30.2918494,POINT (-97.7287495 30.2918494)
932,,-97.7309784,30.2929116,POINT (-97.7309784 30.2929116)
933,,-97.7879727,30.1634911,POINT (-97.7879727 30.1634911)
934,,-97.7852964,30.1680141,POINT (-97.7852964 30.1680141)
935,,-97.767459,30.297941,POINT (-97.767459 30.297941)
936,,-97.76699,30.298688,POINT (-97.76699 30.298688)
937,,-97.799123,30.346652,POINT (-97.799123 30.346652)
938,,-97.79968,30.3457912,POINT (-97.79968 30.3457912)
939,,-97.7732943,30.3006214,POINT (-97.7732943 30.3006214)
940,,-97.7727374,30.3016906,POINT (-97.7727374 30.3016906)
941,,-97.7984094,30.348536,POINT (-97.7984094 30.348536)
942,,-97.7931508,30.3602047,POINT (-97.7931508 30.3602047)
943,,-97.7083332,30.3587827,POINT (-97.7083332 30.3587827)
944,,-97.7090877,30.3591271,POINT (-97.7090877 30.3591271)
945,,-97.7059018,30.3575095,POINT (-97.7059018 30.3575095)
946,,-97.7919153,30.359342,POINT (-97.7919153 30.359342)
947,,-97.7572326,30.3763268,POINT (-97.7572326 30.3763268)
948,,-97.7575719,30.3770743,POINT (-97.7575719 30.3770743)
949,,-97.7554646,30.3743538,POINT (-97.7554646 30.3743538)
950,,-97.7237136,30.4065831,POINT (-97.7237136 30.4065831)
951,,-97.7266446,30.4041934,POINT (-97.7266446 30.4041934)
952,,-97.8021086,30.4804087,POINT (-97.8021086 30.4804087)
953,,-97.8498112,30.3882086,POINT (-97.8498112 30.3882086)
954,,-97.7281157,30.4021663,POINT (-97.7281157 30.4021663)
955,,-97.7685671,30.3554892,POINT (-97.7685671 30.3554892)
956,,-97.769777,30.354732,POINT (-97.769777 30.354732)
957,,-97.7678456,30.3577226,POINT (-97.7678456 30.3577226)
958,,-97.7414455,30.2341681,POINT (-97.7414455 30.2341681)
959,,-97.6890232,30.3204656,POINT (-97.6890232 30.3204656)
960,,-97.6891918,30.3196155,POINT (-97.6891918 30.3196155)
961,,-97.7812982,30.2179047,POINT (-97.7812982 30.2179047)
962,,-97.7820866,30.2175104,POINT (-97.7820866 30.2175104)
963,,-97.7803559,30.2182391,POINT (-97.7803559 30.2182391)
964,,-97.7331535,30.2685403,POINT (-97.7331535 30.2685403)
965,,-97.7326147,30.2709794,POINT (-97.7326147 30.2709794)
966,,-97.7324804,30.270338,POINT (-97.7324804 30.270338)
967,,-97.718384,30.3683354,POINT (-97.718384 30.3683354)
968,,-97.716999,30.3698125,POINT (-97.716999 30.3698125)
969,,-97.7156281,30.3719362,POINT (-97.7156281 30.3719362)
970,,-97.7155727,30.3720249,POINT (-97.7155727 30.3720249)
971,,-97.7547592,30.4265312,POINT (-97.7547592 30.4265312)
972,,-97.7539087,30.4261118,POINT (-97.7539087 30.4261118)
973,,-97.7175124,30.3729564,POINT (-97.7175124 30.3729564)
974,,-97.7584537,30.4286017,POINT (-97.7584537 30.4286017)
975,,-97.6578994,30.2844302,POINT (-97.6578994 30.2844302)
976,,-97.6532146,30.2827936,POINT (-97.6532146 30.2827936)
977,,-97.6480526,30.2808326,POINT (-97.6480526 30.2808326)
978,,-97.6499504,30.2975426,POINT (-97.6499504 30.2975426)
979,,-97.647493,30.28238,POINT (-97.647493 30.28238)
980,,-97.645568,30.279944,POINT (-97.645568 30.279944)
981,,-97.747662,30.421886,POINT (-97.747662 30.421886)
982,,-97.643796,30.279258,POINT (-97.643796 30.279258)
983,,-97.6431651,30.279007,POINT (-97.6431651 30.279007)
984,,-97.637274,30.276794,POINT (-97.637274 30.276794)
985,,-97.6362993,30.2757183,POINT (-97.6362993 30.2757183)
986,,-97.7412308,30.226208,POINT (-97.7412308 30.226208)
987,,-97.7407159,30.2270204,POINT (-97.7407159 30.2270204)
988,,-97.7421276,30.224797,POINT (-97.7421276 30.224797)
989,,-97.774808,30.25062,POINT (-97.774808 30.25062)
990,,-97.77528,30.249887,POINT (-97.77528 30.249887)
991,,-97.7734754,30.2526289,POINT (-97.7734754 30.2526289)
992,,-97.7157835,30.3026185,POINT (-97.7157835 30.3026185)
993,,-97.704866,30.2865364,POINT (-97.704866 30.2865364)
994,,-97.7042044,30.2866437,POINT (-97.7042044 30.2866437)
995,,-97.7059599,30.2863734,POINT (-97.7059599 30.2863734)
996,,-97.7347452,30.2471217,POINT (-97.7347452 30.2471217)
997,,-97.7348802,30.2477855,POINT (-97.7348802 30.2477855)
998,,-97.734124,30.2476173,POINT (-97.734124 30.2476173)
999,,-97.8392601,30.2831439,POINT (-97.8392601 30.2831439)
1000,,-97.8384581,30.2837554,POINT (-97.8384581 30.2837554)
1001,,-97.839767,30.2827362,POINT (-97.839767 30.2827362)
1002,,-97.73363,30.2474095,POINT (-97.73363 30.2474095)
1003,,-97.7417081,30.3678208,POINT (-97.7417081 30.3678208)
1004,,-97.7452079,30.4190229,POINT (-97.7452079 30.4190229)
1005,,-97.7454073,30.4191387,POINT (-97.7454073 30.4191387)
1006,,-97.7418846,30.3682199,POINT (-97.7418846 30.3682199)
1007,,-97.851761,30.381743,POINT (-97.851761 30.381743)
1008,,-97.738639,30.36635,POINT (-97.738639 30.36635)
1009,,-97.7420785,30.195847,POINT (-97.7420785 30.195847)
1010,,-97.7426391,30.196128,POINT (-97.7426391 30.196128)
1011,,-97.7411175,30.1955528,POINT (-97.7411175 30.1955528)
1012,,-97.7430926,30.1939916,POINT (-97.7430926 30.1939916)
1013,,-97.7411198,30.1939361,POINT (-97.7411198 30.1939361)
1014,,-97.7988927,30.1741175,POINT (-97.7988927 30.1741175)
1015,,-97.7989619,30.1731423,POINT (-97.7989619 30.1731423)
1016,,-97.7978181,30.1766544,POINT (-97.7978181 30.1766544)
1017,,-97.7995135,30.1725629,POINT (-97.7995135 30.1725629)
1018,,-97.7996317,30.1724712,POINT (-97.7996317 30.1724712)
1019,,-97.8006699,30.1734523,POINT (-97.8006699 30.1734523)
1020,,-97.7442121,30.2643199,POINT (-97.7442121 30.2643199)
1021,,-97.7438534,30.2652726,POINT (-97.7438534 30.2652726)
1022,,-97.7445555,30.2633966,POINT (-97.7445555 30.2633966)
1023,,-97.7455295,30.264688,POINT (-97.7455295 30.264688)
1024,,-97.7458749,30.2637648,POINT (-97.7458749 30.2637648)
1025,,-97.7451736,30.2656393,POINT (-97.7451736 30.2656393)
1026,,-97.7466298,30.2649951,POINT (-97.7466298 30.2649951)
1027,,-97.7462743,30.265945,POINT (-97.7462743 30.265945)
1028,,-97.7476808,30.2652884,POINT (-97.7476808 30.2652884)
1029,,-97.747969,30.2643508,POINT (-97.747969 30.2643508)
1030,,-97.6406285,30.4000826,POINT (-97.6406285 30.4000826)
1031,,-97.6394491,30.4018993,POINT (-97.6394491 30.4018993)
1032,,-97.6316065,30.3760674,POINT (-97.6316065 30.3760674)
1033,,-97.6317245,30.3761275,POINT (-97.6317245 30.3761275)
1034,,-97.84588,30.3751,POINT (-97.84588 30.3751)
1035,,-97.847406,30.376252,POINT (-97.847406 30.376252)
1036,,-97.8452,30.374243,POINT (-97.8452 30.374243)
1037,,-97.7161727,30.2997835,POINT (-97.7161727 30.2997835)
1038,,-97.7154597,30.3004772,POINT (-97.7154597 30.3004772)
1039,,-97.71579,30.3004298,POINT (-97.71579 30.3004298)
1040,,-97.797375,30.227985,POINT (-97.797375 30.227985)
1041,,-97.79658,30.227978,POINT (-97.79658 30.227978)
1042,,-97.7987427,30.2267771,POINT (-97.7987427 30.2267771)
1043,,-97.7994868,30.2261687,POINT (-97.7994868 30.2261687)
1044,,-97.8002527,30.2255089,POINT (-97.8002527 30.2255089)
1045,,-97.7136878,30.2632295,POINT (-97.7136878 30.2632295)
1046,,-97.7133989,30.263219,POINT (-97.7133989 30.263219)
1047,,-97.7148057,30.2627131,POINT (-97.7148057 30.2627131)
1048,,-97.6757164,30.366196,POINT (-97.6757164 30.366196)
1049,,-97.6753657,30.365654,POINT (-97.6753657 30.365654)
1050,,-97.6772536,30.3669122,POINT (-97.6772536 30.3669122)
1051,,-97.7454305,30.213258,POINT (-97.7454305 30.213258)
1052,,-97.7440561,30.2157351,POINT (-97.7440561 30.2157351)
1053,,-97.7482458,30.2122876,POINT (-97.7482458 30.2122876)
1054,,-97.7473314,30.2101774,POINT (-97.7473314 30.2101774)
1055,,-97.749041,30.2109869,POINT (-97.749041 30.2109869)
1056,,-97.7531906,30.2027438,POINT (-97.7531906 30.2027438)
1057,,-97.7546451,30.2019899,POINT (-97.7546451 30.2019899)
1058,,-97.7510286,30.2078763,POINT (-97.7510286 30.2078763)
1059,,-97.7541913,30.2007178,POINT (-97.7541913 30.2007178)
1060,,-97.8060915,30.2667612,POINT (-97.8060915 30.2667612)
1061,,-97.806508,30.2660882,POINT (-97.806508 30.2660882)
1062,,-97.804937,30.268556,POINT (-97.804937 30.268556)
1063,,-97.6911585,30.3277333,POINT (-97.6911585 30.3277333)
1064,,-97.6885086,30.3258516,POINT (-97.6885086 30.3258516)
1065,,-97.687812,30.3269972,POINT (-97.687812 30.3269972)
1066,,-97.689329,30.3245991,POINT (-97.689329 30.3245991)
1067,,-97.7318963,30.2377018,POINT (-97.7318963 30.2377018)
1068,,-97.8032491,30.2558199,POINT (-97.8032491 30.2558199)
1069,,-97.8056202,30.2603511,POINT (-97.8056202 30.2603511)
1070,,-97.8037475,30.2554539,POINT (-97.8037475 30.2554539)
1071,,-97.8063983,30.2518854,POINT (-97.8063983 30.2518854)
1072,,-97.7329935,30.2381644,POINT (-97.7329935 30.2381644)
1073,,-97.9135963,30.186444,POINT (-97.9135963 30.186444)
1074,,-97.9132588,30.1862666,POINT (-97.9132588 30.1862666)
1075,,-97.9129131,30.1873609,POINT (-97.9129131 30.1873609)
1076,,-97.9149579,30.1883794,POINT (-97.9149579 30.1883794)
1077,,-97.6660364,30.4417876,POINT (-97.6660364 30.4417876)
1078,,-97.6645077,30.4442393,POINT (-97.6645077 30.4442393)
1079,,-97.6661852,30.4412539,POINT (-97.6661852 30.4412539)
1080,,-97.7043181,30.3746863,POINT (-97.7043181 30.3746863)
1081,,-97.7040865,30.3740536,POINT (-97.7040865 30.3740536)
1082,,-97.7457021,30.2436279,POINT (-97.7457021 30.2436279)
1083,,-97.746094,30.242983,POINT (-97.746094 30.242983)
1084,,-97.745358,30.2445363,POINT (-97.745358 30.2445363)
1085,,-97.8524502,30.3810065,POINT (-97.8524502 30.3810065)
1086,,-97.7263011,30.2534909,POINT (-97.7263011 30.2534909)
1087,,-97.7282998,30.2541955,POINT (-97.7282998 30.2541955)
1088,,-97.7250126,30.2530366,POINT (-97.7250126 30.2530366)
1089,,-97.7258852,30.2543848,POINT (-97.7258852 30.2543848)
1090,,-97.7254571,30.2553058,POINT (-97.7254571 30.2553058)
1091,,-97.7250382,30.2562067,POINT (-97.7250382 30.2562067)
1092,,-97.7246402,30.2571209,POINT (-97.7246402 30.2571209)
1093,,-97.7242114,30.2580216,POINT (-97.7242114 30.2580216)
1094,,-97.7232394,30.2576845,POINT (-97.7232394 30.2576845)
1095,,-97.7238036,30.258918,POINT (-97.7238036 30.258918)
1096,,-97.7252402,30.2583816,POINT (-97.7252402 30.2583816)
1097,,-97.7233949,30.2598087,POINT (-97.7233949 30.2598087)
1098,,-97.7230116,30.2606605,POINT (-97.7230116 30.2606605)
1099,,-97.7229493,30.2607896,POINT (-97.7229493 30.2607896)
1100,,-97.7225463,30.2616639,POINT (-97.7225463 30.2616639)
1101,,-97.7221338,30.262571,POINT (-97.7221338 30.262571)
1102,,-97.7240686,30.2632525,POINT (-97.7240686 30.2632525)
1103,,-97.7180444,30.2615813,POINT (-97.7180444 30.2615813)
1104,,-97.7217442,30.2633923,POINT (-97.7217442 30.2633923)
1105,,-97.721365,30.2641915,POINT (-97.721365 30.2641915)
1106,,-97.7209932,30.2649986,POINT (-97.7209932 30.2649986)
1107,,-97.720706,30.2656248,POINT (-97.720706 30.2656248)
1108,,-97.7205174,30.2660476,POINT (-97.7205174 30.2660476)
1109,,-97.7214366,30.2663727,POINT (-97.7214366 30.2663727)
1110,,-97.7193212,30.2656246,POINT (-97.7193212 30.2656246)
1111,,-97.7201608,30.2668275,POINT (-97.7201608 30.2668275)
1112,,-97.7198,30.267576,POINT (-97.7198 30.267576)
1113,,-97.719526,30.26819,POINT (-97.719526 30.26819)
1114,,-97.719009,30.2693435,POINT (-97.719009 30.2693435)
1115,,-97.7190504,30.2697123,POINT (-97.7190504 30.2697123)
1116,,-97.7187307,30.2697596,POINT (-97.7187307 30.2697596)
1117,,-97.7200379,30.2695588,POINT (-97.7200379 30.2695588)
1118,,-97.7192749,30.270729,POINT (-97.7192749 30.270729)
1119,,-97.719488,30.2717416,POINT (-97.719488 30.2717416)
1120,,-97.7197045,30.2727629,POINT (-97.7197045 30.2727629)
1121,,-97.7199144,30.2737663,POINT (-97.7199144 30.2737663)
1122,,-97.8104385,30.4336914,POINT (-97.8104385 30.4336914)
1123,,-97.8098657,30.4346313,POINT (-97.8098657 30.4346313)
1124,,-97.7201198,30.2747778,POINT (-97.7201198 30.2747778)
1125,,-97.7208697,30.2736055,POINT (-97.7208697 30.2736055)
1126,,-97.7188962,30.2739257,POINT (-97.7188962 30.2739257)
1127,,-97.7203227,30.2757745,POINT (-97.7203227 30.2757745)
1128,,-97.8110576,30.4327164,POINT (-97.8110576 30.4327164)
1129,,-97.7205411,30.2767876,POINT (-97.7205411 30.2767876)
1130,,-97.7207721,30.2778029,POINT (-97.7207721 30.2778029)
1131,,-97.7209889,30.2787831,POINT (-97.7209889 30.2787831)
1132,,-97.7212107,30.2797895,POINT (-97.7212107 30.2797895)
1133,,-97.7221978,30.2796116,POINT (-97.7221978 30.2796116)
1134,,-97.7202151,30.2799674,POINT (-97.7202151 30.2799674)
1135,,-97.7214453,30.2808056,POINT (-97.7214453 30.2808056)
1136,,-97.7216616,30.2817868,POINT (-97.7216616 30.2817868)
1137,,-97.7221291,30.2837953,POINT (-97.7221291 30.2837953)
1138,,-97.7211282,30.2839485,POINT (-97.7211282 30.2839485)
1139,,-97.7218556,30.2843895,POINT (-97.7218556 30.2843895)
1140,,-97.721881,30.2827812,POINT (-97.721881 30.2827812)
1141,,-97.7230737,30.2836334,POINT (-97.7230737 30.2836334)
1142,,-97.7605836,30.2374722,POINT (-97.7605836 30.2374722)
1143,,-97.7612546,30.2377752,POINT (-97.7612546 30.2377752)
1144,,-97.7593754,30.2369498,POINT (-97.7593754 30.2369498)
1145,,-97.6980039,30.3809217,POINT (-97.6980039 30.3809217)
1146,,-97.7769045,30.4100396,POINT (-97.7769045 30.4100396)
1147,,-97.7768616,30.4091467,POINT (-97.7768616 30.4091467)
1148,,-97.777169,30.410824,POINT (-97.777169 30.410824)
1149,,-97.8093195,30.2175007,POINT (-97.8093195 30.2175007)
1150,,-97.8107794,30.216928,POINT (-97.8107794 30.216928)
1151,,-97.8071378,30.2190158,POINT (-97.8071378 30.2190158)
1152,,-97.6505125,30.4119211,POINT (-97.6505125 30.4119211)
1153,,-97.6529605,30.4134632,POINT (-97.6529605 30.4134632)
1154,,-97.7763063,30.402153,POINT (-97.7763063 30.402153)
1155,,-97.776371,30.402714,POINT (-97.776371 30.402714)
1156,,-97.7754819,30.4000966,POINT (-97.7754819 30.4000966)
1157,,-97.7822736,30.2651749,POINT (-97.7822736 30.2651749)
1158,,-97.7823174,30.2653588,POINT (-97.7823174 30.2653588)
1159,,-97.7855753,30.2639303,POINT (-97.7855753 30.2639303)
1160,,-97.7856385,30.2642505,POINT (-97.7856385 30.2642505)
1161,,-97.7865419,30.2613538,POINT (-97.7865419 30.2613538)
1162,,-97.852636,30.380636,POINT (-97.852636 30.380636)
1163,,-97.7958964,30.2178392,POINT (-97.7958964 30.2178392)
1164,,-97.7968508,30.2163282,POINT (-97.7968508 30.2163282)
1165,,-97.7954551,30.2185178,POINT (-97.7954551 30.2185178)
1166,,-97.7635276,30.3290149,POINT (-97.7635276 30.3290149)
1167,,-97.7601919,30.3273851,POINT (-97.7601919 30.3273851)
1168,,-97.7646557,30.3295309,POINT (-97.7646557 30.3295309)
1169,,-97.6128299,30.3529817,POINT (-97.6128299 30.3529817)
1170,,-97.6141687,30.3531244,POINT (-97.6141687 30.3531244)
1171,,-97.6111769,30.3527657,POINT (-97.6111769 30.3527657)
1172,,-97.7284935,30.3206626,POINT (-97.7284935 30.3206626)
1173,,-97.729374,30.321095,POINT (-97.729374 30.321095)
1174,,-97.7269748,30.3199484,POINT (-97.7269748 30.3199484)
1175,,-97.8041141,30.1741004,POINT (-97.8041141 30.1741004)
1176,,-97.804997,30.1740893,POINT (-97.804997 30.1740893)
1177,,-97.714638,30.2351391,POINT (-97.714638 30.2351391)
1178,,-97.7147547,30.2352083,POINT (-97.7147547 30.2352083)
1179,,-97.7127283,30.2319968,POINT (-97.7127283 30.2319968)
1180,,-97.7174485,30.2315589,POINT (-97.7174485 30.2315589)
1181,,-97.7173842,30.2316806,POINT (-97.7173842 30.2316806)
1182,,-97.7169061,30.2313343,POINT (-97.7169061 30.2313343)
1183,,-97.7524788,30.2454931,POINT (-97.7524788 30.2454931)
1184,,-97.7535499,30.245801,POINT (-97.7535499 30.245801)
1185,,-97.7513197,30.2451684,POINT (-97.7513197 30.2451684)
1186,,-97.7563585,30.2465752,POINT (-97.7563585 30.2465752)
1187,,-97.7569101,30.245723,POINT (-97.7569101 30.245723)
1188,,-97.755824,30.247448,POINT (-97.755824 30.247448)
1189,,-97.7577654,30.2469588,POINT (-97.7577654 30.2469588)
1190,,-97.760663,30.247863,POINT (-97.760663 30.247863)
1191,,-97.762097,30.2483161,POINT (-97.762097 30.2483161)
1192,,-97.7592981,30.2474313,POINT (-97.7592981 30.2474313)
1193,,-97.7631291,30.2486235,POINT (-97.7631291 30.2486235)
1194,,-97.7626099,30.2475086,POINT (-97.7626099 30.2475086)
1195,,-97.7615241,30.2492171,POINT (-97.7615241 30.2492171)
1196,,-97.7643987,30.2490086,POINT (-97.7643987 30.2490086)
1197,,-97.7656435,30.2494112,POINT (-97.7656435 30.2494112)
1198,,-97.7633769,30.2487003,POINT (-97.7633769 30.2487003)
1199,,-97.7651294,30.2512212,POINT (-97.7651294 30.2512212)
1200,,-97.7673529,30.2491568,POINT (-97.7673529 30.2491568)
1201,,-97.7685361,30.2488798,POINT (-97.7685361 30.2488798)
1202,,-97.7699596,30.2484448,POINT (-97.7699596 30.2484448)
1203,,-97.7674688,30.2493951,POINT (-97.7674688 30.2493951)
1204,,-97.7758951,30.4221806,POINT (-97.7758951 30.4221806)
1205,,-97.7729973,30.4206593,POINT (-97.7729973 30.4206593)
1206,,-97.7773633,30.4234522,POINT (-97.7773633 30.4234522)
1207,,-97.7932541,30.1370191,POINT (-97.7932541 30.1370191)
1208,,-97.7941746,30.1371304,POINT (-97.7941746 30.1371304)
1209,,-97.87834,30.237101,POINT (-97.87834 30.237101)
1210,,-97.8796037,30.2368894,POINT (-97.8796037 30.2368894)
1211,,-97.879961,30.239478,POINT (-97.879961 30.239478)
1212,,-97.8765827,30.235164,POINT (-97.8765827 30.235164)
1213,,-97.8883857,30.247036,POINT (-97.8883857 30.247036)
1214,,-97.8885398,30.247117,POINT (-97.8885398 30.247117)
1215,,-97.8921145,30.2488396,POINT (-97.8921145 30.2488396)
1216,,-97.8943166,30.2498895,POINT (-97.8943166 30.2498895)
1217,,-97.9044331,30.2571753,POINT (-97.9044331 30.2571753)
1218,,-97.8924166,30.2489876,POINT (-97.8924166 30.2489876)
1219,,-97.792805,30.22991,POINT (-97.792805 30.22991)
1220,,-97.7935574,30.2287208,POINT (-97.7935574 30.2287208)
1221,,-97.7953255,30.2301698,POINT (-97.7953255 30.2301698)
1222,,-97.7909021,30.2289748,POINT (-97.7909021 30.2289748)
1223,,-97.791955,30.231266,POINT (-97.791955 30.231266)
1224,,-97.7963127,30.2298061,POINT (-97.7963127 30.2298061)
1225,,-97.7970514,30.2297617,POINT (-97.7970514 30.2297617)
1226,,-97.7995052,30.2291367,POINT (-97.7995052 30.2291367)
1227,,-97.801267,30.2290868,POINT (-97.801267 30.2290868)
1228,,-97.8018744,30.2281003,POINT (-97.8018744 30.2281003)
1229,,-97.752535,30.299544,POINT (-97.752535 30.299544)
1230,,-97.752055,30.300316,POINT (-97.752055 30.300316)
1231,,-97.753107,30.29867,POINT (-97.753107 30.29867)
1232,,-97.75563,30.3010444,POINT (-97.75563 30.3010444)
1233,,-97.75514,30.30183,POINT (-97.75514 30.30183)
1234,,-97.7561904,30.3001024,POINT (-97.7561904 30.3001024)
1235,,-97.8198867,30.1951777,POINT (-97.8198867 30.1951777)
1236,,-97.8205313,30.1955439,POINT (-97.8205313 30.1955439)
1237,,-97.6859571,30.3219136,POINT (-97.6859571 30.3219136)
1238,,-97.6883847,30.3219642,POINT (-97.6883847 30.3219642)
1239,,-97.676985,30.312374,POINT (-97.676985 30.312374)
1240,,-97.6772604,30.3127046,POINT (-97.6772604 30.3127046)
1241,,-97.676016,30.311601,POINT (-97.676016 30.311601)
1242,,-97.734818,30.2637911,POINT (-97.734818 30.2637911)
1243,,-97.7346092,30.2643078,POINT (-97.7346092 30.2643078)
1244,,-97.7313627,30.2625899,POINT (-97.7313627 30.2625899)
1245,,-97.7317815,30.2616891,POINT (-97.7317815 30.2616891)
1246,,-97.707331,30.3521275,POINT (-97.707331 30.3521275)
1247,,-97.7091652,30.3508085,POINT (-97.7091652 30.3508085)
1248,,-97.7309296,30.2635215,POINT (-97.7309296 30.2635215)
1249,,-97.7274111,30.2612051,POINT (-97.7274111 30.2612051)
1250,,-97.7271962,30.2616695,POINT (-97.7271962 30.2616695)
1251,,-97.7278181,30.2603145,POINT (-97.7278181 30.2603145)
1252,,-97.7056461,30.3533593,POINT (-97.7056461 30.3533593)
1253,,-97.7435056,30.266203,POINT (-97.7435056 30.266203)
1254,,-97.7431556,30.2671385,POINT (-97.7431556 30.2671385)
1255,,-97.7411001,30.2655317,POINT (-97.7411001 30.2655317)
1256,,-97.7414507,30.2645952,POINT (-97.7414507 30.2645952)
1257,,-97.7400176,30.2652296,POINT (-97.7400176 30.2652296)
1258,,-97.7396676,30.2661652,POINT (-97.7396676 30.2661652)
1259,,-97.7378717,30.2646681,POINT (-97.7378717 30.2646681)
1260,,-97.7375356,30.2655702,POINT (-97.7375356 30.2655702)
1261,,-97.7382391,30.263689,POINT (-97.7382391 30.263689)
1262,,-97.715526,30.2570541,POINT (-97.715526 30.2570541)
1263,,-97.7155966,30.2569028,POINT (-97.7155966 30.2569028)
1264,,-97.7153627,30.2574061,POINT (-97.7153627 30.2574061)
1265,,-97.7115307,30.2556985,POINT (-97.7115307 30.2556985)
1266,,-97.7115777,30.2555969,POINT (-97.7115777 30.2555969)
1267,,-97.7111125,30.2566113,POINT (-97.7111125 30.2566113)
1268,,-97.7076984,30.2540555,POINT (-97.7076984 30.2540555)
1269,,-97.7071612,30.2552353,POINT (-97.7071612 30.2552353)
1270,,-97.7086121,30.2520507,POINT (-97.7086121 30.2520507)
1271,,-97.703641,30.252991,POINT (-97.703641 30.252991)
1272,,-97.7030954,30.253825,POINT (-97.7030954 30.253825)
1273,,-97.7043117,30.251919,POINT (-97.7043117 30.251919)
1274,,-97.752934,30.242059,POINT (-97.752934 30.242059)
1275,,-97.7537578,30.2424488,POINT (-97.7537578 30.2424488)
1276,,-97.75251,30.2419265,POINT (-97.75251 30.2419265)
1277,,-97.8106132,30.4362538,POINT (-97.8106132 30.4362538)
1278,,-97.8109405,30.4381653,POINT (-97.8109405 30.4381653)
1279,,-97.8107255,30.4396133,POINT (-97.8107255 30.4396133)
1280,,-97.6964715,30.3077395,POINT (-97.6964715 30.3077395)
1281,,-97.6926998,30.3071854,POINT (-97.6926998 30.3071854)
1282,,-97.696008,30.3084585,POINT (-97.696008 30.3084585)
1283,,-97.6969122,30.3070297,POINT (-97.6969122 30.3070297)
1284,,-97.7847958,30.209386,POINT (-97.7847958 30.209386)
1285,,-97.7844042,30.2091665,POINT (-97.7844042 30.2091665)
1286,,-97.85285,30.380219,POINT (-97.85285 30.380219)
1287,,-97.7880907,30.2044549,POINT (-97.7880907 30.2044549)
1288,,-97.7902364,30.2054894,POINT (-97.7902364 30.2054894)
1289,,-97.7872367,30.2040334,POINT (-97.7872367 30.2040334)
1290,,-97.7151069,30.2579583,POINT (-97.7151069 30.2579583)
1291,,-97.7906706,30.1362842,POINT (-97.7906706 30.1362842)
1292,,-97.7914516,30.1364623,POINT (-97.7914516 30.1364623)
1293,,-97.8063613,30.444516,POINT (-97.8063613 30.444516)
1294,,-97.8071547,30.4463123,POINT (-97.8071547 30.4463123)
1295,,-97.806406,30.443351,POINT (-97.806406 30.443351)
1296,,-97.8040165,30.4471582,POINT (-97.8040165 30.4471582)
1297,,-97.8039263,30.4480081,POINT (-97.8039263 30.4480081)
1298,,-97.8051053,30.4471481,POINT (-97.8051053 30.4471481)
1299,,-97.8022209,30.4471563,POINT (-97.8022209 30.4471563)
1300,,-97.7705712,30.4122261,POINT (-97.7705712 30.4122261)
1301,,-97.7713866,30.412964,POINT (-97.7713866 30.412964)
1302,,-97.7702279,30.4119624,POINT (-97.7702279 30.4119624)
1303,,-97.8237849,30.1923989,POINT (-97.8237849 30.1923989)
1304,,-97.8246145,30.191651,POINT (-97.8246145 30.191651)
1305,,-97.823056,30.1932008,POINT (-97.823056 30.1932008)
1306,,-97.7400982,30.2155631,POINT (-97.7400982 30.2155631)
1307,,-97.7358601,30.2149741,POINT (-97.7358601 30.2149741)
1308,,-97.735407,30.198706,POINT (-97.735407 30.198706)
1309,,-97.736217,30.1973933,POINT (-97.736217 30.1973933)
1310,,-97.7343034,30.2004874,POINT (-97.7343034 30.2004874)
1311,,-97.717623,30.265937,POINT (-97.717623 30.265937)
1312,,-97.717291,30.2667032,POINT (-97.717291 30.2667032)
1313,,-97.717973,30.265185,POINT (-97.717973 30.265185)
1314,,-97.6914022,30.272052,POINT (-97.6914022 30.272052)
1315,,-97.7553891,30.3956036,POINT (-97.7553891 30.3956036)
1316,,-97.7560525,30.396201,POINT (-97.7560525 30.396201)
1317,,-97.7571093,30.3968295,POINT (-97.7571093 30.3968295)
1318,,-97.7581133,30.3973166,POINT (-97.7581133 30.3973166)
1319,,-97.758803,30.3975318,POINT (-97.758803 30.3975318)
1320,,-97.7603606,30.3981966,POINT (-97.7603606 30.3981966)
1321,,-97.7798953,30.2223417,POINT (-97.7798953 30.2223417)
1322,,-97.7809978,30.2228772,POINT (-97.7809978 30.2228772)
1323,,-97.7616221,30.3982776,POINT (-97.7616221 30.3982776)
1324,,-97.7614057,30.4008592,POINT (-97.7614057 30.4008592)
1325,,-97.7599723,30.4030652,POINT (-97.7599723 30.4030652)
1326,,-97.7606513,30.4065866,POINT (-97.7606513 30.4065866)
1327,,-97.778737,30.22179,POINT (-97.778737 30.22179)
1328,,-97.762856,30.407755,POINT (-97.762856 30.407755)
1329,,-97.7635089,30.4082876,POINT (-97.7635089 30.4082876)
1330,,-97.7642304,30.4093022,POINT (-97.7642304 30.4093022)
1331,,-97.7636,30.409637,POINT (-97.7636 30.409637)
1332,,-97.765296,30.409765,POINT (-97.765296 30.409765)
1333,,-97.766167,30.4101188,POINT (-97.766167 30.4101188)
1334,,-97.7666149,30.4110371,POINT (-97.7666149 30.4110371)
1335,,-97.7675876,30.4116646,POINT (-97.7675876 30.4116646)
1336,,-97.7682742,30.4114575,POINT (-97.7682742 30.4114575)
1337,,-97.7696896,30.4114197,POINT (-97.7696896 30.4114197)
1338,,-97.7716709,30.4136371,POINT (-97.7716709 30.4136371)
1339,,-97.7725131,30.4151152,POINT (-97.7725131 30.4151152)
1340,,-97.6970782,30.3255972,POINT (-97.6970782 30.3255972)
1341,,-97.6957858,30.3249917,POINT (-97.6957858 30.3249917)
1342,,-97.6981348,30.3261062,POINT (-97.6981348 30.3261062)
1343,,-97.6914872,30.3343851,POINT (-97.6914872 30.3343851)
1344,,-97.6912182,30.3342607,POINT (-97.6912182 30.3342607)
1345,,-97.7481027,30.2385893,POINT (-97.7481027 30.2385893)
1346,,-97.7484211,30.2377928,POINT (-97.7484211 30.2377928)
1347,,-97.6464356,30.2850534,POINT (-97.6464356 30.2850534)
1348,,-97.6467776,30.2856565,POINT (-97.6467776 30.2856565)
1349,,-97.7477716,30.2394199,POINT (-97.7477716 30.2394199)
1350,,-97.6463462,30.2843629,POINT (-97.6463462 30.2843629)
1351,,-97.7401169,30.3325103,POINT (-97.7401169 30.3325103)
1352,,-97.7398638,30.3347907,POINT (-97.7398638 30.3347907)
1353,,-97.739923,30.3300708,POINT (-97.739923 30.3300708)
1354,,-97.7491606,30.3346119,POINT (-97.7491606 30.3346119)
1355,,-97.7503521,30.3344429,POINT (-97.7503521 30.3344429)
1356,,-97.74879,30.3347423,POINT (-97.74879 30.3347423)
1357,,-97.7481802,30.3328227,POINT (-97.7481802 30.3328227)
1358,,-97.7490211,30.3349296,POINT (-97.7490211 30.3349296)
1359,,-97.751535,30.3346379,POINT (-97.751535 30.3346379)
1360,,-97.7515809,30.3345328,POINT (-97.7515809 30.3345328)
1361,,-97.7527585,30.3382399,POINT (-97.7527585 30.3382399)
1362,,-97.7525539,30.3350225,POINT (-97.7525539 30.3350225)
1363,,-97.7537045,30.3354767,POINT (-97.7537045 30.3354767)
1364,,-97.7539481,30.3352852,POINT (-97.7539481 30.3352852)
1365,,-97.7560037,30.3366976,POINT (-97.7560037 30.3366976)
1366,,-97.7560412,30.3364398,POINT (-97.7560412 30.3364398)
1367,,-97.7540984,30.3356828,POINT (-97.7540984 30.3356828)
1368,,-97.7570892,30.3374083,POINT (-97.7570892 30.3374083)
1369,,-97.754347,30.3417168,POINT (-97.754347 30.3417168)
1370,,-97.7576885,30.3377472,POINT (-97.7576885 30.3377472)
1371,,-97.7562779,30.33686,POINT (-97.7562779 30.33686)
1372,,-97.85304,30.37984,POINT (-97.85304 30.37984)
1373,,-97.7582535,30.3359267,POINT (-97.7582535 30.3359267)
1374,,-97.7583182,30.3381069,POINT (-97.7583182 30.3381069)
1375,,-97.758952,30.3384664,POINT (-97.758952 30.3384664)
1376,,-97.7590091,30.338904,POINT (-97.7590091 30.338904)
1377,,-97.7586807,30.3358897,POINT (-97.7586807 30.3358897)
1378,,-97.7765735,30.379186,POINT (-97.7765735 30.379186)
1379,,-97.7712927,30.382535,POINT (-97.7712927 30.382535)
1380,,-97.710182,30.2648568,POINT (-97.710182 30.2648568)
1381,,-97.708489,30.264138,POINT (-97.708489 30.264138)
1382,,-97.7090367,30.2654323,POINT (-97.7090367 30.2654323)
1383,,-97.7110368,30.2644657,POINT (-97.7110368 30.2644657)
1384,,-97.708178,30.264041,POINT (-97.708178 30.264041)
1385,,-97.7085487,30.2627895,POINT (-97.7085487 30.2627895)
1386,,-97.7083653,30.2647676,POINT (-97.7083653 30.2647676)
1387,,-97.70676,30.263522,POINT (-97.70676 30.263522)
1388,,-97.705882,30.263218,POINT (-97.705882 30.263218)
1389,,-97.7038494,30.2624838,POINT (-97.7038494 30.2624838)
1390,,-97.702233,30.261903,POINT (-97.702233 30.261903)
1391,,-97.703042,30.264192,POINT (-97.703042 30.264192)
1392,,-97.7043402,30.2613285,POINT (-97.7043402 30.2613285)
1393,,-97.7004159,30.2612514,POINT (-97.7004159 30.2612514)
1394,,-97.6987242,30.2606507,POINT (-97.6987242 30.2606507)
1395,,-97.6995728,30.2593228,POINT (-97.6995728 30.2593228)
1396,,-97.6983959,30.2611667,POINT (-97.6983959 30.2611667)
1397,,-97.7609523,30.2029767,POINT (-97.7609523 30.2029767)
1398,,-97.7638987,30.1993793,POINT (-97.7638987 30.1993793)
1399,,-97.8400584,30.2466665,POINT (-97.8400584 30.2466665)
1400,,-97.8412368,30.2508126,POINT (-97.8412368 30.2508126)
1401,,-97.8373878,30.2451376,POINT (-97.8373878 30.2451376)
1402,,-97.8363381,30.2444785,POINT (-97.8363381 30.2444785)
1403,,-97.7443856,30.387313,POINT (-97.7443856 30.387313)
1404,,-97.8022652,30.390755,POINT (-97.8022652 30.390755)
1405,,-97.8016027,30.3897874,POINT (-97.8016027 30.3897874)
1406,,-97.8026944,30.3915078,POINT (-97.8026944 30.3915078)
1407,,-97.7249712,30.2729582,POINT (-97.7249712 30.2729582)
1408,,-97.7264887,30.2727165,POINT (-97.7264887 30.2727165)
1409,,-97.72384,30.2731438,POINT (-97.72384 30.2731438)
1410,,-97.7249104,30.267614,POINT (-97.7249104 30.267614)
1411,,-97.7244908,30.267464,POINT (-97.7244908 30.267464)
1412,,-97.7263613,30.2681386,POINT (-97.7263613 30.2681386)
1413,,-97.7243284,30.2688705,POINT (-97.7243284 30.2688705)
1414,,-97.724564,30.270209,POINT (-97.724564 30.270209)
1415,,-97.7231342,30.2690562,POINT (-97.7231342 30.2690562)
1416,,-97.7256454,30.2686454,POINT (-97.7256454 30.2686454)
1417,,-97.7239777,30.2712005,POINT (-97.7239777 30.2712005)
1418,,-97.747504,30.247052,POINT (-97.747504 30.247052)
1419,,-97.74645,30.246766,POINT (-97.74645 30.246766)
1420,,-97.748026,30.247304,POINT (-97.748026 30.247304)
1421,,-97.748155,30.245302,POINT (-97.748155 30.245302)
1422,,-97.74875,30.245454,POINT (-97.74875 30.245454)
1423,,-97.7471299,30.2450254,POINT (-97.7471299 30.2450254)
1424,,-97.7707156,30.3611445,POINT (-97.7707156 30.3611445)
1425,,-97.7679668,30.3604808,POINT (-97.7679668 30.3604808)
1426,,-97.7164146,30.3347806,POINT (-97.7164146 30.3347806)
1427,,-97.715869,30.3356127,POINT (-97.715869 30.3356127)
1428,,-97.7169554,30.3339607,POINT (-97.7169554 30.3339607)
1429,,-97.7502117,30.1810031,POINT (-97.7502117 30.1810031)
1430,,-97.750277,30.1808855,POINT (-97.750277 30.1808855)
1431,,-97.7516342,30.1816727,POINT (-97.7516342 30.1816727)
1432,,-97.750518,30.180423,POINT (-97.750518 30.180423)
1433,,-97.7513004,30.1797962,POINT (-97.7513004 30.1797962)
1434,,-97.751675,30.179643,POINT (-97.751675 30.179643)
1435,,-97.752445,30.179356,POINT (-97.752445 30.179356)
1436,,-97.753468,30.179,POINT (-97.753468 30.179)
1437,,-97.7540203,30.1787667,POINT (-97.7540203 30.1787667)
1438,,-97.754612,30.1785159,POINT (-97.754612 30.1785159)
1439,,-97.756022,30.178406,POINT (-97.756022 30.178406)
1440,,-97.710882,30.330774,POINT (-97.710882 30.330774)
1441,,-97.709379,30.331054,POINT (-97.709379 30.331054)
1442,,-97.712724,30.330404,POINT (-97.712724 30.330404)
1443,,-97.6790825,30.3034531,POINT (-97.6790825 30.3034531)
1444,,-97.6775626,30.3027319,POINT (-97.6775626 30.3027319)
1445,,-97.6801269,30.3039544,POINT (-97.6801269 30.3039544)
1446,,-97.8078195,30.1124505,POINT (-97.8078195 30.1124505)
1447,,-97.8082937,30.1114462,POINT (-97.8082937 30.1114462)
1448,,-97.7427057,30.307973,POINT (-97.7427057 30.307973)
1449,,-97.742673,30.3084491,POINT (-97.742673 30.3084491)
1450,,-97.7429701,30.3075861,POINT (-97.7429701 30.3075861)
1451,,-97.738776,30.314041,POINT (-97.738776 30.314041)
1452,,-97.73966,30.3144662,POINT (-97.73966 30.3144662)
1453,,-97.7380676,30.3136985,POINT (-97.7380676 30.3136985)
1454,,-97.744825,30.2665712,POINT (-97.744825 30.2665712)
1455,,-97.744475,30.2675067,POINT (-97.744475 30.2675067)
1456,,-97.7459253,30.2668783,POINT (-97.7459253 30.2668783)
1457,,-97.7455753,30.2678138,POINT (-97.7455753 30.2678138)
1458,,-97.852932,30.37892,POINT (-97.852932 30.37892)
1459,,-97.738614,30.2658711,POINT (-97.738614 30.2658711)
1460,,-97.737919,30.267729,POINT (-97.737919 30.267729)
1461,,-97.7368405,30.2674281,POINT (-97.7368405 30.2674281)
1462,,-97.7375757,30.2686466,POINT (-97.7375757 30.2686466)
1463,,-97.7386293,30.2689406,POINT (-97.7386293 30.2689406)
1464,,-97.7361153,30.2725429,POINT (-97.7361153 30.2725429)
1465,,-97.7360695,30.2726665,POINT (-97.7360695 30.2726665)
1466,,-97.7350394,30.2722427,POINT (-97.7350394 30.2722427)
1467,,-97.764804,30.3626002,POINT (-97.764804 30.3626002)
1468,,-97.7643481,30.3633408,POINT (-97.7643481 30.3633408)
1469,,-97.7087636,30.251713,POINT (-97.7087636 30.251713)
1470,,-97.7652707,30.3619013,POINT (-97.7652707 30.3619013)
1471,,-97.7104049,30.2532166,POINT (-97.7104049 30.2532166)
1472,,-97.7091464,30.2559238,POINT (-97.7091464 30.2559238)
1473,,-97.7060176,30.2576655,POINT (-97.7060176 30.2576655)
1474,,-97.705704,30.2547298,POINT (-97.705704 30.2547298)
1475,,-97.7054568,30.2588341,POINT (-97.7054568 30.2588341)
1476,,-97.7638706,30.3640791,POINT (-97.7638706 30.3640791)
1477,,-97.70506,30.2597152,POINT (-97.70506 30.2597152)
1478,,-97.7046988,30.2605413,POINT (-97.7046988 30.2605413)
1479,,-97.702618,30.265079,POINT (-97.702618 30.265079)
1480,,-97.702194,30.265992,POINT (-97.702194 30.265992)
1481,,-97.70044,30.26537,POINT (-97.70044 30.26537)
1482,,-97.704262,30.266719,POINT (-97.704262 30.266719)
1483,,-97.7015568,30.267377,POINT (-97.7015568 30.267377)
1484,,-97.7010814,30.2684272,POINT (-97.7010814 30.2684272)
1485,,-97.700545,30.2695763,POINT (-97.700545 30.2695763)
1486,,-97.700188,30.270291,POINT (-97.700188 30.270291)
1487,,-97.7025165,30.2702563,POINT (-97.7025165 30.2702563)
1488,,-97.6972693,30.2684408,POINT (-97.6972693 30.2684408)
1489,,-97.8013189,30.4800601,POINT (-97.8013189 30.4800601)
1490,,-97.7017405,30.2828867,POINT (-97.7017405 30.2828867)
1491,,-97.7011265,30.282983,POINT (-97.7011265 30.282983)
1492,,-97.7039893,30.2825477,POINT (-97.7039893 30.2825477)
1493,,-97.7025836,30.2869101,POINT (-97.7025836 30.2869101)
1494,,-97.7012772,30.2875295,POINT (-97.7012772 30.2875295)
1495,,-97.712439,30.281238,POINT (-97.712439 30.281238)
1496,,-97.7115257,30.281378,POINT (-97.7115257 30.281378)
1497,,-97.7133663,30.2810773,POINT (-97.7133663 30.2810773)
1498,,-97.7659313,30.3832488,POINT (-97.7659313 30.3832488)
1499,,-97.7675364,30.3829994,POINT (-97.7675364 30.3829994)
1500,,-97.7666883,30.384894,POINT (-97.7666883 30.384894)
1501,,-97.7648115,30.3778713,POINT (-97.7648115 30.3778713)
1502,,-97.7715441,30.3834591,POINT (-97.7715441 30.3834591)
1503,,-97.7714244,30.3827663,POINT (-97.7714244 30.3827663)
1504,,-97.7236126,30.3855578,POINT (-97.7236126 30.3855578)
1505,,-97.7236306,30.3854756,POINT (-97.7236306 30.3854756)
1506,,-97.7227979,30.3882919,POINT (-97.7227979 30.3882919)
1507,,-97.811417,30.3620846,POINT (-97.811417 30.3620846)
1508,,-97.8072838,30.3638928,POINT (-97.8072838 30.3638928)
1509,,-97.739879,30.156854,POINT (-97.739879 30.156854)
1510,,-97.739169,30.156527,POINT (-97.739169 30.156527)
1511,,-97.7400411,30.299755,POINT (-97.7400411 30.299755)
1512,,-97.7399416,30.299911,POINT (-97.7399416 30.299911)
1513,,-97.7404547,30.2991066,POINT (-97.7404547 30.2991066)
1514,,-97.740589,30.157207,POINT (-97.740589 30.157207)
1515,,-97.753144,30.30534,POINT (-97.753144 30.30534)
1516,,-97.7524363,30.306497,POINT (-97.7524363 30.306497)
1517,,-97.7537121,30.3041841,POINT (-97.7537121 30.3041841)
1518,,-97.7396822,30.3003182,POINT (-97.7396822 30.3003182)
1519,,-97.7831918,30.3423188,POINT (-97.7831918 30.3423188)
1520,,-97.7877906,30.3588655,POINT (-97.7877906 30.3588655)
1521,,-97.7824003,30.34173,POINT (-97.7824003 30.34173)
1522,,-97.7783266,30.4220539,POINT (-97.7783266 30.4220539)
1523,,-97.7786651,30.4206427,POINT (-97.7786651 30.4206427)
1524,,-97.7776759,30.4229434,POINT (-97.7776759 30.4229434)
1525,,-97.7849694,30.4251375,POINT (-97.7849694 30.4251375)
1526,,-97.7828178,30.2540692,POINT (-97.7828178 30.2540692)
1527,,-97.782294,30.254743,POINT (-97.782294 30.254743)
1528,,-97.7336282,30.4135031,POINT (-97.7336282 30.4135031)
1529,,-97.7343712,30.4138223,POINT (-97.7343712 30.4138223)
1530,,-97.7407922,30.358566,POINT (-97.7407922 30.358566)
1531,,-97.7328613,30.413145,POINT (-97.7328613 30.413145)
1532,,-97.8526752,30.3777899,POINT (-97.8526752 30.3777899)
1533,,-97.7110052,30.3876315,POINT (-97.7110052 30.3876315)
1534,,-97.7126346,30.3851017,POINT (-97.7126346 30.3851017)
1535,,-97.7918146,30.1535957,POINT (-97.7918146 30.1535957)
1536,,-97.7928953,30.1500984,POINT (-97.7928953 30.1500984)
1537,,-97.7997649,30.1451793,POINT (-97.7997649 30.1451793)
1538,,-97.796363,30.140352,POINT (-97.796363 30.140352)
1539,,-97.79657,30.139679,POINT (-97.79657 30.139679)
1540,,-97.7995748,30.14187,POINT (-97.7995748 30.14187)
1541,,-97.797713,30.1371196,POINT (-97.797713 30.1371196)
1542,,-97.7968013,30.1368527,POINT (-97.7968013 30.1368527)
1543,,-97.7997627,30.1319225,POINT (-97.7997627 30.1319225)
1544,,-97.8011315,30.1381424,POINT (-97.8011315 30.1381424)
1545,,-97.754,30.213356,POINT (-97.754 30.213356)
1546,,-97.7546919,30.2120517,POINT (-97.7546919 30.2120517)
1547,,-97.6914031,30.2495381,POINT (-97.6914031 30.2495381)
1548,,-97.6911884,30.2460646,POINT (-97.6911884 30.2460646)
1549,,-97.7589499,30.2055378,POINT (-97.7589499 30.2055378)
1550,,-97.7614424,30.2019644,POINT (-97.7614424 30.2019644)
1551,,-97.7709419,30.190623,POINT (-97.7709419 30.190623)
1552,,-97.771109,30.1908535,POINT (-97.771109 30.1908535)
1553,,-97.773644,30.18658,POINT (-97.773644 30.18658)
1554,,-97.774927,30.184639,POINT (-97.774927 30.184639)
1555,,-97.779267,30.178155,POINT (-97.779267 30.178155)
1556,,-97.780184,30.176766,POINT (-97.780184 30.176766)
1557,,-97.6924771,30.2531126,POINT (-97.6924771 30.2531126)
1558,,-97.6929806,30.2528906,POINT (-97.6929806 30.2528906)
1559,,-97.7827539,30.1727114,POINT (-97.7827539 30.1727114)
1560,,-97.783059,30.1710012,POINT (-97.783059 30.1710012)
1561,,-97.7827986,30.1713725,POINT (-97.7827986 30.1713725)
1562,,-97.796701,30.137135,POINT (-97.796701 30.137135)
1563,,-97.7966556,30.1368147,POINT (-97.7966556 30.1368147)
1564,,-97.7349055,30.247904,POINT (-97.7349055 30.247904)
1565,,-97.7347316,30.2442148,POINT (-97.7347316 30.2442148)
1566,,-97.7345654,30.2457947,POINT (-97.7345654 30.2457947)
1567,,-97.735064,30.243329,POINT (-97.735064 30.243329)
1568,,-97.7358383,30.2420208,POINT (-97.7358383 30.2420208)
1569,,-97.7363464,30.2404429,POINT (-97.7363464 30.2404429)
1570,,-97.7439779,30.2281959,POINT (-97.7439779 30.2281959)
1571,,-97.7435098,30.2290191,POINT (-97.7435098 30.2290191)
1572,,-97.6926215,30.2540224,POINT (-97.6926215 30.2540224)
1573,,-97.7454774,30.221385,POINT (-97.7454774 30.221385)
1574,,-97.7460119,30.2248422,POINT (-97.7460119 30.2248422)
1575,,-97.7499876,30.2175135,POINT (-97.7499876 30.2175135)
1576,,-97.7512115,30.2155261,POINT (-97.7512115 30.2155261)
1577,,-97.7504082,30.2168366,POINT (-97.7504082 30.2168366)
1578,,-97.7505582,30.2155076,POINT (-97.7505582 30.2155076)
1579,,-97.7520737,30.2140935,POINT (-97.7520737 30.2140935)
1580,,-97.7515658,30.2149183,POINT (-97.7515658 30.2149183)
1581,,-97.7528603,30.2128177,POINT (-97.7528603 30.2128177)
1582,,-97.7515695,30.2121774,POINT (-97.7515695 30.2121774)
1583,,-97.786875,30.167123,POINT (-97.786875 30.167123)
1584,,-97.7871841,30.167136,POINT (-97.7871841 30.167136)
1585,,-97.786951,30.16701,POINT (-97.786951 30.16701)
1586,,-97.7951083,30.141541,POINT (-97.7951083 30.141541)
1587,,-97.794336,30.1438143,POINT (-97.794336 30.1438143)
1588,,-97.8307605,30.1731723,POINT (-97.8307605 30.1731723)
1589,,-97.8306856,30.1715181,POINT (-97.8306856 30.1715181)
1590,,-97.8319117,30.1734348,POINT (-97.8319117 30.1734348)
1591,,-97.8296393,30.1734035,POINT (-97.8296393 30.1734035)
1592,,-97.8306801,30.1712705,POINT (-97.8306801 30.1712705)
1593,,-97.8300119,30.1641648,POINT (-97.8300119 30.1641648)
1594,,-97.8329272,30.1608109,POINT (-97.8329272 30.1608109)
1595,,-97.8262758,30.1679712,POINT (-97.8262758 30.1679712)
1596,,-97.6927922,30.255166,POINT (-97.6927922 30.255166)
1597,,-97.6935213,30.2589145,POINT (-97.6935213 30.2589145)
1598,,-97.7249104,30.322296,POINT (-97.7249104 30.322296)
1599,,-97.7242012,30.322936,POINT (-97.7242012 30.322936)
1600,,-97.7258125,30.3217473,POINT (-97.7258125 30.3217473)
1601,,-97.6936522,30.259347,POINT (-97.6936522 30.259347)
1602,,-97.6933592,30.2598054,POINT (-97.6933592 30.2598054)
1603,,-97.7866239,30.2139379,POINT (-97.7866239 30.2139379)
1604,,-97.7872558,30.2125487,POINT (-97.7872558 30.2125487)
1605,,-97.785808,30.215371,POINT (-97.785808 30.215371)
1606,,-97.6938699,30.260072,POINT (-97.6938699 30.260072)
1607,,-97.6938841,30.2590084,POINT (-97.6938841 30.2590084)
1608,,-97.7907391,30.2120384,POINT (-97.7907391 30.2120384)
1609,,-97.7893783,30.2115028,POINT (-97.7893783 30.2115028)
1610,,-97.743472,30.240864,POINT (-97.743472 30.240864)
1611,,-97.7438547,30.2402744,POINT (-97.7438547 30.2402744)
1612,,-97.6943246,30.2602956,POINT (-97.6943246 30.2602956)
1613,,-97.742517,30.242688,POINT (-97.742517 30.242688)
1614,,-97.7351263,30.2352019,POINT (-97.7351263 30.2352019)
1615,,-97.7346123,30.2359588,POINT (-97.7346123 30.2359588)
1616,,-97.7447415,30.2388731,POINT (-97.7447415 30.2388731)
1617,,-97.6954113,30.2652381,POINT (-97.6954113 30.2652381)
1618,,-97.695509,30.26561,POINT (-97.695509 30.26561)
1619,,-97.696047,30.267359,POINT (-97.696047 30.267359)
1620,,-97.6804615,30.3685599,POINT (-97.6804615 30.3685599)
1621,,-97.6743876,30.3648278,POINT (-97.6743876 30.3648278)
1622,,-97.853017,30.377101,POINT (-97.853017 30.377101)
1623,,-97.6727467,30.3638579,POINT (-97.6727467 30.3638579)
1624,,-97.6723117,30.3636455,POINT (-97.6723117 30.3636455)
1625,,-97.6711067,30.3631035,POINT (-97.6711067 30.3631035)
1626,,-97.694363,30.267432,POINT (-97.694363 30.267432)
1627,,-97.6701782,30.3630611,POINT (-97.6701782 30.3630611)
1628,,-97.6685559,30.3629317,POINT (-97.6685559 30.3629317)
1629,,-97.6683886,30.3629316,POINT (-97.6683886 30.3629316)
1630,,-97.6693024,30.3613994,POINT (-97.6693024 30.3613994)
1631,,-97.6957469,30.2652658,POINT (-97.6957469 30.2652658)
1632,,-97.7438023,30.349611,POINT (-97.7438023 30.349611)
1633,,-97.7423032,30.3505682,POINT (-97.7423032 30.3505682)
1634,,-97.7448863,30.3491304,POINT (-97.7448863 30.3491304)
1635,,-97.6515008,30.4003265,POINT (-97.6515008 30.4003265)
1636,,-97.6526272,30.4000655,POINT (-97.6526272 30.4000655)
1637,,-97.6493974,30.4011221,POINT (-97.6493974 30.4011221)
1638,,-97.6962353,30.2679695,POINT (-97.6962353 30.2679695)
1639,,-97.6855218,30.297391,POINT (-97.6855218 30.297391)
1640,,-97.6862658,30.2977635,POINT (-97.6862658 30.2977635)
1641,,-97.6849436,30.2971066,POINT (-97.6849436 30.2971066)
1642,,-97.8074866,30.4304775,POINT (-97.8074866 30.4304775)
1643,,-97.8077602,30.4301255,POINT (-97.8077602 30.4301255)
1644,,-97.6962728,30.2681017,POINT (-97.6962728 30.2681017)
1645,,-97.8066321,30.4309495,POINT (-97.8066321 30.4309495)
1646,,-97.696605,30.2692029,POINT (-97.696605 30.2692029)
1647,,-97.8435651,30.2018664,POINT (-97.8435651 30.2018664)
1648,,-97.8443092,30.2016973,POINT (-97.8443092 30.2016973)
1649,,-97.8428686,30.2022369,POINT (-97.8428686 30.2022369)
1650,,-97.8388174,30.1781372,POINT (-97.8388174 30.1781372)
1651,,-97.8369422,30.1772846,POINT (-97.8369422 30.1772846)
1652,,-97.6967162,30.2695746,POINT (-97.6967162 30.2695746)
1653,,-97.8521687,30.3775998,POINT (-97.8521687 30.3775998)
1654,,-97.6968048,30.269886,POINT (-97.6968048 30.269886)
1655,,-97.8733828,30.2211422,POINT (-97.8733828 30.2211422)
1656,,-97.8742092,30.2174697,POINT (-97.8742092 30.2174697)
1657,,-97.7003521,30.2768595,POINT (-97.7003521 30.2768595)
1658,,-97.7462856,30.3584686,POINT (-97.7462856 30.3584686)
1659,,-97.7469254,30.356699,POINT (-97.7469254 30.356699)
1660,,-97.7505475,30.3636243,POINT (-97.7505475 30.3636243)
1661,,-97.7497119,30.3637623,POINT (-97.7497119 30.3637623)
1662,,-97.751547,30.362631,POINT (-97.751547 30.362631)
1663,,-97.7023277,30.276556,POINT (-97.7023277 30.276556)
1664,,-97.6334716,30.2058383,POINT (-97.6334716 30.2058383)
1665,,-97.6331945,30.2059884,POINT (-97.6331945 30.2059884)
1666,,-97.6342323,30.2052533,POINT (-97.6342323 30.2052533)
1667,,-97.6986983,30.2771384,POINT (-97.6986983 30.2771384)
1668,,-97.6164919,30.3421038,POINT (-97.6164919 30.3421038)
1669,,-97.6158288,30.3430867,POINT (-97.6158288 30.3430867)
1670,,-97.616617,30.3421847,POINT (-97.616617 30.3421847)
1671,,-97.7008078,30.2776735,POINT (-97.7008078 30.2776735)
1672,,-97.6979809,30.3936735,POINT (-97.6979809 30.3936735)
1673,,-97.6967309,30.3946423,POINT (-97.6967309 30.3946423)
1674,,-97.6986319,30.3923326,POINT (-97.6986319 30.3923326)
1675,,-97.7008428,30.2775773,POINT (-97.7008428 30.2775773)
1676,,-97.7850285,30.2160377,POINT (-97.7850285 30.2160377)
1677,,-97.701711,30.2789982,POINT (-97.701711 30.2789982)
1678,,-97.7021748,30.2797168,POINT (-97.7021748 30.2797168)
1679,,-97.7010993,30.2780546,POINT (-97.7010993 30.2780546)
1680,,-97.6865659,30.3611969,POINT (-97.6865659 30.3611969)
1681,,-97.6882828,30.3588295,POINT (-97.6882828 30.3588295)
1682,,-97.7030809,30.2811344,POINT (-97.7030809 30.2811344)
1683,,-97.777249,30.2311326,POINT (-97.777249 30.2311326)
1684,,-97.77711,30.2302434,POINT (-97.77711 30.2302434)
1685,,-97.7773709,30.2319033,POINT (-97.7773709 30.2319033)
1686,,-97.7762791,30.2302409,POINT (-97.7762791 30.2302409)
1687,,-97.7760001,30.2301128,POINT (-97.7760001 30.2301128)
1688,,-97.7992165,30.1858096,POINT (-97.7992165 30.1858096)
1689,,-97.8004809,30.1858379,POINT (-97.8004809 30.1858379)
1690,,-97.6826403,30.2858332,POINT (-97.6826403 30.2858332)
1691,,-97.684611,30.285537,POINT (-97.684611 30.285537)
1692,,-97.6788407,30.2862374,POINT (-97.6788407 30.2862374)
1693,,-97.680433,30.289263,POINT (-97.680433 30.289263)
1694,,-97.683286,30.284861,POINT (-97.683286 30.284861)
1695,,-97.680638,30.2849177,POINT (-97.680638 30.2849177)
1696,,-97.679784,30.284425,POINT (-97.679784 30.284425)
1697,,-97.8533403,30.3761394,POINT (-97.8533403 30.3761394)
1698,,-97.6789849,30.2839428,POINT (-97.6789849 30.2839428)
1699,,-97.6756719,30.282771,POINT (-97.6756719 30.282771)
1700,,-97.7282462,30.3660789,POINT (-97.7282462 30.3660789)
1701,,-97.727799,30.3677262,POINT (-97.727799 30.3677262)
1702,,-97.7286474,30.3645069,POINT (-97.7286474 30.3645069)
1703,,-97.7055906,30.2822948,POINT (-97.7055906 30.2822948)
1704,,-97.758113,30.2621667,POINT (-97.758113 30.2621667)
1705,,-97.7044083,30.283215,POINT (-97.7044083 30.283215)
1706,,-97.732969,30.3108707,POINT (-97.732969 30.3108707)
1707,,-97.732841,30.3110934,POINT (-97.732841 30.3110934)
1708,,-97.7320432,30.3104213,POINT (-97.7320432 30.3104213)
1709,,-97.7332535,30.3104211,POINT (-97.7332535 30.3104211)
1710,,-97.7335739,30.3111849,POINT (-97.7335739 30.3111849)
1711,,-97.7477105,30.2636232,POINT (-97.7477105 30.2636232)
1712,,-97.7469883,30.2640665,POINT (-97.7469883 30.2640665)
1713,,-97.7491154,30.2601486,POINT (-97.7491154 30.2601486)
1714,,-97.7489925,30.2646364,POINT (-97.7489925 30.2646364)
1715,,-97.746282,30.2690419,POINT (-97.746282 30.2690419)
1716,,-97.7473673,30.2693448,POINT (-97.7473673 30.2693448)
1717,,-97.7466313,30.2681084,POINT (-97.7466313 30.2681084)
1718,,-97.7459362,30.2699663,POINT (-97.7459362 30.2699663)
1719,,-97.7448803,30.2696716,POINT (-97.7448803 30.2696716)
1720,,-97.7452368,30.2718358,POINT (-97.7452368 30.2718358)
1721,,-97.745593,30.2708838,POINT (-97.745593 30.2708838)
1722,,-97.7448925,30.2727588,POINT (-97.7448925 30.2727588)
1723,,-97.7445412,30.2736952,POINT (-97.7445412 30.2736952)
1724,,-97.7456192,30.2740057,POINT (-97.7456192 30.2740057)
1725,,-97.7434727,30.2733971,POINT (-97.7434727 30.2733971)
1726,,-97.7441098,30.2749008,POINT (-97.7441098 30.2749008)
1727,,-97.7441489,30.2747949,POINT (-97.7441489 30.2747949)
1728,,-97.7451764,30.2751973,POINT (-97.7451764 30.2751973)
1729,,-97.7436993,30.2760124,POINT (-97.7436993 30.2760124)
1730,,-97.7429772,30.2779673,POINT (-97.7429772 30.2779673)
1731,,-97.74302,30.2778516,POINT (-97.74302 30.2778516)
1732,,-97.7440534,30.278267,POINT (-97.7440534 30.278267)
1733,,-97.7426442,30.2788692,POINT (-97.7426442 30.2788692)
1734,,-97.7048463,30.2838914,POINT (-97.7048463 30.2838914)
1735,,-97.7423281,30.2797303,POINT (-97.7423281 30.2797303)
1736,,-97.7420094,30.2806076,POINT (-97.7420094 30.2806076)
1737,,-97.7419496,30.281735,POINT (-97.7419496 30.281735)
1738,,-97.7420811,30.2822195,POINT (-97.7420811 30.2822195)
1739,,-97.742403,30.2818672,POINT (-97.742403 30.2818672)
1740,,-97.7405443,30.2813378,POINT (-97.7405443 30.2813378)
1741,,-97.7420531,30.2826609,POINT (-97.7420531 30.2826609)
1742,,-97.741944,30.2838034,POINT (-97.741944 30.2838034)
1743,,-97.7418203,30.2849883,POINT (-97.7418203 30.2849883)
1744,,-97.7415796,30.2876895,POINT (-97.7415796 30.2876895)
1745,,-97.7423716,30.2877525,POINT (-97.7423716 30.2877525)
1746,,-97.7415121,30.2887861,POINT (-97.7415121 30.2887861)
1747,,-97.7414841,30.2890696,POINT (-97.7414841 30.2890696)
1748,,-97.7414144,30.2897525,POINT (-97.7414144 30.2897525)
1749,,-97.7413409,30.2904356,POINT (-97.7413409 30.2904356)
1750,,-97.7411979,30.2919317,POINT (-97.7411979 30.2919317)
1751,,-97.7414005,30.2898673,POINT (-97.7414005 30.2898673)
1752,,-97.7052815,30.2845634,POINT (-97.7052815 30.2845634)
1753,,-97.74123,30.2922801,POINT (-97.74123 30.2922801)
1754,,-97.7417414,30.2932489,POINT (-97.7417414 30.2932489)
1755,,-97.7422628,30.2943021,POINT (-97.7422628 30.2943021)
1756,,-97.705518,30.2849286,POINT (-97.705518 30.2849286)
1757,,-97.7425219,30.294735,POINT (-97.7425219 30.294735)
1758,,-97.7428062,30.29542,POINT (-97.7428062 30.29542)
1759,,-97.7418422,30.2949616,POINT (-97.7418422 30.2949616)
1760,,-97.7437007,30.2958453,POINT (-97.7437007 30.2958453)
1761,,-97.7421103,30.2965094,POINT (-97.7421103 30.2965094)
1762,,-97.741999,30.2966854,POINT (-97.741999 30.2966854)
1763,,-97.7411492,30.2960502,POINT (-97.7411492 30.2960502)
1764,,-97.7412271,30.2978957,POINT (-97.7412271 30.2978957)
1765,,-97.7409873,30.2982716,POINT (-97.7409873 30.2982716)
1766,,-97.7405966,30.2988819,POINT (-97.7405966 30.2988819)
1767,,-97.7413561,30.3011133,POINT (-97.7413561 30.3011133)
1768,,-97.7391649,30.3011233,POINT (-97.7391649 30.3011233)
1769,,-97.7391047,30.301223,POINT (-97.7391047 30.301223)
1770,,-97.7389105,30.3015391,POINT (-97.7389105 30.3015391)
1771,,-97.738643,30.3019762,POINT (-97.738643 30.3019762)
1772,,-97.7381519,30.302745,POINT (-97.7381519 30.302745)
1773,,-97.7376833,30.303494,POINT (-97.7376833 30.303494)
1774,,-97.73923,30.3033836,POINT (-97.73923 30.3033836)
1775,,-97.7363247,30.3018501,POINT (-97.7363247 30.3018501)
1776,,-97.7057128,30.2852293,POINT (-97.7057128 30.2852293)
1777,,-97.7373173,30.3040665,POINT (-97.7373173 30.3040665)
1778,,-97.7365501,30.3052661,POINT (-97.7365501 30.3052661)
1779,,-97.7358328,30.3063878,POINT (-97.7358328 30.3063878)
1780,,-97.7351295,30.3074876,POINT (-97.7351295 30.3074876)
1781,,-97.7344046,30.3086211,POINT (-97.7344046 30.3086211)
1782,,-97.7336827,30.3097499,POINT (-97.7336827 30.3097499)
1783,,-97.732528,30.3130421,POINT (-97.732528 30.3130421)
1784,,-97.706121,30.2858689,POINT (-97.706121 30.2858689)
1785,,-97.7061125,30.2859567,POINT (-97.7061125 30.2859567)
1786,,-97.7316665,30.3128311,POINT (-97.7316665 30.3128311)
1787,,-97.7284618,30.3176471,POINT (-97.7284618 30.3176471)
1788,,-97.7279293,30.318483,POINT (-97.7279293 30.318483)
1789,,-97.7308903,30.318716,POINT (-97.7308903 30.318716)
1790,,-97.7263514,30.3167336,POINT (-97.7263514 30.3167336)
1791,,-97.727459,30.3191988,POINT (-97.727459 30.3191988)
1792,,-97.7263841,30.320867,POINT (-97.7263841 30.320867)
1793,,-97.7249014,30.3189549,POINT (-97.7249014 30.3189549)
1794,,-97.7238698,30.3234665,POINT (-97.7238698 30.3234665)
1795,,-97.7238064,30.3235646,POINT (-97.7238064 30.3235646)
1796,,-97.7062851,30.2863205,POINT (-97.7062851 30.2863205)
1797,,-97.7064862,30.2862777,POINT (-97.7064862 30.2862777)
1798,,-97.7260229,30.3257554,POINT (-97.7260229 30.3257554)
1799,,-97.721425,30.3262091,POINT (-97.721425 30.3262091)
1800,,-97.720432,30.328895,POINT (-97.720432 30.328895)
1801,,-97.7221659,30.3296873,POINT (-97.7221659 30.3296873)
1802,,-97.718685,30.328051,POINT (-97.718685 30.328051)
1803,,-97.7199341,30.3296842,POINT (-97.7199341 30.3296842)
1804,,-97.719474,30.330407,POINT (-97.719474 30.330407)
1805,,-97.7190369,30.3311188,POINT (-97.7190369 30.3311188)
1806,,-97.7183908,30.3319483,POINT (-97.7183908 30.3319483)
1807,,-97.7068315,30.2876148,POINT (-97.7068315 30.2876148)
1808,,-97.71771,30.332805,POINT (-97.71771 30.332805)
1809,,-97.7152881,30.3365161,POINT (-97.7152881 30.3365161)
1810,,-97.7144352,30.3378046,POINT (-97.7144352 30.3378046)
1811,,-97.713919,30.338589,POINT (-97.713919 30.338589)
1812,,-97.715485,30.338285,POINT (-97.715485 30.338285)
1813,,-97.7118936,30.3365918,POINT (-97.7118936 30.3365918)
1814,,-97.713398,30.3393738,POINT (-97.713398 30.3393738)
1815,,-97.7128931,30.3401636,POINT (-97.7128931 30.3401636)
1816,,-97.7125296,30.340957,POINT (-97.7125296 30.340957)
1817,,-97.7125058,30.3430709,POINT (-97.7125058 30.3430709)
1818,,-97.7107615,30.3441671,POINT (-97.7107615 30.3441671)
1819,,-97.7125098,30.3418947,POINT (-97.7125098 30.3418947)
1820,,-97.7140262,30.3435093,POINT (-97.7140262 30.3435093)
1821,,-97.709614,30.345886,POINT (-97.709614 30.345886)
1822,,-97.7071239,30.2891893,POINT (-97.7071239 30.2891893)
1823,,-97.7067961,30.3445254,POINT (-97.7067961 30.3445254)
1824,,-97.7073541,30.2891807,POINT (-97.7073541 30.2891807)
1825,,-97.707257,30.2903161,POINT (-97.707257 30.2903161)
1826,,-97.8397129,30.204888,POINT (-97.8397129 30.204888)
1827,,-97.8389557,30.2045735,POINT (-97.8389557 30.2045735)
1828,,-97.8405934,30.205012,POINT (-97.8405934 30.205012)
1829,,-97.715166,30.425595,POINT (-97.715166 30.425595)
1830,,-97.7182085,30.4271955,POINT (-97.7182085 30.4271955)
1831,,-97.7044429,30.2890058,POINT (-97.7044429 30.2890058)
1832,,-97.801146,30.477972,POINT (-97.801146 30.477972)
1833,,-97.8032465,30.4815483,POINT (-97.8032465 30.4815483)
1834,,-97.707777,30.2941565,POINT (-97.707777 30.2941565)
1835,,-97.7079482,30.2938967,POINT (-97.7079482 30.2938967)
1836,,-97.7071552,30.2941534,POINT (-97.7071552 30.2941534)
1837,,-97.7088967,30.2978661,POINT (-97.7088967 30.2978661)
1838,,-97.7038262,30.2540785,POINT (-97.7038262 30.2540785)
1839,,-97.707332,30.2979791,POINT (-97.707332 30.2979791)
1840,,-97.704388,30.2578044,POINT (-97.704388 30.2578044)
1841,,-97.7030896,30.2569894,POINT (-97.7030896 30.2569894)
1842,,-97.7094834,30.2600983,POINT (-97.7094834 30.2600983)
1843,,-97.7089479,30.2975591,POINT (-97.7089479 30.2975591)
1844,,-97.7375761,30.4086707,POINT (-97.7375761 30.4086707)
1845,,-97.7380253,30.4079978,POINT (-97.7380253 30.4079978)
1846,,-97.7368122,30.4098325,POINT (-97.7368122 30.4098325)
1847,,-97.709605,30.298689,POINT (-97.709605 30.298689)
1848,,-97.7092531,30.298009,POINT (-97.7092531 30.298009)
1849,,-97.7091235,30.2978252,POINT (-97.7091235 30.2978252)
1850,,-97.6914311,30.2844987,POINT (-97.6914311 30.2844987)
1851,,-97.690613,30.2846233,POINT (-97.690613 30.2846233)
1852,,-97.6930329,30.2842319,POINT (-97.6930329 30.2842319)
1853,,-97.7375104,30.2943161,POINT (-97.7375104 30.2943161)
1854,,-97.7384613,30.2947768,POINT (-97.7384613 30.2947768)
1855,,-97.736036,30.2931698,POINT (-97.736036 30.2931698)
1856,,-97.7107125,30.299466,POINT (-97.7107125 30.299466)
1857,,-97.7126424,30.3004441,POINT (-97.7126424 30.3004441)
1858,,-97.73942,30.2952277,POINT (-97.73942 30.2952277)
1859,,-97.7397633,30.2953923,POINT (-97.7397633 30.2953923)
1860,,-97.740298,30.2956482,POINT (-97.740298 30.2956482)
1861,,-97.7415877,30.2953605,POINT (-97.7415877 30.2953605)
1862,,-97.7127676,30.3005065,POINT (-97.7127676 30.3005065)
1863,,-97.7140466,30.3011188,POINT (-97.7140466 30.3011188)
1864,,-97.754649,30.30264,POINT (-97.754649 30.30264)
1865,,-97.754153,30.303367,POINT (-97.754153 30.303367)
1866,,-97.7159302,30.3048583,POINT (-97.7159302 30.3048583)
1867,,-97.7157046,30.3076597,POINT (-97.7157046 30.3076597)
1868,,-97.7469902,30.2990357,POINT (-97.7469902 30.2990357)
1869,,-97.7482974,30.2983602,POINT (-97.7482974 30.2983602)
1870,,-97.7466866,30.2995176,POINT (-97.7466866 30.2995176)
1871,,-97.7471853,30.2987724,POINT (-97.7471853 30.2987724)
1872,,-97.8047137,30.2260031,POINT (-97.8047137 30.2260031)
1873,,-97.8045408,30.225921,POINT (-97.8045408 30.225921)
1874,,-97.8493193,30.2249984,POINT (-97.8493193 30.2249984)
1875,,-97.8506074,30.2251018,POINT (-97.8506074 30.2251018)
1876,,-97.7156196,30.3084102,POINT (-97.7156196 30.3084102)
1877,,-97.7219545,30.273437,POINT (-97.7219545 30.273437)
1878,,-97.8609152,30.3700683,POINT (-97.8609152 30.3700683)
1879,,-97.7231762,30.2794189,POINT (-97.7231762 30.2794189)
1880,,-97.7240777,30.2834669,POINT (-97.7240777 30.2834669)
1881,,-97.715554,30.3092129,POINT (-97.715554 30.3092129)
1882,,-97.7262285,30.2587269,POINT (-97.7262285 30.2587269)
1883,,-97.7225505,30.2667705,POINT (-97.7225505 30.2667705)
1884,,-97.7210486,30.2694013,POINT (-97.7210486 30.2694013)
1885,,-97.7155089,30.3100124,POINT (-97.7155089 30.3100124)
1886,,-97.7698918,30.4241197,POINT (-97.7698918 30.4241197)
1887,,-97.7703005,30.4236722,POINT (-97.7703005 30.4236722)
1888,,-97.7695702,30.4244134,POINT (-97.7695702 30.4244134)
1889,,-97.7209764,30.3026833,POINT (-97.7209764 30.3026833)
1890,,-97.720586,30.3032953,POINT (-97.720586 30.3032953)
1891,,-97.7215475,30.3014936,POINT (-97.7215475 30.3014936)
1892,,-97.7154116,30.3111042,POINT (-97.7154116 30.3111042)
1893,,-97.7261011,30.3046639,POINT (-97.7261011 30.3046639)
1894,,-97.7247085,30.3068412,POINT (-97.7247085 30.3068412)
1895,,-97.7265934,30.3038706,POINT (-97.7265934 30.3038706)
1896,,-97.8614388,30.3693056,POINT (-97.8614388 30.3693056)
1897,,-97.7150179,30.2548063,POINT (-97.7150179 30.2548063)
1898,,-97.7163585,30.2552587,POINT (-97.7163585 30.2552587)
1899,,-97.7153541,30.3120972,POINT (-97.7153541 30.3120972)
1900,,-97.7123894,30.2538893,POINT (-97.7123894 30.2538893)
1901,,-97.7137604,30.2575282,POINT (-97.7137604 30.2575282)
1902,,-97.7116179,30.2567811,POINT (-97.7116179 30.2567811)
1903,,-97.7159223,30.2621944,POINT (-97.7159223 30.2621944)
1904,,-97.7153981,30.2624401,POINT (-97.7153981 30.2624401)
1905,,-97.7148997,30.3118812,POINT (-97.7148997 30.3118812)
1906,,-97.7167598,30.261803,POINT (-97.7167598 30.261803)
1907,,-97.7157864,30.3122284,POINT (-97.7157864 30.3122284)
1908,,-97.7470772,30.3353887,POINT (-97.7470772 30.3353887)
1909,,-97.7459927,30.3357725,POINT (-97.7459927 30.3357725)
1910,,-97.7460961,30.3389251,POINT (-97.7460961 30.3389251)
1911,,-97.7469402,30.3393295,POINT (-97.7469402 30.3393295)
1912,,-97.7451348,30.3384598,POINT (-97.7451348 30.3384598)
1913,,-97.7217961,30.2844812,POINT (-97.7217961 30.2844812)
1914,,-97.7207906,30.2840072,POINT (-97.7207906 30.2840072)
1915,,-97.7152645,30.3130922,POINT (-97.7152645 30.3130922)
1916,,-97.7150324,30.3140243,POINT (-97.7150324 30.3140243)
1917,,-97.7164312,30.2932817,POINT (-97.7164312 30.2932817)
1918,,-97.7155575,30.2927269,POINT (-97.7155575 30.2927269)
1919,,-97.7170909,30.2936814,POINT (-97.7170909 30.2936814)
1920,,-97.6672717,30.4149274,POINT (-97.6672717 30.4149274)
1921,,-97.6702499,30.4175449,POINT (-97.6702499 30.4175449)
1922,,-97.6634454,30.4143397,POINT (-97.6634454 30.4143397)
1923,,-97.6664324,30.4205183,POINT (-97.6664324 30.4205183)
1924,,-97.6723709,30.4179347,POINT (-97.6723709 30.4179347)
1925,,-97.6721064,30.4193022,POINT (-97.6721064 30.4193022)
1926,,-97.8496909,30.2481191,POINT (-97.8496909 30.2481191)
1927,,-97.8497982,30.2479847,POINT (-97.8497982 30.2479847)
1928,,-97.8528982,30.2496576,POINT (-97.8528982 30.2496576)
1929,,-97.718522,30.345694,POINT (-97.718522 30.345694)
1930,,-97.720813,30.346807,POINT (-97.720813 30.346807)
1931,,-97.7172305,30.3450619,POINT (-97.7172305 30.3450619)
1932,,-97.7162929,30.3492189,POINT (-97.7162929 30.3492189)
1933,,-97.7170201,30.3495652,POINT (-97.7170201 30.3495652)
1934,,-97.7145488,30.3483644,POINT (-97.7145488 30.3483644)
1935,,-97.7147823,30.31471,POINT (-97.7147823 30.31471)
1936,,-97.7540897,30.3152597,POINT (-97.7540897 30.3152597)
1937,,-97.7545568,30.3162603,POINT (-97.7545568 30.3162603)
1938,,-97.753692,30.314389,POINT (-97.753692 30.314389)
1939,,-97.7400074,30.3099999,POINT (-97.7400074 30.3099999)
1940,,-97.7407195,30.3089272,POINT (-97.7407195 30.3089272)
1941,,-97.7392998,30.3110277,POINT (-97.7392998 30.3110277)
1942,,-97.7146549,30.3149838,POINT (-97.7146549 30.3149838)
1943,,-97.7131108,30.3143292,POINT (-97.7131108 30.3143292)
1944,,-97.7425948,30.3112262,POINT (-97.7425948 30.3112262)
1945,,-97.7423355,30.312461,POINT (-97.7423355 30.312461)
1946,,-97.7426458,30.3098431,POINT (-97.7426458 30.3098431)
1947,,-97.7149832,30.3150636,POINT (-97.7149832 30.3150636)
1948,,-97.7144977,30.3153011,POINT (-97.7144977 30.3153011)
1949,,-97.7127039,30.3190059,POINT (-97.7127039 30.3190059)
1950,,-97.7124572,30.319561,POINT (-97.7124572 30.319561)
1951,,-97.7128293,30.3187395,POINT (-97.7128293 30.3187395)
1952,,-97.7124533,30.3199136,POINT (-97.7124533 30.3199136)
1953,,-97.712041,30.3199838,POINT (-97.712041 30.3199838)
1954,,-97.7128921,30.3209641,POINT (-97.7128921 30.3209641)
1955,,-97.7130873,30.320913,POINT (-97.7130873 30.320913)
1956,,-97.7050725,30.3669612,POINT (-97.7050725 30.3669612)
1957,,-97.7062258,30.3674406,POINT (-97.7062258 30.3674406)
1958,,-97.704047,30.3685602,POINT (-97.704047 30.3685602)
1959,,-97.7046776,30.3688572,POINT (-97.7046776 30.3688572)
1960,,-97.7132913,30.3213335,POINT (-97.7132913 30.3213335)
1961,,-97.7006144,30.3669905,POINT (-97.7006144 30.3669905)
1962,,-97.7714953,30.2915105,POINT (-97.7714953 30.2915105)
1963,,-97.7716976,30.2912024,POINT (-97.7716976 30.2912024)
1964,,-97.7713931,30.2916959,POINT (-97.7713931 30.2916959)
1965,,-97.770815,30.292573,POINT (-97.770815 30.292573)
1966,,-97.7137755,30.3216322,POINT (-97.7137755 30.3216322)
1967,,-97.7134795,30.3212892,POINT (-97.7134795 30.3212892)
1968,,-97.7156187,30.3238699,POINT (-97.7156187 30.3238699)
1969,,-97.7764794,30.2947619,POINT (-97.7764794 30.2947619)
1970,,-97.776987,30.29395,POINT (-97.776987 30.29395)
1971,,-97.7160849,30.3270304,POINT (-97.7160849 30.3270304)
1972,,-97.7171602,30.3273299,POINT (-97.7171602 30.3273299)
1973,,-97.7160338,30.3255985,POINT (-97.7160338 30.3255985)
1974,,-97.7388014,30.2497918,POINT (-97.7388014 30.2497918)
1975,,-97.7387601,30.2499056,POINT (-97.7387601 30.2499056)
1976,,-97.7158649,30.3287841,POINT (-97.7158649 30.3287841)
1977,,-97.736639,30.248411,POINT (-97.736639 30.248411)
1978,,-97.739235,30.248716,POINT (-97.739235 30.248716)
1979,,-97.739631,30.24777,POINT (-97.739631 30.24777)
1980,,-97.740053,30.247165,POINT (-97.740053 30.247165)
1981,,-97.740471,30.246566,POINT (-97.740471 30.246566)
1982,,-97.741121,30.245616,POINT (-97.741121 30.245616)
1983,,-97.7188348,30.3376018,POINT (-97.7188348 30.3376018)
1984,,-97.7190161,30.337672,POINT (-97.7190161 30.337672)
1985,,-97.7428,30.245152,POINT (-97.7428 30.245152)
1986,,-97.743189,30.244088,POINT (-97.743189 30.244088)
1987,,-97.741188,30.243109,POINT (-97.741188 30.243109)
1988,,-97.7186378,30.33714,POINT (-97.7186378 30.33714)
1989,,-97.7453112,30.2380283,POINT (-97.7453112 30.2380283)
1990,,-97.7444527,30.2372793,POINT (-97.7444527 30.2372793)
1991,,-97.7463983,30.2389736,POINT (-97.7463983 30.2389736)
1992,,-97.8171192,30.1637697,POINT (-97.8171192 30.1637697)
1993,,-97.8170887,30.1629991,POINT (-97.8170887 30.1629991)
1994,,-97.8177649,30.165056,POINT (-97.8177649 30.165056)
1995,,-97.7186078,30.3380015,POINT (-97.7186078 30.3380015)
1996,,-97.854205,30.361953,POINT (-97.854205 30.361953)
1997,,-97.851758,30.36267,POINT (-97.851758 30.36267)
1998,,-97.7067254,30.2867939,POINT (-97.7067254 30.2867939)
1999,,-97.7069906,30.2861966,POINT (-97.7069906 30.2861966)
2000,,-97.855191,30.362027,POINT (-97.855191 30.362027)
2001,,-97.728039,30.3626077,POINT (-97.728039 30.3626077)
2002,,-97.727318,30.362251,POINT (-97.727318 30.362251)
2003,,-97.729061,30.362911,POINT (-97.729061 30.362911)
2004,,-97.9263406,30.190829,POINT (-97.9263406 30.190829)
2005,,-97.9267442,30.1902159,POINT (-97.9267442 30.1902159)
2006,,-97.9255069,30.1920243,POINT (-97.9255069 30.1920243)
2007,,-97.7080075,30.294366,POINT (-97.7080075 30.294366)
2008,,-97.7110035,30.2284714,POINT (-97.7110035 30.2284714)
2009,,-97.7105793,30.2282578,POINT (-97.7105793 30.2282578)
2010,,-97.7097094,30.2984994,POINT (-97.7097094 30.2984994)
2011,,-97.7421991,30.2246858,POINT (-97.7421991 30.2246858)
2012,,-97.7160151,30.303371,POINT (-97.7160151 30.303371)
2013,,-97.716196,30.301992,POINT (-97.716196 30.301992)
2014,,-97.7124734,30.378946,POINT (-97.7124734 30.378946)
2015,,-97.7159243,30.3805935,POINT (-97.7159243 30.3805935)
2016,,-97.712022,30.3787305,POINT (-97.712022 30.3787305)
2017,,-97.7000975,30.2585146,POINT (-97.7000975 30.2585146)
2018,,-97.665497,30.31235,POINT (-97.665497 30.31235)
2019,,-97.6650013,30.3130955,POINT (-97.6650013 30.3130955)
2020,,-97.665988,30.311577,POINT (-97.665988 30.311577)
2021,,-97.6903922,30.2469203,POINT (-97.6903922 30.2469203)
2022,,-97.6905377,30.2473852,POINT (-97.6905377 30.2473852)
2023,,-97.8002904,30.1966303,POINT (-97.8002904 30.1966303)
2024,,-97.7995066,30.1962723,POINT (-97.7995066 30.1962723)
2025,,-97.8021482,30.1974887,POINT (-97.8021482 30.1974887)
2026,,-97.6893686,30.2490414,POINT (-97.6893686 30.2490414)
2027,,-97.6913004,30.2497845,POINT (-97.6913004 30.2497845)
2028,,-97.7540718,30.2391632,POINT (-97.7540718 30.2391632)
2029,,-97.7546974,30.2395126,POINT (-97.7546974 30.2395126)
2030,,-97.755772,30.240158,POINT (-97.755772 30.240158)
2031,,-97.756452,30.240587,POINT (-97.756452 30.240587)
2032,,-97.6927001,30.2508881,POINT (-97.6927001 30.2508881)
2033,,-97.756924,30.240844,POINT (-97.756924 30.240844)
2034,,-97.7579852,30.24135,POINT (-97.7579852 30.24135)
2035,,-97.759622,30.242111,POINT (-97.759622 30.242111)
2036,,-97.7612122,30.2396508,POINT (-97.7612122 30.2396508)
2037,,-97.7584618,30.2433073,POINT (-97.7584618 30.2433073)
2038,,-97.7185105,30.3370294,POINT (-97.7185105 30.3370294)
2039,,-97.7605339,30.2425287,POINT (-97.7605339 30.2425287)
2040,,-97.7613967,30.2427862,POINT (-97.7613967 30.2427862)
2041,,-97.7622953,30.2430562,POINT (-97.7622953 30.2430562)
2042,,-97.7631684,30.2433341,POINT (-97.7631684 30.2433341)
2043,,-97.7185367,30.337173,POINT (-97.7185367 30.337173)
2044,,-97.7643323,30.2439179,POINT (-97.7643323 30.2439179)
2045,,-97.7651196,30.2442756,POINT (-97.7651196 30.2442756)
2046,,-97.7649106,30.2418684,POINT (-97.7649106 30.2418684)
2047,,-97.7641152,30.2450977,POINT (-97.7641152 30.2450977)
2048,,-97.76781,30.245117,POINT (-97.76781 30.245117)
2049,,-97.7176626,30.3353487,POINT (-97.7176626 30.3353487)
2050,,-97.7692646,30.24655,POINT (-97.7692646 30.24655)
2051,,-97.770757,30.248212,POINT (-97.770757 30.248212)
2052,,-97.717733,30.2633799,POINT (-97.717733 30.2633799)
2053,,-97.7178537,30.2642969,POINT (-97.7178537 30.2642969)
2054,,-97.7175955,30.2624471,POINT (-97.7175955 30.2624471)
2055,,-97.741772,30.2708441,POINT (-97.741772 30.2708441)
2056,,-97.7421173,30.269914,POINT (-97.7421173 30.269914)
2057,,-97.861496,30.3670393,POINT (-97.861496 30.3670393)
2058,,-97.741431,30.2718012,POINT (-97.741431 30.2718012)
2059,,-97.739359,30.2701861,POINT (-97.739359 30.2701861)
2060,,-97.7397118,30.2692427,POINT (-97.7397118 30.2692427)
2061,,-97.7382735,30.2698917,POINT (-97.7382735 30.2698917)
2062,,-97.7379251,30.2708231,POINT (-97.7379251 30.2708231)
2063,,-97.7361415,30.2692967,POINT (-97.7361415 30.2692967)
2064,,-97.735793,30.2702281,POINT (-97.735793 30.2702281)
2065,,-97.7364973,30.2683457,POINT (-97.7364973 30.2683457)
2066,,-97.809282,30.441719,POINT (-97.809282 30.441719)
2067,,-97.7922756,30.1367073,POINT (-97.7922756 30.1367073)
2068,,-97.732144,30.351731,POINT (-97.732144 30.351731)
2069,,-97.7332245,30.3522624,POINT (-97.7332245 30.3522624)
2070,,-97.6942265,30.2778316,POINT (-97.6942265 30.2778316)
2071,,-97.6927586,30.2780592,POINT (-97.6927586 30.2780592)
2072,,-97.6945557,30.2777806,POINT (-97.6945557 30.2777806)
2073,,-97.69551,30.281367,POINT (-97.69551 30.281367)
2074,,-97.6961188,30.2775383,POINT (-97.6961188 30.2775383)
2075,,-97.6961444,30.2837485,POINT (-97.6961444 30.2837485)
2076,,-97.6981348,30.2834416,POINT (-97.6981348 30.2834416)
2077,,-97.6940097,30.2840804,POINT (-97.6940097 30.2840804)
2078,,-97.6967221,30.2850592,POINT (-97.6967221 30.2850592)
2079,,-97.6982866,30.2884742,POINT (-97.6982866 30.2884742)
2080,,-97.6981008,30.2881362,POINT (-97.6981008 30.2881362)
2081,,-97.8151837,30.1738025,POINT (-97.8151837 30.1738025)
2082,,-97.814416,30.1738124,POINT (-97.814416 30.1738124)
2083,,-97.8040339,30.482143,POINT (-97.8040339 30.482143)
2084,,-97.8017986,30.4783125,POINT (-97.8017986 30.4783125)
2085,,-97.8596763,30.365847,POINT (-97.8596763 30.365847)
2086,,-97.7422999,30.4439621,POINT (-97.7422999 30.4439621)
2087,,-97.7425463,30.4438683,POINT (-97.7425463 30.4438683)
2088,,-97.7444335,30.4430255,POINT (-97.7444335 30.4430255)
2089,,-97.7424849,30.4437372,POINT (-97.7424849 30.4437372)
2090,,-97.7464004,30.4423226,POINT (-97.7464004 30.4423226)
2091,,-97.7505738,30.4407136,POINT (-97.7505738 30.4407136)
2092,,-97.7524351,30.4400372,POINT (-97.7524351 30.4400372)
2093,,-97.7529006,30.4398543,POINT (-97.7529006 30.4398543)
2094,,-97.7542284,30.4393591,POINT (-97.7542284 30.4393591)
2095,,-97.663943,30.314603,POINT (-97.663943 30.314603)
2096,,-97.7554634,30.4389867,POINT (-97.7554634 30.4389867)
2097,,-97.7581562,30.4381404,POINT (-97.7581562 30.4381404)
2098,,-97.7005521,30.4330533,POINT (-97.7005521 30.4330533)
2099,,-97.7011334,30.4312633,POINT (-97.7011334 30.4312633)
2100,,-97.835125,30.3921687,POINT (-97.835125 30.3921687)
2101,,-97.8352594,30.3921685,POINT (-97.8352594 30.3921685)
2102,,-97.8239163,30.1992045,POINT (-97.8239163 30.1992045)
2103,,-97.8255345,30.1991111,POINT (-97.8255345 30.1991111)
2104,,-97.8357214,30.2059035,POINT (-97.8357214 30.2059035)
2105,,-97.8362404,30.2050338,POINT (-97.8362404 30.2050338)
2106,,-97.8414943,30.2051117,POINT (-97.8414943 30.2051117)
2107,,-97.8421975,30.2024526,POINT (-97.8421975 30.2024526)
2108,,-97.8412784,30.2021274,POINT (-97.8412784 30.2021274)
2109,,-97.7075763,30.2678702,POINT (-97.7075763 30.2678702)
2110,,-97.7079416,30.2672473,POINT (-97.7079416 30.2672473)
2111,,-97.7069124,30.2690032,POINT (-97.7069124 30.2690032)
2112,,-97.7069797,30.2676615,POINT (-97.7069797 30.2676615)
2113,,-97.706544,30.2675136,POINT (-97.706544 30.2675136)
2114,,-97.7052836,30.2670859,POINT (-97.7052836 30.2670859)
2115,,-97.6989206,30.2648639,POINT (-97.6989206 30.2648639)
2116,,-97.6987781,30.264813,POINT (-97.6987781 30.264813)
2117,,-97.6974557,30.2643432,POINT (-97.6974557 30.2643432)
2118,,-97.6965592,30.2640252,POINT (-97.6965592 30.2640252)
2119,,-97.698187,30.2615,POINT (-97.698187 30.2615)
2120,,-97.6957777,30.2652186,POINT (-97.6957777 30.2652186)
2121,,-97.7235704,30.3303312,POINT (-97.7235704 30.3303312)
2122,,-97.7282225,30.3012561,POINT (-97.7282225 30.3012561)
2123,,-97.72816,30.3013587,POINT (-97.72816 30.3013587)
2124,,-97.7287073,30.3004709,POINT (-97.7287073 30.3004709)
2125,,-97.7226796,30.298602,POINT (-97.7226796 30.298602)
2126,,-97.722981,30.2973063,POINT (-97.722981 30.2973063)
2127,,-97.7223921,30.2997145,POINT (-97.7223921 30.2997145)
2128,,-97.7187429,30.29673,POINT (-97.7187429 30.29673)
2129,,-97.7194082,30.2956073,POINT (-97.7194082 30.2956073)
2130,,-97.7276056,30.3022476,POINT (-97.7276056 30.3022476)
2131,,-97.6444098,30.1962406,POINT (-97.6444098 30.1962406)
2132,,-97.6421206,30.1981336,POINT (-97.6421206 30.1981336)
2133,,-97.6451712,30.1956772,POINT (-97.6451712 30.1956772)
2134,,-97.6466406,30.1805718,POINT (-97.6466406 30.1805718)
2135,,-97.659318,30.167359,POINT (-97.659318 30.167359)
2136,,-97.6635884,30.1703436,POINT (-97.6635884 30.1703436)
2137,,-97.6605929,30.1663226,POINT (-97.6605929 30.1663226)
2138,,-97.6690976,30.1535843,POINT (-97.6690976 30.1535843)
2139,,-97.6701246,30.1530116,POINT (-97.6701246 30.1530116)
2140,,-97.759111,30.244906,POINT (-97.759111 30.244906)
2141,,-97.7605556,30.2453589,POINT (-97.7605556 30.2453589)
2142,,-97.662958,30.162839,POINT (-97.662958 30.162839)
2143,,-97.7577148,30.2444856,POINT (-97.7577148 30.2444856)
2144,,-97.7788118,30.2070118,POINT (-97.7788118 30.2070118)
2145,,-97.7773358,30.206191,POINT (-97.7773358 30.206191)
2146,,-97.7560353,30.2554714,POINT (-97.7560353 30.2554714)
2147,,-97.7558268,30.2558855,POINT (-97.7558268 30.2558855)
2148,,-97.8864574,30.2371849,POINT (-97.8864574 30.2371849)
2149,,-97.8869631,30.237743,POINT (-97.8869631 30.237743)
2150,,-97.8839723,30.2364843,POINT (-97.8839723 30.2364843)
2151,,-97.6393848,30.3112191,POINT (-97.6393848 30.3112191)
2152,,-97.6432872,30.3078579,POINT (-97.6432872 30.3078579)
2153,,-97.6436985,30.30712,POINT (-97.6436985 30.30712)
2154,,-97.644119,30.306477,POINT (-97.644119 30.306477)
2155,,-97.644545,30.305842,POINT (-97.644545 30.305842)
2156,,-97.6449672,30.3051746,POINT (-97.6449672 30.3051746)
2157,,-97.6453787,30.304532,POINT (-97.6453787 30.304532)
2158,,-97.645866,30.303832,POINT (-97.645866 30.303832)
2159,,-97.6462808,30.303186,POINT (-97.6462808 30.303186)
2160,,-97.6482161,30.3002782,POINT (-97.6482161 30.3002782)
2161,,-97.6482739,30.3001872,POINT (-97.6482739 30.3001872)
2162,,-97.6505668,30.3013702,POINT (-97.6505668 30.3013702)
2163,,-97.7250398,30.3430543,POINT (-97.7250398 30.3430543)
2164,,-97.7250893,30.3437588,POINT (-97.7250893 30.3437588)
2165,,-97.7253713,30.3422067,POINT (-97.7253713 30.3422067)
2166,,-97.8215982,30.1776201,POINT (-97.8215982 30.1776201)
2167,,-97.8215426,30.1776968,POINT (-97.8215426 30.1776968)
2168,,-97.822609,30.175996,POINT (-97.822609 30.175996)
2169,,-97.857018,30.364378,POINT (-97.857018 30.364378)
2170,,-97.774075,30.221614,POINT (-97.774075 30.221614)
2171,,-97.7750355,30.2220769,POINT (-97.7750355 30.2220769)
2172,,-97.7729155,30.2210614,POINT (-97.7729155 30.2210614)
2173,,-97.8324402,30.1828684,POINT (-97.8324402 30.1828684)
2174,,-97.8328143,30.1817895,POINT (-97.8328143 30.1817895)
2175,,-97.8320185,30.1835309,POINT (-97.8320185 30.1835309)
2176,,-97.738777,30.357797,POINT (-97.738777 30.357797)
2177,,-97.738283,30.359705,POINT (-97.738283 30.359705)
2178,,-97.7365604,30.3568248,POINT (-97.7365604 30.3568248)
2179,,-97.7441303,30.3589797,POINT (-97.7441303 30.3589797)
2180,,-97.7408659,30.3610292,POINT (-97.7408659 30.3610292)
2181,,-97.7949703,30.2192461,POINT (-97.7949703 30.2192461)
2182,,-97.6679466,30.3108601,POINT (-97.6679466 30.3108601)
2183,,-97.6686707,30.3113084,POINT (-97.6686707 30.3113084)
2184,,-97.6671686,30.3100793,POINT (-97.6671686 30.3100793)
2185,,-97.7657137,30.2515374,POINT (-97.7657137 30.2515374)
2186,,-97.7658439,30.2505383,POINT (-97.7658439 30.2505383)
2187,,-97.762587,30.254248,POINT (-97.762587 30.254248)
2188,,-97.7457538,30.3481837,POINT (-97.7457538 30.3481837)
2189,,-97.7455688,30.346617,POINT (-97.7455688 30.346617)
2190,,-97.7629646,30.2384649,POINT (-97.7629646 30.2384649)
2191,,-97.7638024,30.2387504,POINT (-97.7638024 30.2387504)
2192,,-97.7078008,30.3800977,POINT (-97.7078008 30.3800977)
2193,,-97.707264,30.379612,POINT (-97.707264 30.379612)
2194,,-97.708361,30.380578,POINT (-97.708361 30.380578)
2195,,-97.7621446,30.2381855,POINT (-97.7621446 30.2381855)
2196,,-97.7192344,30.3153207,POINT (-97.7192344 30.3153207)
2197,,-97.7185193,30.3163863,POINT (-97.7185193 30.3163863)
2198,,-97.7199241,30.3142396,POINT (-97.7199241 30.3142396)
2199,,-97.768468,30.2331938,POINT (-97.768468 30.2331938)
2200,,-97.7677493,30.2328496,POINT (-97.7677493 30.2328496)
2201,,-97.7687574,30.232742,POINT (-97.7687574 30.232742)
2202,,-97.7088694,30.3100062,POINT (-97.7088694 30.3100062)
2203,,-97.7080821,30.3106515,POINT (-97.7080821 30.3106515)
2204,,-97.70972,30.3090673,POINT (-97.70972 30.3090673)
2205,,-97.7692096,30.2320358,POINT (-97.7692096 30.2320358)
2206,,-97.7694372,30.2316784,POINT (-97.7694372 30.2316784)
2207,,-97.7525321,30.3397499,POINT (-97.7525321 30.3397499)
2208,,-97.7521906,30.3405014,POINT (-97.7521906 30.3405014)
2209,,-97.751606,30.343094,POINT (-97.751606 30.343094)
2210,,-97.750656,30.3399761,POINT (-97.750656 30.3399761)
2211,,-97.795071,30.3759323,POINT (-97.795071 30.3759323)
2212,,-97.7954649,30.3765367,POINT (-97.7954649 30.3765367)
2213,,-97.7942893,30.3755708,POINT (-97.7942893 30.3755708)
2214,,-97.7521641,30.3451689,POINT (-97.7521641 30.3451689)
2215,,-97.7520782,30.3453079,POINT (-97.7520782 30.3453079)
2216,,-97.7541334,30.342067,POINT (-97.7541334 30.342067)
2217,,-97.7700922,30.2306043,POINT (-97.7700922 30.2306043)
2218,,-97.7579801,30.3529964,POINT (-97.7579801 30.3529964)
2219,,-97.7566695,30.3550525,POINT (-97.7566695 30.3550525)
2220,,-97.760189,30.354045,POINT (-97.760189 30.354045)
2221,,-97.757014,30.352064,POINT (-97.757014 30.352064)
2222,,-97.7566066,30.3551542,POINT (-97.7566066 30.3551542)
2223,,-97.7578144,30.3556687,POINT (-97.7578144 30.3556687)
2224,,-97.855329,30.362929,POINT (-97.855329 30.362929)
2225,,-97.7540091,30.358919,POINT (-97.7540091 30.358919)
2226,,-97.7531648,30.3601431,POINT (-97.7531648 30.3601431)
2227,,-97.7524514,30.3611869,POINT (-97.7524514 30.3611869)
2228,,-97.7715424,30.2283687,POINT (-97.7715424 30.2283687)
2229,,-97.844971,30.373204,POINT (-97.844971 30.373204)
2230,,-97.845235,30.372164,POINT (-97.845235 30.372164)
2231,,-97.701628,30.35004,POINT (-97.701628 30.35004)
2232,,-97.700756,30.351081,POINT (-97.700756 30.351081)
2233,,-97.702274,30.349148,POINT (-97.702274 30.349148)
2234,,-97.7718816,30.2279668,POINT (-97.7718816 30.2279668)
2235,,-97.7771302,30.2278084,POINT (-97.7771302 30.2278084)
2236,,-97.7832478,30.2809356,POINT (-97.7832478 30.2809356)
2237,,-97.7825314,30.2802657,POINT (-97.7825314 30.2802657)
2238,,-97.7840125,30.2816692,POINT (-97.7840125 30.2816692)
2239,,-97.778633,30.2280833,POINT (-97.778633 30.2280833)
2240,,-97.715344,30.271341,POINT (-97.715344 30.271341)
2241,,-97.7155611,30.2723659,POINT (-97.7155611 30.2723659)
2242,,-97.715123,30.2703344,POINT (-97.715123 30.2703344)
2243,,-97.7964122,30.136804,POINT (-97.7964122 30.136804)
2244,,-97.7954686,30.1367964,POINT (-97.7954686 30.1367964)
2245,,-97.7892592,30.1366167,POINT (-97.7892592 30.1366167)
2246,,-97.7236545,30.2567842,POINT (-97.7236545 30.2567842)
2247,,-97.7233459,30.2566739,POINT (-97.7233459 30.2566739)
2248,,-97.703562,30.314198,POINT (-97.703562 30.314198)
2249,,-97.7028278,30.3147578,POINT (-97.7028278 30.3147578)
2250,,-97.704271,30.313652,POINT (-97.704271 30.313652)
2251,,-97.6950782,30.3099543,POINT (-97.6950782 30.3099543)
2252,,-97.6945945,30.3107279,POINT (-97.6945945 30.3107279)
2253,,-97.6955448,30.3092109,POINT (-97.6955448 30.3092109)
2254,,-97.692036,30.30735,POINT (-97.692036 30.30735)
2255,,-97.7222616,30.2573379,POINT (-97.7222616 30.2573379)
2256,,-97.7636388,30.2638678,POINT (-97.7636388 30.2638678)
2257,,-97.764988,30.264769,POINT (-97.764988 30.264769)
2258,,-97.7430805,30.2359849,POINT (-97.7430805 30.2359849)
2259,,-97.7429154,30.2358118,POINT (-97.7429154 30.2358118)
2260,,-97.7436192,30.2365015,POINT (-97.7436192 30.2365015)
2261,,-97.7425473,30.235488,POINT (-97.7425473 30.235488)
2262,,-97.7393866,30.3989324,POINT (-97.7393866 30.3989324)
2263,,-97.7392931,30.3988823,POINT (-97.7392931 30.3988823)
2264,,-97.7402136,30.3968735,POINT (-97.7402136 30.3968735)
2265,,-97.7395603,30.3905963,POINT (-97.7395603 30.3905963)
2266,,-97.7393491,30.3905918,POINT (-97.7393491 30.3905918)
2267,,-97.7420798,30.38538,POINT (-97.7420798 30.38538)
2268,,-97.7433038,30.3877342,POINT (-97.7433038 30.3877342)
2269,,-97.7395327,30.3920318,POINT (-97.7395327 30.3920318)
2270,,-97.7393713,30.3920437,POINT (-97.7393713 30.3920437)
2271,,-97.739557,30.3907608,POINT (-97.739557 30.3907608)
2272,,-97.740059,30.3968733,POINT (-97.740059 30.3968733)
2273,,-97.7326099,30.3978524,POINT (-97.7326099 30.3978524)
2274,,-97.7330738,30.3968756,POINT (-97.7330738 30.3968756)
2275,,-97.7100825,30.2714232,POINT (-97.7100825 30.2714232)
2276,,-97.7097629,30.2716042,POINT (-97.7097629 30.2716042)
2277,,-97.7103295,30.271288,POINT (-97.7103295 30.271288)
2278,,-97.7098814,30.2712119,POINT (-97.7098814 30.2712119)
2279,,-97.710083,30.2716207,POINT (-97.710083 30.2716207)
2280,,-97.706381,30.269898,POINT (-97.706381 30.269898)
2281,,-97.7416526,30.2948714,POINT (-97.7416526 30.2948714)
2282,,-97.6806067,30.341256,POINT (-97.6806067 30.341256)
2283,,-97.6783016,30.3439459,POINT (-97.6783016 30.3439459)
2284,,-97.733075,30.367767,POINT (-97.733075 30.367767)
2285,,-97.733486,30.367134,POINT (-97.733486 30.367134)
2286,,-97.732122,30.368636,POINT (-97.732122 30.368636)
2287,,-97.7568462,30.1938984,POINT (-97.7568462 30.1938984)
2288,,-97.7567896,30.1939787,POINT (-97.7567896 30.1939787)
2289,,-97.7264954,30.4188476,POINT (-97.7264954 30.4188476)
2290,,-97.7269284,30.418167,POINT (-97.7269284 30.418167)
2291,,-97.800895,30.332946,POINT (-97.800895 30.332946)
2292,,-97.801876,30.333848,POINT (-97.801876 30.333848)
2293,,-97.7997489,30.3327834,POINT (-97.7997489 30.3327834)
2294,,-97.802334,30.334196,POINT (-97.802334 30.334196)
2295,,-97.7557256,30.1934299,POINT (-97.7557256 30.1934299)
2296,,-97.8042002,30.334442,POINT (-97.8042002 30.334442)
2297,,-97.8042953,30.334442,POINT (-97.8042953 30.334442)
2298,,-97.804976,30.334636,POINT (-97.804976 30.334636)
2299,,-97.8061305,30.3352085,POINT (-97.8061305 30.3352085)
2300,,-97.806354,30.3353035,POINT (-97.806354 30.3353035)
2301,,-97.8078167,30.3330165,POINT (-97.8078167 30.3330165)
2302,,-97.75721,30.193151,POINT (-97.75721 30.193151)
2303,,-97.697454,30.354234,POINT (-97.697454 30.354234)
2304,,-97.6964625,30.3557107,POINT (-97.6964625 30.3557107)
2305,,-97.698714,30.353523,POINT (-97.698714 30.353523)
2306,,-97.762326,30.423955,POINT (-97.762326 30.423955)
2307,,-97.762759,30.423163,POINT (-97.762759 30.423163)
2308,,-97.8167234,30.2638395,POINT (-97.8167234 30.2638395)
2309,,-97.817591,30.271626,POINT (-97.817591 30.271626)
2310,,-97.7661563,30.2845284,POINT (-97.7661563 30.2845284)
2311,,-97.7664424,30.2838904,POINT (-97.7664424 30.2838904)
2312,,-97.756552,30.190613,POINT (-97.756552 30.190613)
2313,,-97.755352,30.189472,POINT (-97.755352 30.189472)
2314,,-97.6556095,30.415613,POINT (-97.6556095 30.415613)
2315,,-97.6576594,30.417553,POINT (-97.6576594 30.417553)
2316,,-97.7768679,30.40825,POINT (-97.7768679 30.40825)
2317,,-97.7766577,30.4073973,POINT (-97.7766577 30.4073973)
2318,,-97.7367459,30.1666467,POINT (-97.7367459 30.1666467)
2319,,-97.7308908,30.1645658,POINT (-97.7308908 30.1645658)
2320,,-97.7383661,30.1689942,POINT (-97.7383661 30.1689942)
2321,,-97.7385067,30.1689526,POINT (-97.7385067 30.1689526)
2322,,-97.739383,30.168648,POINT (-97.739383 30.168648)
2323,,-97.738806,30.1696958,POINT (-97.738806 30.1696958)
2324,,-97.7473925,30.1799582,POINT (-97.7473925 30.1799582)
2325,,-97.7487183,30.1803869,POINT (-97.7487183 30.1803869)
2326,,-97.7488764,30.1804543,POINT (-97.7488764 30.1804543)
2327,,-97.8042717,30.4856653,POINT (-97.8042717 30.4856653)
2328,,-97.8042615,30.4861878,POINT (-97.8042615 30.4861878)
2329,,-97.755066,30.189235,POINT (-97.755066 30.189235)
2330,,-97.7518035,30.1817955,POINT (-97.7518035 30.1817955)
2331,,-97.7534687,30.1830325,POINT (-97.7534687 30.1830325)
2332,,-97.7565678,30.1851556,POINT (-97.7565678 30.1851556)
2333,,-97.758869,30.1865048,POINT (-97.758869 30.1865048)
2334,,-97.7589544,30.186373,POINT (-97.7589544 30.186373)
2335,,-97.76109,30.1872428,POINT (-97.76109 30.1872428)
2336,,-97.7628512,30.187772,POINT (-97.7628512 30.187772)
2337,,-97.7640395,30.1881253,POINT (-97.7640395 30.1881253)
2338,,-97.8513512,30.1811513,POINT (-97.8513512 30.1811513)
2339,,-97.8524301,30.179476,POINT (-97.8524301 30.179476)
2340,,-97.850562,30.1824112,POINT (-97.850562 30.1824112)
2341,,-97.8563832,30.2227573,POINT (-97.8563832 30.2227573)
2342,,-97.8578322,30.2204912,POINT (-97.8578322 30.2204912)
2343,,-97.8557388,30.2237717,POINT (-97.8557388 30.2237717)
2344,,-97.8367542,30.2041816,POINT (-97.8367542 30.2041816)
2345,,-97.754389,30.188644,POINT (-97.754389 30.188644)
2346,,-97.8048626,30.2085927,POINT (-97.8048626 30.2085927)
2347,,-97.8047257,30.208809,POINT (-97.8047257 30.208809)
2348,,-97.8058626,30.207025,POINT (-97.8058626 30.207025)
2349,,-97.8036351,30.2105279,POINT (-97.8036351 30.2105279)
2350,,-97.8071946,30.2099992,POINT (-97.8071946 30.2099992)
2351,,-97.7537112,30.1880131,POINT (-97.7537112 30.1880131)
2352,,-97.8085712,30.210622,POINT (-97.8085712 30.210622)
2353,,-97.8092698,30.2105514,POINT (-97.8092698 30.2105514)
2354,,-97.8095222,30.2104718,POINT (-97.8095222 30.2104718)
2355,,-97.8100043,30.2102919,POINT (-97.8100043 30.2102919)
2356,,-97.8105541,30.2098761,POINT (-97.8105541 30.2098761)
2357,,-97.8125962,30.2081149,POINT (-97.8125962 30.2081149)
2358,,-97.8133065,30.2082729,POINT (-97.8133065 30.2082729)
2359,,-97.8143343,30.2087605,POINT (-97.8143343 30.2087605)
2360,,-97.81444,30.20881,POINT (-97.81444 30.20881)
2361,,-97.8148395,30.2082118,POINT (-97.8148395 30.2082118)
2362,,-97.8657463,30.2007913,POINT (-97.8657463 30.2007913)
2363,,-97.8652111,30.2009911,POINT (-97.8652111 30.2009911)
2364,,-97.8654102,30.2005539,POINT (-97.8654102 30.2005539)
2365,,-97.8633792,30.204684,POINT (-97.8633792 30.204684)
2366,,-97.857485,30.211716,POINT (-97.857485 30.211716)
2367,,-97.841805,30.2164514,POINT (-97.841805 30.2164514)
2368,,-97.8376359,30.2180529,POINT (-97.8376359 30.2180529)
2369,,-97.8329428,30.2244538,POINT (-97.8329428 30.2244538)
2370,,-97.7582597,30.3034358,POINT (-97.7582597 30.3034358)
2371,,-97.7574644,30.3108708,POINT (-97.7574644 30.3108708)
2372,,-97.7582741,30.3060619,POINT (-97.7582741 30.3060619)
2373,,-97.7560661,30.3255376,POINT (-97.7560661 30.3255376)
2374,,-97.7562852,30.3231856,POINT (-97.7562852 30.3231856)
2375,,-97.8310734,30.2273277,POINT (-97.8310734 30.2273277)
2376,,-97.8316302,30.2267652,POINT (-97.8316302 30.2267652)
2377,,-97.8402751,30.2343452,POINT (-97.8402751 30.2343452)
2378,,-97.8369289,30.2207609,POINT (-97.8369289 30.2207609)
2379,,-97.837049,30.2206105,POINT (-97.837049 30.2206105)
2380,,-97.8371829,30.2210454,POINT (-97.8371829 30.2210454)
2381,,-97.8381649,30.2191195,POINT (-97.8381649 30.2191195)
2382,,-97.8402857,30.2171891,POINT (-97.8402857 30.2171891)
2383,,-97.8665483,30.2008244,POINT (-97.8665483 30.2008244)
2384,,-97.8669908,30.2010332,POINT (-97.8669908 30.2010332)
2385,,-97.8671366,30.2004448,POINT (-97.8671366 30.2004448)
2386,,-97.8366107,30.2191747,POINT (-97.8366107 30.2191747)
2387,,-97.8362093,30.2197322,POINT (-97.8362093 30.2197322)
2388,,-97.8359585,30.2201029,POINT (-97.8359585 30.2201029)
2389,,-97.8277973,30.2309794,POINT (-97.8277973 30.2309794)
2390,,-97.8292493,30.2285389,POINT (-97.8292493 30.2285389)
2391,,-97.771818,30.2739077,POINT (-97.771818 30.2739077)
2392,,-97.7786684,30.2678885,POINT (-97.7786684 30.2678885)
2393,,-97.7519606,30.186817,POINT (-97.7519606 30.186817)
2394,,-97.7700631,30.2762866,POINT (-97.7700631 30.2762866)
2395,,-97.7670363,30.2811228,POINT (-97.7670363 30.2811228)
2396,,-97.7685389,30.2791899,POINT (-97.7685389 30.2791899)
2397,,-97.7678407,30.2793246,POINT (-97.7678407 30.2793246)
2398,,-97.7931652,30.2602193,POINT (-97.7931652 30.2602193)
2399,,-97.7911883,30.2592391,POINT (-97.7911883 30.2592391)
2400,,-97.797486,30.257996,POINT (-97.797486 30.257996)
2401,,-97.7510801,30.1863996,POINT (-97.7510801 30.1863996)
2402,,-97.7153051,30.2611012,POINT (-97.7153051 30.2611012)
2403,,-97.7146466,30.2610419,POINT (-97.7146466 30.2610419)
2404,,-97.7127683,30.2630253,POINT (-97.7127683 30.2630253)
2405,,-97.7166826,30.2700853,POINT (-97.7166826 30.2700853)
2406,,-97.7161184,30.2701758,POINT (-97.7161184 30.2701758)
2407,,-97.7170918,30.2700236,POINT (-97.7170918 30.2700236)
2408,,-97.699048,30.353128,POINT (-97.699048 30.353128)
2409,,-97.699349,30.352779,POINT (-97.699349 30.352779)
2410,,-97.702914,30.35534,POINT (-97.702914 30.35534)
2411,,-97.7027107,30.3554938,POINT (-97.7027107 30.3554938)
2412,,-97.7040702,30.3545003,POINT (-97.7040702 30.3545003)
2413,,-97.7223328,30.3613746,POINT (-97.7223328 30.3613746)
2414,,-97.723285,30.3610595,POINT (-97.723285 30.3610595)
2415,,-97.7218563,30.3615651,POINT (-97.7218563 30.3615651)
2416,,-97.750512,30.1859976,POINT (-97.750512 30.1859976)
2417,,-97.6892977,30.2924555,POINT (-97.6892977 30.2924555)
2418,,-97.6949802,30.290179,POINT (-97.6949802 30.290179)
2419,,-97.6892841,30.294454,POINT (-97.6892841 30.294454)
2420,,-97.7497431,30.1855613,POINT (-97.7497431 30.1855613)
2421,,-97.7364645,30.1942761,POINT (-97.7364645 30.1942761)
2422,,-97.7370733,30.1945618,POINT (-97.7370733 30.1945618)
2423,,-97.7335325,30.1928756,POINT (-97.7335325 30.1928756)
2424,,-97.7315173,30.1917978,POINT (-97.7315173 30.1917978)
2425,,-97.7319359,30.1921151,POINT (-97.7319359 30.1921151)
2426,,-97.7311625,30.1913276,POINT (-97.7311625 30.1913276)
2427,,-97.7488048,30.1852545,POINT (-97.7488048 30.1852545)
2428,,-97.6860702,30.1888626,POINT (-97.6860702 30.1888626)
2429,,-97.6869654,30.1856962,POINT (-97.6869654 30.1856962)
2430,,-97.7471453,30.1851509,POINT (-97.7471453 30.1851509)
2431,,-97.690682,30.185197,POINT (-97.690682 30.185197)
2432,,-97.6983465,30.1919549,POINT (-97.6983465 30.1919549)
2433,,-97.6881537,30.1831234,POINT (-97.6881537 30.1831234)
2434,,-97.8296182,30.252335,POINT (-97.8296182 30.252335)
2435,,-97.7012774,30.2377279,POINT (-97.7012774 30.2377279)
2436,,-97.7021908,30.2373145,POINT (-97.7021908 30.2373145)
2437,,-97.7002726,30.2424414,POINT (-97.7002726 30.2424414)
2438,,-97.7021393,30.2372171,POINT (-97.7021393 30.2372171)
2439,,-97.7037559,30.2360051,POINT (-97.7037559 30.2360051)
2440,,-97.7063592,30.2301331,POINT (-97.7063592 30.2301331)
2441,,-97.707055,30.228567,POINT (-97.707055 30.228567)
2442,,-97.7080342,30.2270053,POINT (-97.7080342 30.2270053)
2443,,-97.7079228,30.22695,POINT (-97.7079228 30.22695)
2444,,-97.7087994,30.2248408,POINT (-97.7087994 30.2248408)
2445,,-97.746464,30.185335,POINT (-97.746464 30.185335)
2446,,-97.706234,30.2301035,POINT (-97.706234 30.2301035)
2447,,-97.7057998,30.2325732,POINT (-97.7057998 30.2325732)
2448,,-97.7570791,30.3253054,POINT (-97.7570791 30.3253054)
2449,,-97.7569954,30.3237094,POINT (-97.7569954 30.3237094)
2450,,-97.7572,30.3255512,POINT (-97.7572 30.3255512)
2451,,-97.7578653,30.3261462,POINT (-97.7578653 30.3261462)
2452,,-97.7585373,30.3266438,POINT (-97.7585373 30.3266438)
2453,,-97.7459255,30.185678,POINT (-97.7459255 30.185678)
2454,,-97.7385407,30.3342034,POINT (-97.7385407 30.3342034)
2455,,-97.7389737,30.3343973,POINT (-97.7389737 30.3343973)
2456,,-97.7367732,30.3333541,POINT (-97.7367732 30.3333541)
2457,,-97.7458355,30.1857466,POINT (-97.7458355 30.1857466)
2458,,-97.746307,30.1870548,POINT (-97.746307 30.1870548)
2459,,-97.847675,30.236408,POINT (-97.847675 30.236408)
2460,,-97.8516795,30.235739,POINT (-97.8516795 30.235739)
2461,,-97.7780598,30.2373414,POINT (-97.7780598 30.2373414)
2462,,-97.7782761,30.2370063,POINT (-97.7782761 30.2370063)
2463,,-97.77701,30.2389697,POINT (-97.77701 30.2389697)
2464,,-97.7688582,30.2972172,POINT (-97.7688582 30.2972172)
2465,,-97.7699174,30.297905,POINT (-97.7699174 30.297905)
2466,,-97.7442197,30.3034692,POINT (-97.7442197 30.3034692)
2467,,-97.7437379,30.3042166,POINT (-97.7437379 30.3042166)
2468,,-97.7445473,30.3046013,POINT (-97.7445473 30.3046013)
2469,,-97.7492821,30.3051363,POINT (-97.7492821 30.3051363)
2470,,-97.7492593,30.3056924,POINT (-97.7492593 30.3056924)
2471,,-97.748603,30.3045833,POINT (-97.748603 30.3045833)
2472,,-97.7494035,30.3060916,POINT (-97.7494035 30.3060916)
2473,,-97.749868,30.306465,POINT (-97.749868 30.306465)
2474,,-97.7501968,30.3067216,POINT (-97.7501968 30.3067216)
2475,,-97.7504407,30.3071347,POINT (-97.7504407 30.3071347)
2476,,-97.7507549,30.3072464,POINT (-97.7507549 30.3072464)
2477,,-97.7508093,30.307267,POINT (-97.7508093 30.307267)
2478,,-97.7511797,30.3074944,POINT (-97.7511797 30.3074944)
2479,,-97.7516245,30.3077659,POINT (-97.7516245 30.3077659)
2480,,-97.7522166,30.3068442,POINT (-97.7522166 30.3068442)
2481,,-97.752632,30.3080744,POINT (-97.752632 30.3080744)
2482,,-97.750664,30.309185,POINT (-97.750664 30.309185)
2483,,-97.7543179,30.3084765,POINT (-97.7543179 30.3084765)
2484,,-97.7546585,30.3085623,POINT (-97.7546585 30.3085623)
2485,,-97.762674,30.31048,POINT (-97.762674 30.31048)
2486,,-97.7624176,30.3103243,POINT (-97.7624176 30.3103243)
2487,,-97.7627236,30.3102157,POINT (-97.7627236 30.3102157)
2488,,-97.7639577,30.3115984,POINT (-97.7639577 30.3115984)
2489,,-97.766029,30.312943,POINT (-97.766029 30.312943)
2490,,-97.767155,30.313537,POINT (-97.767155 30.313537)
2491,,-97.7675739,30.3137691,POINT (-97.7675739 30.3137691)
2492,,-97.7674961,30.3114281,POINT (-97.7674961 30.3114281)
2493,,-97.7679377,30.3139633,POINT (-97.7679377 30.3139633)
2494,,-97.7681451,30.3201697,POINT (-97.7681451 30.3201697)
2495,,-97.7689085,30.3144382,POINT (-97.7689085 30.3144382)
2496,,-97.7715984,30.3131528,POINT (-97.7715984 30.3131528)
2497,,-97.9199089,30.200078,POINT (-97.9199089 30.200078)
2498,,-97.9195417,30.2006604,POINT (-97.9195417 30.2006604)
2499,,-97.9211903,30.1981091,POINT (-97.9211903 30.1981091)
2500,,-97.7036279,30.2763604,POINT (-97.7036279 30.2763604)
2501,,-97.7584165,30.3694661,POINT (-97.7584165 30.3694661)
2502,,-97.758733,30.368989,POINT (-97.758733 30.368989)
2503,,-97.7572792,30.3714747,POINT (-97.7572792 30.3714747)
2504,,-97.716442,30.303593,POINT (-97.716442 30.303593)
2505,,-97.7220469,30.3519437,POINT (-97.7220469 30.3519437)
2506,,-97.721678,30.3538573,POINT (-97.721678 30.3538573)
2507,,-97.7232446,30.3524984,POINT (-97.7232446 30.3524984)
2508,,-97.7177923,30.3039594,POINT (-97.7177923 30.3039594)
2509,,-97.721107,30.351506,POINT (-97.721107 30.351506)
2510,,-97.7214573,30.3554437,POINT (-97.7214573 30.3554437)
2511,,-97.7201294,30.3625625,POINT (-97.7201294 30.3625625)
2512,,-97.7206712,30.3624165,POINT (-97.7206712 30.3624165)
2513,,-97.7192292,30.3628148,POINT (-97.7192292 30.3628148)
2514,,-97.7365344,30.2570854,POINT (-97.7365344 30.2570854)
2515,,-97.7362733,30.2569949,POINT (-97.7362733 30.2569949)
2516,,-97.7377082,30.2574505,POINT (-97.7377082 30.2574505)
2517,,-97.7365494,30.2582013,POINT (-97.7365494 30.2582013)
2518,,-97.7342845,30.256305,POINT (-97.7342845 30.256305)
2519,,-97.7327469,30.2557715,POINT (-97.7327469 30.2557715)
2520,,-97.7340686,30.2567693,POINT (-97.7340686 30.2567693)
2521,,-97.7322139,30.2555838,POINT (-97.7322139 30.2555838)
2522,,-97.7303301,30.2549112,POINT (-97.7303301 30.2549112)
2523,,-97.7299236,30.2557855,POINT (-97.7299236 30.2557855)
2524,,-97.7236935,30.2525718,POINT (-97.7236935 30.2525718)
2525,,-97.72241,30.2521161,POINT (-97.72241 30.2521161)
2526,,-97.745758,30.329021,POINT (-97.745758 30.329021)
2527,,-97.7459137,30.3299778,POINT (-97.7459137 30.3299778)
2528,,-97.745517,30.327979,POINT (-97.745517 30.327979)
2529,,-97.799083,30.3757802,POINT (-97.799083 30.3757802)
2530,,-97.79924,30.375358,POINT (-97.79924 30.375358)
2531,,-97.7988151,30.3760773,POINT (-97.7988151 30.3760773)
2532,,-97.7159103,30.3106251,POINT (-97.7159103 30.3106251)
2533,,-97.7164609,30.3097743,POINT (-97.7164609 30.3097743)
2534,,-97.7674981,30.2960604,POINT (-97.7674981 30.2960604)
2535,,-97.7672701,30.2958635,POINT (-97.7672701 30.2958635)
2536,,-97.7628528,30.302355,POINT (-97.7628528 30.302355)
2537,,-97.75972,30.300877,POINT (-97.75972 30.300877)
2538,,-97.764306,30.303034,POINT (-97.764306 30.303034)
2539,,-97.7799271,30.2453409,POINT (-97.7799271 30.2453409)
2540,,-97.7822047,30.2408665,POINT (-97.7822047 30.2408665)
2541,,-97.7823358,30.2397364,POINT (-97.7823358 30.2397364)
2542,,-97.7157051,30.3136427,POINT (-97.7157051 30.3136427)
2543,,-97.7826554,30.239065,POINT (-97.7826554 30.239065)
2544,,-97.7857726,30.2338231,POINT (-97.7857726 30.2338231)
2545,,-97.786365,30.2328927,POINT (-97.786365 30.2328927)
2546,,-97.784283,30.2361812,POINT (-97.784283 30.2361812)
2547,,-97.7869669,30.2319398,POINT (-97.7869669 30.2319398)
2548,,-97.787645,30.2310133,POINT (-97.787645 30.2310133)
2549,,-97.7880737,30.2303378,POINT (-97.7880737 30.2303378)
2550,,-97.7885362,30.2296141,POINT (-97.7885362 30.2296141)
2551,,-97.7163811,30.3125086,POINT (-97.7163811 30.3125086)
2552,,-97.7884934,30.2305368,POINT (-97.7884934 30.2305368)
2553,,-97.789405,30.228259,POINT (-97.789405 30.228259)
2554,,-97.7882722,30.2277208,POINT (-97.7882722 30.2277208)
2555,,-97.7901466,30.227056,POINT (-97.7901466 30.227056)
2556,,-97.790991,30.225755,POINT (-97.790991 30.225755)
2557,,-97.791425,30.225059,POINT (-97.791425 30.225059)
2558,,-97.7920915,30.2239671,POINT (-97.7920915 30.2239671)
2559,,-97.7924087,30.2234492,POINT (-97.7924087 30.2234492)
2560,,-97.7927374,30.2229484,POINT (-97.7927374 30.2229484)
2561,,-97.794487,30.219999,POINT (-97.794487 30.219999)
2562,,-97.7156653,30.3149372,POINT (-97.7156653 30.3149372)
2563,,-97.7977725,30.2153963,POINT (-97.7977725 30.2153963)
2564,,-97.7976754,30.2153404,POINT (-97.7976754 30.2153404)
2565,,-97.7989986,30.2145472,POINT (-97.7989986 30.2145472)
2566,,-97.8001726,30.2140215,POINT (-97.8001726 30.2140215)
2567,,-97.797934,30.2151276,POINT (-97.797934 30.2151276)
2568,,-97.8008911,30.2136612,POINT (-97.8008911 30.2136612)
2569,,-97.8023196,30.2124822,POINT (-97.8023196 30.2124822)
2570,,-97.8030829,30.211388,POINT (-97.8030829 30.211388)
2571,,-97.8023665,30.2124244,POINT (-97.8023665 30.2124244)
2572,,-97.8064003,30.2058416,POINT (-97.8064003 30.2058416)
2573,,-97.8066693,30.2043272,POINT (-97.8066693 30.2043272)
2574,,-97.8068968,30.2029578,POINT (-97.8068968 30.2029578)
2575,,-97.8069124,30.2028257,POINT (-97.8069124 30.2028257)
2576,,-97.7145986,30.2901963,POINT (-97.7145986 30.2901963)
2577,,-97.7140429,30.2910548,POINT (-97.7140429 30.2910548)
2578,,-97.8082185,30.2033415,POINT (-97.8082185 30.2033415)
2579,,-97.807448,30.2000147,POINT (-97.807448 30.2000147)
2580,,-97.8088397,30.197656,POINT (-97.8088397 30.197656)
2581,,-97.8072269,30.2009146,POINT (-97.8072269 30.2009146)
2582,,-97.8062202,30.1994285,POINT (-97.8062202 30.1994285)
2583,,-97.7150261,30.2895652,POINT (-97.7150261 30.2895652)
2584,,-97.8110307,30.1942274,POINT (-97.8110307 30.1942274)
2585,,-97.8119153,30.1928468,POINT (-97.8119153 30.1928468)
2586,,-97.8129423,30.1912201,POINT (-97.8129423 30.1912201)
2587,,-97.8150922,30.1878506,POINT (-97.8150922 30.1878506)
2588,,-97.8163158,30.1859121,POINT (-97.8163158 30.1859121)
2589,,-97.8178529,30.1866421,POINT (-97.8178529 30.1866421)
2590,,-97.8158309,30.1856867,POINT (-97.8158309 30.1856867)
2591,,-97.81698,30.1848846,POINT (-97.81698 30.1848846)
2592,,-97.8170419,30.1847833,POINT (-97.8170419 30.1847833)
2593,,-97.8198948,30.180265,POINT (-97.8198948 30.180265)
2594,,-97.8201404,30.1799133,POINT (-97.8201404 30.1799133)
2595,,-97.8192011,30.1813705,POINT (-97.8192011 30.1813705)
2596,,-97.8266275,30.1780696,POINT (-97.8266275 30.1780696)
2597,,-97.8229878,30.1753885,POINT (-97.8229878 30.1753885)
2598,,-97.8237286,30.1737712,POINT (-97.8237286 30.1737712)
2599,,-97.8238755,30.173771,POINT (-97.8238755 30.173771)
2600,,-97.8235732,30.1741013,POINT (-97.8235732 30.1741013)
2601,,-97.7145281,30.2921965,POINT (-97.7145281 30.2921965)
2602,,-97.8334168,30.1587289,POINT (-97.8334168 30.1587289)
2603,,-97.8333528,30.157187,POINT (-97.8333528 30.157187)
2604,,-97.8333522,30.1570762,POINT (-97.8333522 30.1570762)
2605,,-97.8332778,30.154731,POINT (-97.8332778 30.154731)
2606,,-97.8332443,30.1532682,POINT (-97.8332443 30.1532682)
2607,,-97.8332305,30.1527819,POINT (-97.8332305 30.1527819)
2608,,-97.8331621,30.1504278,POINT (-97.8331621 30.1504278)
2609,,-97.8331516,30.149841,POINT (-97.8331516 30.149841)
2610,,-97.8353925,30.1497778,POINT (-97.8353925 30.1497778)
2611,,-97.74094,30.380165,POINT (-97.74094 30.380165)
2612,,-97.7401152,30.3794055,POINT (-97.7401152 30.3794055)
2613,,-97.7627436,30.2886634,POINT (-97.7627436 30.2886634)
2614,,-97.7634284,30.2876133,POINT (-97.7634284 30.2876133)
2615,,-97.721646,30.347209,POINT (-97.721646 30.347209)
2616,,-97.7225303,30.3471076,POINT (-97.7225303 30.3471076)
2617,,-97.719288,30.35066,POINT (-97.719288 30.35066)
2618,,-97.718512,30.350281,POINT (-97.718512 30.350281)
2619,,-97.720237,30.351095,POINT (-97.720237 30.351095)
2620,,-97.7457441,30.197764,POINT (-97.7457441 30.197764)
2621,,-97.7465843,30.1981599,POINT (-97.7465843 30.1981599)
2622,,-97.7448924,30.197367,POINT (-97.7448924 30.197367)
2623,,-97.8012388,30.2327913,POINT (-97.8012388 30.2327913)
2624,,-97.8023372,30.2274304,POINT (-97.8023372 30.2274304)
2625,,-97.8038798,30.2255984,POINT (-97.8038798 30.2255984)
2626,,-97.8044787,30.2246719,POINT (-97.8044787 30.2246719)
2627,,-97.8049588,30.2239433,POINT (-97.8049588 30.2239433)
2628,,-97.8055769,30.2229871,POINT (-97.8055769 30.2229871)
2629,,-97.8051135,30.2186072,POINT (-97.8051135 30.2186072)
2630,,-97.8111606,30.2167858,POINT (-97.8111606 30.2167858)
2631,,-97.8115862,30.2166646,POINT (-97.8115862 30.2166646)
2632,,-97.811968,30.2166051,POINT (-97.811968 30.2166051)
2633,,-97.812941,30.216403,POINT (-97.812941 30.216403)
2634,,-97.76428,30.293463,POINT (-97.76428 30.293463)
2635,,-97.7646485,30.2935741,POINT (-97.7646485 30.2935741)
2636,,-97.8148071,30.2144207,POINT (-97.8148071 30.2144207)
2637,,-97.814992,30.213696,POINT (-97.814992 30.213696)
2638,,-97.8148986,30.2130403,POINT (-97.8148986 30.2130403)
2639,,-97.8146922,30.2143911,POINT (-97.8146922 30.2143911)
2640,,-97.8147046,30.211545,POINT (-97.8147046 30.211545)
2641,,-97.8145292,30.2107926,POINT (-97.8145292 30.2107926)
2642,,-97.8141977,30.2099414,POINT (-97.8141977 30.2099414)
2643,,-97.8144089,30.2108169,POINT (-97.8144089 30.2108169)
2644,,-97.8154204,30.2072911,POINT (-97.8154204 30.2072911)
2645,,-97.8155104,30.2071501,POINT (-97.8155104 30.2071501)
2646,,-97.8165264,30.2076943,POINT (-97.8165264 30.2076943)
2647,,-97.763775,30.29334,POINT (-97.763775 30.29334)
2648,,-97.8160005,30.2060999,POINT (-97.8160005 30.2060999)
2649,,-97.8161969,30.2056552,POINT (-97.8161969 30.2056552)
2650,,-97.8165811,30.2050542,POINT (-97.8165811 30.2050542)
2651,,-97.8169678,30.2044585,POINT (-97.8169678 30.2044585)
2652,,-97.8173635,30.2038455,POINT (-97.8173635 30.2038455)
2653,,-97.8177598,30.2032322,POINT (-97.8177598 30.2032322)
2654,,-97.8181448,30.202634,POINT (-97.8181448 30.202634)
2655,,-97.7017262,30.3584299,POINT (-97.7017262 30.3584299)
2656,,-97.7024651,30.3587785,POINT (-97.7024651 30.3587785)
2657,,-97.8185312,30.2020352,POINT (-97.8185312 30.2020352)
2658,,-97.8189213,30.2014327,POINT (-97.8189213 30.2014327)
2659,,-97.819408,30.200794,POINT (-97.819408 30.200794)
2660,,-97.820215,30.2002508,POINT (-97.820215 30.2002508)
2661,,-97.8207157,30.199932,POINT (-97.8207157 30.199932)
2662,,-97.8206343,30.1998523,POINT (-97.8206343 30.1998523)
2663,,-97.8222539,30.1993402,POINT (-97.8222539 30.1993402)
2664,,-97.8214122,30.1994642,POINT (-97.8214122 30.1994642)
2665,,-97.7001042,30.357661,POINT (-97.7001042 30.357661)
2666,,-97.8230724,30.1991539,POINT (-97.8230724 30.1991539)
2667,,-97.8222264,30.199237,POINT (-97.8222264 30.199237)
2668,,-97.8273659,30.19867,POINT (-97.8273659 30.19867)
2669,,-97.8287271,30.1970602,POINT (-97.8287271 30.1970602)
2670,,-97.8290447,30.1964853,POINT (-97.8290447 30.1964853)
2671,,-97.8297568,30.1958214,POINT (-97.8297568 30.1958214)
2672,,-97.8309666,30.1947018,POINT (-97.8309666 30.1947018)
2673,,-97.8308608,30.1946519,POINT (-97.8308608 30.1946519)
2674,,-97.8322969,30.1953424,POINT (-97.8322969 30.1953424)
2675,,-97.831314,30.1940615,POINT (-97.831314 30.1940615)
2676,,-97.833365,30.1909669,POINT (-97.833365 30.1909669)
2677,,-97.8335102,30.1910325,POINT (-97.8335102 30.1910325)
2678,,-97.831699,30.1926043,POINT (-97.831699 30.1926043)
2679,,-97.8327259,30.1906498,POINT (-97.8327259 30.1906498)
2680,,-97.8281682,30.1978247,POINT (-97.8281682 30.1978247)
2681,,-97.8273143,30.1985873,POINT (-97.8273143 30.1985873)
2682,,-97.8361347,30.1870438,POINT (-97.8361347 30.1870438)
2683,,-97.8352012,30.1887217,POINT (-97.8352012 30.1887217)
2684,,-97.8380962,30.1842311,POINT (-97.8380962 30.1842311)
2685,,-97.841071,30.1792289,POINT (-97.841071 30.1792289)
2686,,-97.8409626,30.1793141,POINT (-97.8409626 30.1793141)
2687,,-97.8247992,30.1990814,POINT (-97.8247992 30.1990814)
2688,,-97.8239152,30.1991007,POINT (-97.8239152 30.1991007)
2689,,-97.8174743,30.2034536,POINT (-97.8174743 30.2034536)
2690,,-97.8172562,30.2037929,POINT (-97.8172562 30.2037929)
2691,,-97.7043352,30.3596728,POINT (-97.7043352 30.3596728)
2692,,-97.8150141,30.2129694,POINT (-97.8150141 30.2129694)
2693,,-97.814882,30.2122713,POINT (-97.814882 30.2122713)
2694,,-97.7046201,30.3592435,POINT (-97.7046201 30.3592435)
2695,,-97.7446289,30.24602,POINT (-97.7446289 30.24602)
2696,,-97.743581,30.245542,POINT (-97.743581 30.245542)
2697,,-97.745117,30.246286,POINT (-97.745117 30.246286)
2698,,-97.7045492,30.3597776,POINT (-97.7045492 30.3597776)
2699,,-97.7444565,30.2446285,POINT (-97.7444565 30.2446285)
2700,,-97.743984,30.244453,POINT (-97.743984 30.244453)
2701,,-97.7451446,30.2445546,POINT (-97.7451446 30.2445546)
2702,,-97.7777735,30.2425939,POINT (-97.7777735 30.2425939)
2703,,-97.7787295,30.2411424,POINT (-97.7787295 30.2411424)
2704,,-97.7771648,30.2435601,POINT (-97.7771648 30.2435601)
2705,,-97.8042121,30.4868068,POINT (-97.8042121 30.4868068)
2706,,-97.8042009,30.4869698,POINT (-97.8042009 30.4869698)
2707,,-97.7060973,30.360545,POINT (-97.7060973 30.360545)
2708,,-97.789096,30.179669,POINT (-97.789096 30.179669)
2709,,-97.7898029,30.1801273,POINT (-97.7898029 30.1801273)
2710,,-97.790268,30.1803062,POINT (-97.790268 30.1803062)
2711,,-97.7053333,30.361754,POINT (-97.7053333 30.361754)
2712,,-97.7909939,30.1803894,POINT (-97.7909939 30.1803894)
2713,,-97.7931583,30.1805874,POINT (-97.7931583 30.1805874)
2714,,-97.7939704,30.1806954,POINT (-97.7939704 30.1806954)
2715,,-97.7068856,30.3609314,POINT (-97.7068856 30.3609314)
2716,,-97.7947793,30.1811508,POINT (-97.7947793 30.1811508)
2717,,-97.7934856,30.1828283,POINT (-97.7934856 30.1828283)
2718,,-97.7960921,30.179393,POINT (-97.7960921 30.179393)
2719,,-97.7076544,30.3613129,POINT (-97.7076544 30.3613129)
2720,,-97.7289333,30.3365974,POINT (-97.7289333 30.3365974)
2721,,-97.728442,30.3373852,POINT (-97.728442 30.3373852)
2722,,-97.7294233,30.3358264,POINT (-97.7294233 30.3358264)
2723,,-97.7947171,30.2491592,POINT (-97.7947171 30.2491592)
2724,,-97.7940023,30.2491697,POINT (-97.7940023 30.2491697)
2725,,-97.7953039,30.2498609,POINT (-97.7953039 30.2498609)
2726,,-97.8012045,30.1987037,POINT (-97.8012045 30.1987037)
2727,,-97.8024236,30.1989493,POINT (-97.8024236 30.1989493)
2728,,-97.8003643,30.1987341,POINT (-97.8003643 30.1987341)
2729,,-97.670271,30.312089,POINT (-97.670271 30.312089)
2730,,-97.6645653,30.3178225,POINT (-97.6645653 30.3178225)
2731,,-97.66385,30.3160655,POINT (-97.66385 30.3160655)
2732,,-97.7540575,30.3490362,POINT (-97.7540575 30.3490362)
2733,,-97.7555233,30.3498602,POINT (-97.7555233 30.3498602)
2734,,-97.752493,30.348205,POINT (-97.752493 30.348205)
2735,,-97.7097052,30.3620214,POINT (-97.7097052 30.3620214)
2736,,-97.7631052,30.2467255,POINT (-97.7631052 30.2467255)
2737,,-97.7634023,30.2462483,POINT (-97.7634023 30.2462483)
2738,,-97.7626811,30.2473914,POINT (-97.7626811 30.2473914)
2739,,-97.7101131,30.3622162,POINT (-97.7101131 30.3622162)
2740,,-97.8313699,30.4427934,POINT (-97.8313699 30.4427934)
2741,,-97.8330969,30.4435511,POINT (-97.8330969 30.4435511)
2742,,-97.7822269,30.231737,POINT (-97.7822269 30.231737)
2743,,-97.7830199,30.2304771,POINT (-97.7830199 30.2304771)
2744,,-97.779851,30.234678,POINT (-97.779851 30.234678)
2745,,-97.7084822,30.3632476,POINT (-97.7084822 30.3632476)
2746,,-97.6842782,30.3860494,POINT (-97.6842782 30.3860494)
2747,,-97.682903,30.389362,POINT (-97.682903 30.389362)
2748,,-97.6849826,30.3844968,POINT (-97.6849826 30.3844968)
2749,,-97.7105841,30.362445,POINT (-97.7105841 30.362445)
2750,,-97.7109673,30.3626154,POINT (-97.7109673 30.3626154)
2751,,-97.7273402,30.4175197,POINT (-97.7273402 30.4175197)
2752,,-97.7115045,30.3628705,POINT (-97.7115045 30.3628705)
2753,,-97.7266185,30.3254908,POINT (-97.7266185 30.3254908)
2754,,-97.7266752,30.3253942,POINT (-97.7266752 30.3253942)
2755,,-97.7263661,30.3258859,POINT (-97.7263661 30.3258859)
2756,,-97.7300527,30.4009041,POINT (-97.7300527 30.4009041)
2757,,-97.7324567,30.3981269,POINT (-97.7324567 30.3981269)
2758,,-97.7331465,30.3951296,POINT (-97.7331465 30.3951296)
2759,,-97.7345382,30.3918337,POINT (-97.7345382 30.3918337)
2760,,-97.734572,30.3895781,POINT (-97.734572 30.3895781)
2761,,-97.7329695,30.3943811,POINT (-97.7329695 30.3943811)
2762,,-97.6953408,30.4293342,POINT (-97.6953408 30.4293342)
2763,,-97.6927664,30.4287806,POINT (-97.6927664 30.4287806)
2764,,-97.689092,30.4280415,POINT (-97.689092 30.4280415)
2765,,-97.6877615,30.4278358,POINT (-97.6877615 30.4278358)
2766,,-97.6890666,30.4282275,POINT (-97.6890666 30.4282275)
2767,,-97.6891882,30.4276257,POINT (-97.6891882 30.4276257)
2768,,-97.6838043,30.4279718,POINT (-97.6838043 30.4279718)
2769,,-97.6877162,30.4280257,POINT (-97.6877162 30.4280257)
2770,,-97.6812147,30.4282375,POINT (-97.6812147 30.4282375)
2771,,-97.6812183,30.4284381,POINT (-97.6812183 30.4284381)
2772,,-97.6784345,30.4275288,POINT (-97.6784345 30.4275288)
2773,,-97.6888766,30.2574582,POINT (-97.6888766 30.2574582)
2774,,-97.6866638,30.256508,POINT (-97.6866638 30.256508)
2775,,-97.690216,30.2581285,POINT (-97.690216 30.2581285)
2776,,-97.7118183,30.363013,POINT (-97.7118183 30.363013)
2777,,-97.7126863,30.3634208,POINT (-97.7126863 30.3634208)
2778,,-97.6973651,30.3063291,POINT (-97.6973651 30.3063291)
2779,,-97.7599105,30.2790723,POINT (-97.7599105 30.2790723)
2780,,-97.7600561,30.2788323,POINT (-97.7600561 30.2788323)
2781,,-97.7596405,30.2794274,POINT (-97.7596405 30.2794274)
2782,,-97.713076,30.3635998,POINT (-97.713076 30.3635998)
2783,,-97.7752873,30.285495,POINT (-97.7752873 30.285495)
2784,,-97.7760423,30.2843345,POINT (-97.7760423 30.2843345)
2785,,-97.7738616,30.2877667,POINT (-97.7738616 30.2877667)
2786,,-97.7675088,30.2821026,POINT (-97.7675088 30.2821026)
2787,,-97.7679841,30.2813243,POINT (-97.7679841 30.2813243)
2788,,-97.7410865,30.2727332,POINT (-97.7410865 30.2727332)
2789,,-97.7134804,30.3637733,POINT (-97.7134804 30.3637733)
2790,,-97.7438318,30.2724585,POINT (-97.7438318 30.2724585)
2791,,-97.752288,30.2750014,POINT (-97.752288 30.2750014)
2792,,-97.7518343,30.2759488,POINT (-97.7518343 30.2759488)
2793,,-97.7527791,30.2739394,POINT (-97.7527791 30.2739394)
2794,,-97.7603005,30.2784696,POINT (-97.7603005 30.2784696)
2795,,-97.7148034,30.3641905,POINT (-97.7148034 30.3641905)
2796,,-97.85995,30.158302,POINT (-97.85995 30.158302)
2797,,-97.8588318,30.155467,POINT (-97.8588318 30.155467)
2798,,-97.7566322,30.219594,POINT (-97.7566322 30.219594)
2799,,-97.7583432,30.2204725,POINT (-97.7583432 30.2204725)
2800,,-97.7162955,30.3635435,POINT (-97.7162955 30.3635435)
2801,,-97.7643155,30.4210942,POINT (-97.7643155 30.4210942)
2802,,-97.7651406,30.4214823,POINT (-97.7651406 30.4214823)
2803,,-97.763191,30.421004,POINT (-97.763191 30.421004)
2804,,-97.7653705,30.4229387,POINT (-97.7653705 30.4229387)
2805,,-97.764881,30.423692,POINT (-97.764881 30.423692)
2806,,-97.765933,30.4220599,POINT (-97.765933 30.4220599)
2807,,-97.849336,30.3765469,POINT (-97.849336 30.3765469)
2808,,-97.8503702,30.376705,POINT (-97.8503702 30.376705)
2809,,-97.848338,30.376408,POINT (-97.848338 30.376408)
2810,,-97.714928,30.3644879,POINT (-97.714928 30.3644879)
2811,,-97.84556,30.371277,POINT (-97.84556 30.371277)
2812,,-97.8202142,30.1976461,POINT (-97.8202142 30.1976461)
2813,,-97.8206938,30.196895,POINT (-97.8206938 30.196895)
2814,,-97.819702,30.1983691,POINT (-97.819702 30.1983691)
2815,,-97.7157099,30.3648664,POINT (-97.7157099 30.3648664)
2816,,-97.6689333,30.4009319,POINT (-97.6689333 30.4009319)
2817,,-97.670028,30.402273,POINT (-97.670028 30.402273)
2818,,-97.6689173,30.3995853,POINT (-97.6689173 30.3995853)
2819,,-97.7165698,30.3652722,POINT (-97.7165698 30.3652722)
2820,,-97.8192617,30.1990635,POINT (-97.8192617 30.1990635)
2821,,-97.8197304,30.1992947,POINT (-97.8197304 30.1992947)
2822,,-97.8185528,30.1987321,POINT (-97.8185528 30.1987321)
2823,,-97.8213094,30.1959172,POINT (-97.8213094 30.1959172)
2824,,-97.822039,30.194777,POINT (-97.822039 30.194777)
2825,,-97.8254393,30.192044,POINT (-97.8254393 30.192044)
2826,,-97.8252185,30.1906521,POINT (-97.8252185 30.1906521)
2827,,-97.8021482,30.3930505,POINT (-97.8021482 30.3930505)
2828,,-97.802638,30.3921746,POINT (-97.802638 30.3921746)
2829,,-97.801787,30.3937715,POINT (-97.801787 30.3937715)
2830,,-97.7174049,30.3656156,POINT (-97.7174049 30.3656156)
2831,,-97.7005826,30.3973756,POINT (-97.7005826 30.3973756)
2832,,-97.7016269,30.3975433,POINT (-97.7016269 30.3975433)
2833,,-97.7178925,30.3656927,POINT (-97.7178925 30.3656927)
2834,,-97.6928334,30.2491862,POINT (-97.6928334 30.2491862)
2835,,-97.6902376,30.2472427,POINT (-97.6902376 30.2472427)
2836,,-97.6954416,30.2504003,POINT (-97.6954416 30.2504003)
2837,,-97.6861792,30.2509504,POINT (-97.6861792 30.2509504)
2838,,-97.6879557,30.250707,POINT (-97.6879557 30.250707)
2839,,-97.6905874,30.249667,POINT (-97.6905874 30.249667)
2840,,-97.6828834,30.2793492,POINT (-97.6828834 30.2793492)
2841,,-97.6751746,30.2865734,POINT (-97.6751746 30.2865734)
2842,,-97.6763321,30.2864606,POINT (-97.6763321 30.2864606)
2843,,-97.673957,30.286683,POINT (-97.673957 30.286683)
2844,,-97.7178655,30.3655191,POINT (-97.7178655 30.3655191)
2845,,-97.779502,30.3595386,POINT (-97.779502 30.3595386)
2846,,-97.780572,30.3588423,POINT (-97.780572 30.3588423)
2847,,-97.7780676,30.3605914,POINT (-97.7780676 30.3605914)
2848,,-97.7660688,30.2503599,POINT (-97.7660688 30.2503599)
2849,,-97.76931,30.2505617,POINT (-97.76931 30.2505617)
2850,,-97.7701817,30.2509736,POINT (-97.7701817 30.2509736)
2851,,-97.7714782,30.2516324,POINT (-97.7714782 30.2516324)
2852,,-97.7185688,30.365851,POINT (-97.7185688 30.365851)
2853,,-97.718092,30.365493,POINT (-97.718092 30.365493)
2854,,-97.7732817,30.2529358,POINT (-97.7732817 30.2529358)
2855,,-97.7906156,30.187239,POINT (-97.7906156 30.187239)
2856,,-97.7926411,30.1839063,POINT (-97.7926411 30.1839063)
2857,,-97.7905,30.1900496,POINT (-97.7905 30.1900496)
2858,,-97.7178803,30.3634184,POINT (-97.7178803 30.3634184)
2859,,-97.7912283,30.1834367,POINT (-97.7912283 30.1834367)
2860,,-97.7890319,30.1827299,POINT (-97.7890319 30.1827299)
2861,,-97.8398994,30.2370835,POINT (-97.8398994 30.2370835)
2862,,-97.839818,30.236153,POINT (-97.839818 30.236153)
2863,,-97.8404076,30.2370719,POINT (-97.8404076 30.2370719)
2864,,-97.6957025,30.3363759,POINT (-97.6957025 30.3363759)
2865,,-97.6936059,30.3353762,POINT (-97.6936059 30.3353762)
2866,,-97.7012636,30.3276154,POINT (-97.7012636 30.3276154)
2867,,-97.700229,30.3270815,POINT (-97.700229 30.3270815)
2868,,-97.7019234,30.3279178,POINT (-97.7019234 30.3279178)
2869,,-97.7246074,30.3070016,POINT (-97.7246074 30.3070016)
2870,,-97.7242076,30.3069629,POINT (-97.7242076 30.3069629)
2871,,-97.7248784,30.3070024,POINT (-97.7248784 30.3070024)
2872,,-97.7245078,30.3071487,POINT (-97.7245078 30.3071487)
2873,,-97.7236634,30.3067035,POINT (-97.7236634 30.3067035)
2874,,-97.722147,30.3060003,POINT (-97.722147 30.3060003)
2875,,-97.7209384,30.3054391,POINT (-97.7209384 30.3054391)
2876,,-97.7196108,30.3048241,POINT (-97.7196108 30.3048241)
2877,,-97.7191264,30.3055835,POINT (-97.7191264 30.3055835)
2878,,-97.7186925,30.3043875,POINT (-97.7186925 30.3043875)
2879,,-97.7201005,30.3040564,POINT (-97.7201005 30.3040564)
2880,,-97.7274622,30.3081995,POINT (-97.7274622 30.3081995)
2881,,-97.7264969,30.3077588,POINT (-97.7264969 30.3077588)
2882,,-97.7284065,30.3086561,POINT (-97.7284065 30.3086561)
2883,,-97.725616,30.3073118,POINT (-97.725616 30.3073118)
2884,,-97.711267,30.267806,POINT (-97.711267 30.267806)
2885,,-97.7105723,30.2666601,POINT (-97.7105723 30.2666601)
2886,,-97.711745,30.268861,POINT (-97.711745 30.268861)
2887,,-97.7096377,30.2684774,POINT (-97.7096377 30.2684774)
2888,,-97.711217,30.269623,POINT (-97.711217 30.269623)
2889,,-97.7087151,30.2678015,POINT (-97.7087151 30.2678015)
2890,,-97.7608711,30.2776159,POINT (-97.7608711 30.2776159)
2891,,-97.7460581,30.1938331,POINT (-97.7460581 30.1938331)
2892,,-97.7447409,30.1939033,POINT (-97.7447409 30.1939033)
2893,,-97.7479516,30.3547457,POINT (-97.7479516 30.3547457)
2894,,-97.777473,30.4244293,POINT (-97.777473 30.4244293)
2895,,-97.772418,30.4212884,POINT (-97.772418 30.4212884)
2896,,-97.772506,30.420165,POINT (-97.772506 30.420165)
2897,,-97.7722195,30.4192114,POINT (-97.7722195 30.4192114)
2898,,-97.7492817,30.3579525,POINT (-97.7492817 30.3579525)
2899,,-97.7720947,30.4188184,POINT (-97.7720947 30.4188184)
2900,,-97.771813,30.4182818,POINT (-97.771813 30.4182818)
2901,,-97.7690745,30.4175161,POINT (-97.7690745 30.4175161)
2902,,-97.7685273,30.4183095,POINT (-97.7685273 30.4183095)
2903,,-97.7710862,30.4178862,POINT (-97.7710862 30.4178862)
2904,,-97.750793,30.358356,POINT (-97.750793 30.358356)
2905,,-97.7678568,30.4194082,POINT (-97.7678568 30.4194082)
2906,,-97.7673493,30.4201762,POINT (-97.7673493 30.4201762)
2907,,-97.7664975,30.4212545,POINT (-97.7664975 30.4212545)
2908,,-97.7668067,30.4224766,POINT (-97.7668067 30.4224766)
2909,,-97.7658,30.4241404,POINT (-97.7658 30.4241404)
2910,,-97.7641286,30.4235796,POINT (-97.7641286 30.4235796)
2911,,-97.7522057,30.3549269,POINT (-97.7522057 30.3549269)
2912,,-97.747989,30.360689,POINT (-97.747989 30.360689)
2913,,-97.757005,30.360546,POINT (-97.757005 30.360546)
2914,,-97.7561769,30.2928012,POINT (-97.7561769 30.2928012)
2915,,-97.7561128,30.293194,POINT (-97.7561128 30.293194)
2916,,-97.7562644,30.2923187,POINT (-97.7562644 30.2923187)
2917,,-97.757656,30.3611861,POINT (-97.757656 30.3611861)
2918,,-97.7838442,30.2089986,POINT (-97.7838442 30.2089986)
2919,,-97.686597,30.303313,POINT (-97.686597 30.303313)
2920,,-97.68659,30.302507,POINT (-97.68659 30.302507)
2921,,-97.686653,30.304098,POINT (-97.686653 30.304098)
2922,,-97.8034669,30.1981142,POINT (-97.8034669 30.1981142)
2923,,-97.7178097,30.2940235,POINT (-97.7178097 30.2940235)
2924,,-97.7185409,30.2943772,POINT (-97.7185409 30.2943772)
2925,,-97.761831,30.363242,POINT (-97.761831 30.363242)
2926,,-97.7445916,30.3832341,POINT (-97.7445916 30.3832341)
2927,,-97.7457176,30.387205,POINT (-97.7457176 30.387205)
2928,,-97.7412353,30.3803201,POINT (-97.7412353 30.3803201)
2929,,-97.7455506,30.3827781,POINT (-97.7455506 30.3827781)
2930,,-97.745886,30.387521,POINT (-97.745886 30.387521)
2931,,-97.7456346,30.3877031,POINT (-97.7456346 30.3877031)
2932,,-97.7484982,30.3885312,POINT (-97.7484982 30.3885312)
2933,,-97.746384,30.3889531,POINT (-97.746384 30.3889531)
2934,,-97.7489092,30.4006411,POINT (-97.7489092 30.4006411)
2935,,-97.7488699,30.4007544,POINT (-97.7488699 30.4007544)
2936,,-97.7466368,30.40051,POINT (-97.7466368 30.40051)
2937,,-97.748122,30.403223,POINT (-97.748122 30.403223)
2938,,-97.7478109,30.4039089,POINT (-97.7478109 30.4039089)
2939,,-97.7487468,30.4012307,POINT (-97.7487468 30.4012307)
2940,,-97.7479449,30.4068469,POINT (-97.7479449 30.4068469)
2941,,-97.7491571,30.4045823,POINT (-97.7491571 30.4045823)
2942,,-97.7478915,30.4078039,POINT (-97.7478915 30.4078039)
2943,,-97.7476051,30.4100223,POINT (-97.7476051 30.4100223)
2944,,-97.7462925,30.4078626,POINT (-97.7462925 30.4078626)
2945,,-97.7490017,30.4077667,POINT (-97.7490017 30.4077667)
2946,,-97.7483628,30.4157051,POINT (-97.7483628 30.4157051)
2947,,-97.7500742,30.4172735,POINT (-97.7500742 30.4172735)
2948,,-97.7483293,30.4188471,POINT (-97.7483293 30.4188471)
2949,,-97.7513297,30.4183969,POINT (-97.7513297 30.4183969)
2950,,-97.7533575,30.4205294,POINT (-97.7533575 30.4205294)
2951,,-97.7539391,30.4211752,POINT (-97.7539391 30.4211752)
2952,,-97.7518446,30.4188564,POINT (-97.7518446 30.4188564)
2953,,-97.7542929,30.4215277,POINT (-97.7542929 30.4215277)
2954,,-97.7547654,30.421952,POINT (-97.7547654 30.421952)
2955,,-97.7627709,30.3641068,POINT (-97.7627709 30.3641068)
2956,,-97.7552306,30.4223744,POINT (-97.7552306 30.4223744)
2957,,-97.7569248,30.4241861,POINT (-97.7569248 30.4241861)
2958,,-97.7580301,30.4258888,POINT (-97.7580301 30.4258888)
2959,,-97.7591844,30.427174,POINT (-97.7591844 30.427174)
2960,,-97.7600759,30.4276077,POINT (-97.7600759 30.4276077)
2961,,-97.7604636,30.4269673,POINT (-97.7604636 30.4269673)
2962,,-97.7614853,30.4282987,POINT (-97.7614853 30.4282987)
2963,,-97.7597597,30.4282228,POINT (-97.7597597 30.4282228)
2964,,-97.7622711,30.4287504,POINT (-97.7622711 30.4287504)
2965,,-97.7641371,30.4299465,POINT (-97.7641371 30.4299465)
2966,,-97.764729,30.430326,POINT (-97.764729 30.430326)
2967,,-97.766304,30.431375,POINT (-97.766304 30.431375)
2968,,-97.7670697,30.4319088,POINT (-97.7670697 30.4319088)
2969,,-97.76862,30.433116,POINT (-97.76862 30.433116)
2970,,-97.7633825,30.3647548,POINT (-97.7633825 30.3647548)
2971,,-97.7930501,30.3760231,POINT (-97.7930501 30.3760231)
2972,,-97.7627521,30.3652263,POINT (-97.7627521 30.3652263)
2973,,-97.765114,30.365445,POINT (-97.765114 30.365445)
2974,,-97.6936613,30.4211243,POINT (-97.6936613 30.4211243)
2975,,-97.6931368,30.4218961,POINT (-97.6931368 30.4218961)
2976,,-97.6939592,30.4204261,POINT (-97.6939592 30.4204261)
2977,,-97.7936079,30.4225082,POINT (-97.7936079 30.4225082)
2978,,-97.7955959,30.4236606,POINT (-97.7955959 30.4236606)
2979,,-97.7898645,30.4229395,POINT (-97.7898645 30.4229395)
2980,,-97.7945906,30.4218245,POINT (-97.7945906 30.4218245)
2981,,-97.7962097,30.4242879,POINT (-97.7962097 30.4242879)
2982,,-97.8021975,30.4875357,POINT (-97.8021975 30.4875357)
2983,,-97.7963404,30.424822,POINT (-97.7963404 30.424822)
2984,,-97.7964557,30.4256066,POINT (-97.7964557 30.4256066)
2985,,-97.7965919,30.4265221,POINT (-97.7965919 30.4265221)
2986,,-97.7966649,30.4273025,POINT (-97.7966649 30.4273025)
2987,,-97.796485,30.4283126,POINT (-97.796485 30.4283126)
2988,,-97.765837,30.365836,POINT (-97.765837 30.365836)
2989,,-97.7843233,30.1918446,POINT (-97.7843233 30.1918446)
2990,,-97.7847673,30.1911587,POINT (-97.7847673 30.1911587)
2991,,-97.7835568,30.1930867,POINT (-97.7835568 30.1930867)
2992,,-97.7895269,30.1944458,POINT (-97.7895269 30.1944458)
2993,,-97.7900756,30.1935684,POINT (-97.7900756 30.1935684)
2994,,-97.7887907,30.1956007,POINT (-97.7887907 30.1956007)
2995,,-97.7648492,30.2748797,POINT (-97.7648492 30.2748797)
2996,,-97.7642332,30.2757366,POINT (-97.7642332 30.2757366)
2997,,-97.7633246,30.2737376,POINT (-97.7633246 30.2737376)
2998,,-97.7652079,30.2762551,POINT (-97.7652079 30.2762551)
2999,,-97.768423,30.367227,POINT (-97.768423 30.367227)
3000,,-97.7741275,30.4241172,POINT (-97.7741275 30.4241172)
3001,,-97.7750907,30.4264001,POINT (-97.7750907 30.4264001)
3002,,-97.773691,30.423019,POINT (-97.773691 30.423019)
3003,,-97.7691355,30.3676913,POINT (-97.7691355 30.3676913)
3004,,-97.7699401,30.3676011,POINT (-97.7699401 30.3676011)
3005,,-97.744415,30.2906603,POINT (-97.744415 30.2906603)
3006,,-97.7441465,30.2934055,POINT (-97.7441465 30.2934055)
3007,,-97.7711471,30.3677075,POINT (-97.7711471 30.3677075)
3008,,-97.710211,30.355117,POINT (-97.710211 30.355117)
3009,,-97.7097646,30.3551855,POINT (-97.7097646 30.3551855)
3010,,-97.7114231,30.3550111,POINT (-97.7114231 30.3550111)
3011,,-97.6725006,30.3754406,POINT (-97.6725006 30.3754406)
3012,,-97.6699304,30.3740872,POINT (-97.6699304 30.3740872)
3013,,-97.6739713,30.3761667,POINT (-97.6739713 30.3761667)
3014,,-97.773228,30.368671,POINT (-97.773228 30.368671)
3015,,-97.7442397,30.3634597,POINT (-97.7442397 30.3634597)
3016,,-97.7452237,30.3613164,POINT (-97.7452237 30.3613164)
3017,,-97.6852353,30.3840085,POINT (-97.6852353 30.3840085)
3018,,-97.6863962,30.3819477,POINT (-97.6863962 30.3819477)
3019,,-97.774436,30.369061,POINT (-97.774436 30.369061)
3020,,-97.7538733,30.2425048,POINT (-97.7538733 30.2425048)
3021,,-97.754712,30.242887,POINT (-97.754712 30.242887)
3022,,-97.755486,30.243274,POINT (-97.755486 30.243274)
3023,,-97.7569803,30.2456158,POINT (-97.7569803 30.2456158)
3024,,-97.7619757,30.2458092,POINT (-97.7619757 30.2458092)
3025,,-97.775564,30.369248,POINT (-97.775564 30.369248)
3026,,-97.7114016,30.2535539,POINT (-97.7114016 30.2535539)
3027,,-97.7101291,30.2562647,POINT (-97.7101291 30.2562647)
3028,,-97.7551281,30.3245428,POINT (-97.7551281 30.3245428)
3029,,-97.6768675,30.3457902,POINT (-97.6768675 30.3457902)
3030,,-97.6741682,30.3448737,POINT (-97.6741682 30.3448737)
3031,,-97.6774393,30.345807,POINT (-97.6774393 30.345807)
3032,,-97.7524777,30.3204182,POINT (-97.7524777 30.3204182)
3033,,-97.7531671,30.3204493,POINT (-97.7531671 30.3204493)
3034,,-97.751722,30.320095,POINT (-97.751722 30.320095)
3035,,-97.7253584,30.2801572,POINT (-97.7253584 30.2801572)
3036,,-97.7255892,30.2811307,POINT (-97.7255892 30.2811307)
3037,,-97.725116,30.2790557,POINT (-97.725116 30.2790557)
3038,,-97.717518,30.281433,POINT (-97.717518 30.281433)
3039,,-97.7177531,30.2824477,POINT (-97.7177531 30.2824477)
3040,,-97.717271,30.280438,POINT (-97.717271 30.280438)
3041,,-97.7953639,30.2278452,POINT (-97.7953639 30.2278452)
3042,,-97.7942977,30.228187,POINT (-97.7942977 30.228187)
3043,,-97.8539498,30.2266673,POINT (-97.8539498 30.2266673)
3044,,-97.8531558,30.2279171,POINT (-97.8531558 30.2279171)
3045,,-97.8544237,30.2258905,POINT (-97.8544237 30.2258905)
3046,,-97.802292,30.1816941,POINT (-97.802292 30.1816941)
3047,,-97.8025004,30.1806869,POINT (-97.8025004 30.1806869)
3048,,-97.8023954,30.1824326,POINT (-97.8023954 30.1824326)
3049,,-97.7412597,30.2794313,POINT (-97.7412597 30.2794313)
3050,,-97.7409256,30.2803004,POINT (-97.7409256 30.2803004)
3051,,-97.7068943,30.3183313,POINT (-97.7068943 30.3183313)
3052,,-97.7065876,30.3205543,POINT (-97.7065876 30.3205543)
3053,,-97.7014926,30.3157813,POINT (-97.7014926 30.3157813)
3054,,-97.702144,30.315269,POINT (-97.702144 30.315269)
3055,,-97.700826,30.316312,POINT (-97.700826 30.316312)
3056,,-97.707681,30.318727,POINT (-97.707681 30.318727)
3057,,-97.7090979,30.3123952,POINT (-97.7090979 30.3123952)
3058,,-97.7472665,30.2791944,POINT (-97.7472665 30.2791944)
3059,,-97.7490873,30.2797095,POINT (-97.7490873 30.2797095)
3060,,-97.7500668,30.280335,POINT (-97.7500668 30.280335)
3061,,-97.7498159,30.2798464,POINT (-97.7498159 30.2798464)
3062,,-97.7478598,30.3270036,POINT (-97.7478598 30.3270036)
3063,,-97.746706,30.326438,POINT (-97.746706 30.326438)
3064,,-97.630656,30.401738,POINT (-97.630656 30.401738)
3065,,-97.6288222,30.4047073,POINT (-97.6288222 30.4047073)
3066,,-97.632506,30.3992732,POINT (-97.632506 30.3992732)
3067,,-97.7259516,30.3751038,POINT (-97.7259516 30.3751038)
3068,,-97.7254833,30.3772879,POINT (-97.7254833 30.3772879)
3069,,-97.7263273,30.3741289,POINT (-97.7263273 30.3741289)
3070,,-97.7491491,30.3276287,POINT (-97.7491491 30.3276287)
3071,,-97.724638,30.380935,POINT (-97.724638 30.380935)
3072,,-97.7241418,30.3831424,POINT (-97.7241418 30.3831424)
3073,,-97.724878,30.380013,POINT (-97.724878 30.380013)
3074,,-97.789127,30.375915,POINT (-97.789127 30.375915)
3075,,-97.836594,30.28446,POINT (-97.836594 30.28446)
3076,,-97.8355169,30.2846194,POINT (-97.8355169 30.2846194)
3077,,-97.837683,30.2843043,POINT (-97.837683 30.2843043)
3078,,-97.7197829,30.2577994,POINT (-97.7197829 30.2577994)
3079,,-97.719559,30.2582864,POINT (-97.719559 30.2582864)
3080,,-97.7232198,30.2405368,POINT (-97.7232198 30.2405368)
3081,,-97.7172561,30.2375712,POINT (-97.7172561 30.2375712)
3082,,-97.7171646,30.2375239,POINT (-97.7171646 30.2375239)
3083,,-97.7175857,30.2369439,POINT (-97.7175857 30.2369439)
3084,,-97.7199005,30.2575436,POINT (-97.7199005 30.2575436)
3085,,-97.7187389,30.2383918,POINT (-97.7187389 30.2383918)
3086,,-97.7519374,30.2417157,POINT (-97.7519374 30.2417157)
3087,,-97.7514313,30.2414839,POINT (-97.7514313 30.2414839)
3088,,-97.747552,30.2396877,POINT (-97.747552 30.2396877)
3089,,-97.74745,30.241385,POINT (-97.74745 30.241385)
3090,,-97.7429061,30.1634733,POINT (-97.7429061 30.1634733)
3091,,-97.7433161,30.1627748,POINT (-97.7433161 30.1627748)
3092,,-97.7416193,30.1655403,POINT (-97.7416193 30.1655403)
3093,,-97.7158201,30.2564222,POINT (-97.7158201 30.2564222)
3094,,-97.715925,30.2561966,POINT (-97.715925 30.2561966)
3095,,-97.8513083,30.3769232,POINT (-97.8513083 30.3769232)
3096,,-97.8502801,30.1493668,POINT (-97.8502801 30.1493668)
3097,,-97.8494986,30.1493814,POINT (-97.8494986 30.1493814)
3098,,-97.8532687,30.1489568,POINT (-97.8532687 30.1489568)
3099,,-97.7714091,30.3412957,POINT (-97.7714091 30.3412957)
3100,,-97.7672023,30.340523,POINT (-97.7672023 30.340523)
3101,,-97.771707,30.347152,POINT (-97.771707 30.347152)
3102,,-97.769022,30.345935,POINT (-97.769022 30.345935)
3103,,-97.771998,30.348233,POINT (-97.771998 30.348233)
3104,,-97.772085,30.34892,POINT (-97.772085 30.34892)
3105,,-97.771874,30.349281,POINT (-97.771874 30.349281)
3106,,-97.7715202,30.3501194,POINT (-97.7715202 30.3501194)
3107,,-97.7719387,30.3515591,POINT (-97.7719387 30.3515591)
3108,,-97.771341,30.352805,POINT (-97.771341 30.352805)
3109,,-97.771147,30.353159,POINT (-97.771147 30.353159)
3110,,-97.767075,30.3587812,POINT (-97.767075 30.3587812)
3111,,-97.7662572,30.3583805,POINT (-97.7662572 30.3583805)
3112,,-97.7666649,30.3596823,POINT (-97.7666649 30.3596823)
3113,,-97.7661061,30.3605359,POINT (-97.7661061 30.3605359)
3114,,-97.7653442,30.3590731,POINT (-97.7653442 30.3590731)
3115,,-97.765722,30.361186,POINT (-97.765722 30.361186)
3116,,-97.7614231,30.3660531,POINT (-97.7614231 30.3660531)
3117,,-97.7606927,30.3666163,POINT (-97.7606927 30.3666163)
3118,,-97.7599092,30.3674921,POINT (-97.7599092 30.3674921)
3119,,-97.759392,30.368119,POINT (-97.759392 30.368119)
3120,,-97.7590001,30.3685892,POINT (-97.7590001 30.3685892)
3121,,-97.7541185,30.3764505,POINT (-97.7541185 30.3764505)
3122,,-97.7571123,30.371813,POINT (-97.7571123 30.371813)
3123,,-97.7532685,30.3732906,POINT (-97.7532685 30.3732906)
3124,,-97.7534676,30.3774391,POINT (-97.7534676 30.3774391)
3125,,-97.7528797,30.3783552,POINT (-97.7528797 30.3783552)
3126,,-97.7525016,30.3789051,POINT (-97.7525016 30.3789051)
3127,,-97.7519175,30.3796502,POINT (-97.7519175 30.3796502)
3128,,-97.7508724,30.3801974,POINT (-97.7508724 30.3801974)
3129,,-97.7498485,30.380707,POINT (-97.7498485 30.380707)
3130,,-97.7487959,30.381216,POINT (-97.7487959 30.381216)
3131,,-97.7473976,30.3818961,POINT (-97.7473976 30.3818961)
3132,,-97.6768061,30.3023699,POINT (-97.6768061 30.3023699)
3133,,-97.6751832,30.3015859,POINT (-97.6751832 30.3015859)
3134,,-97.7254624,30.4228277,POINT (-97.7254624 30.4228277)
3135,,-97.7255602,30.4232558,POINT (-97.7255602 30.4232558)
3136,,-97.7252894,30.4220324,POINT (-97.7252894 30.4220324)
3137,,-97.6420661,30.4062913,POINT (-97.6420661 30.4062913)
3138,,-97.642249,30.406198,POINT (-97.642249 30.406198)
3139,,-97.6470293,30.4089081,POINT (-97.6470293 30.4089081)
3140,,-97.645429,30.40465,POINT (-97.645429 30.40465)
3141,,-97.6468274,30.4035202,POINT (-97.6468274 30.4035202)
3142,,-97.6442297,30.4052379,POINT (-97.6442297 30.4052379)
3143,,-97.6482015,30.402035,POINT (-97.6482015 30.402035)
3144,,-97.6482946,30.4019584,POINT (-97.6482946 30.4019584)
3145,,-97.6524613,30.3994538,POINT (-97.6524613 30.3994538)
3146,,-97.6547902,30.3995771,POINT (-97.6547902 30.3995771)
3147,,-97.832455,30.236121,POINT (-97.832455 30.236121)
3148,,-97.8303268,30.236064,POINT (-97.8303268 30.236064)
3149,,-97.6891605,30.2414932,POINT (-97.6891605 30.2414932)
3150,,-97.6893582,30.2418932,POINT (-97.6893582 30.2418932)
3151,,-97.827669,30.2126905,POINT (-97.827669 30.2126905)
3152,,-97.8291818,30.2133645,POINT (-97.8291818 30.2133645)
3153,,-97.761288,30.285465,POINT (-97.761288 30.285465)
3154,,-97.760709,30.286259,POINT (-97.760709 30.286259)
3155,,-97.7618921,30.2846535,POINT (-97.7618921 30.2846535)
3156,,-97.7721191,30.2575857,POINT (-97.7721191 30.2575857)
3157,,-97.7727875,30.258036,POINT (-97.7727875 30.258036)
3158,,-97.771079,30.256346,POINT (-97.771079 30.256346)
3159,,-97.890721,30.255877,POINT (-97.890721 30.255877)
3160,,-97.7523378,30.2021279,POINT (-97.7523378 30.2021279)
3161,,-97.6818173,30.3040715,POINT (-97.6818173 30.3040715)
3162,,-97.7077288,30.2819562,POINT (-97.7077288 30.2819562)
3163,,-97.707001,30.282065,POINT (-97.707001 30.282065)
3164,,-97.7094497,30.2816857,POINT (-97.7094497 30.2816857)
3165,,-97.736838,30.405231,POINT (-97.736838 30.405231)
3166,,-97.739068,30.405717,POINT (-97.739068 30.405717)
3167,,-97.7388991,30.4076714,POINT (-97.7388991 30.4076714)
3168,,-97.7397044,30.407529,POINT (-97.7397044 30.407529)
3169,,-97.6620491,30.337828,POINT (-97.6620491 30.337828)
3170,,-97.659416,30.3286772,POINT (-97.659416 30.3286772)
3171,,-97.6633796,30.341429,POINT (-97.6633796 30.341429)
3172,,-97.663004,30.335985,POINT (-97.663004 30.335985)
3173,,-97.6593427,30.3278593,POINT (-97.6593427 30.3278593)
3174,,-97.6557894,30.328144,POINT (-97.6557894 30.328144)
3175,,-97.7625912,30.2734301,POINT (-97.7625912 30.2734301)
3176,,-97.761842,30.273142,POINT (-97.761842 30.273142)
3177,,-97.7619756,30.274552,POINT (-97.7619756 30.274552)
3178,,-97.7626489,30.2748071,POINT (-97.7626489 30.2748071)
3179,,-97.7822069,30.2234598,POINT (-97.7822069 30.2234598)
3180,,-97.7783462,30.2225813,POINT (-97.7783462 30.2225813)
3181,,-97.7779044,30.223309,POINT (-97.7779044 30.223309)
3182,,-97.7124386,30.2313224,POINT (-97.7124386 30.2313224)
3183,,-97.7121597,30.2306782,POINT (-97.7121597 30.2306782)
3184,,-97.7981535,30.4686734,POINT (-97.7981535 30.4686734)
3185,,-97.80413,30.4872818,POINT (-97.80413 30.4872818)
3186,,-97.742007,30.15762,POINT (-97.742007 30.15762)
3187,,-97.6939322,30.2337227,POINT (-97.6939322 30.2337227)
3188,,-97.6955453,30.2315527,POINT (-97.6955453 30.2315527)
3189,,-97.69255,30.2355808,POINT (-97.69255 30.2355808)
3190,,-97.7013797,30.2364504,POINT (-97.7013797 30.2364504)
3191,,-97.6973331,30.234561,POINT (-97.6973331 30.234561)
3192,,-97.7111373,30.2855387,POINT (-97.7111373 30.2855387)
3193,,-97.7102315,30.2856693,POINT (-97.7102315 30.2856693)
3194,,-97.712118,30.2853932,POINT (-97.712118 30.2853932)
3195,,-97.731696,30.4344485,POINT (-97.731696 30.4344485)
3196,,-97.7318525,30.4342767,POINT (-97.7318525 30.4342767)
3197,,-97.733573,30.4357766,POINT (-97.733573 30.4357766)
3198,,-97.7330263,30.4325218,POINT (-97.7330263 30.4325218)
3199,,-97.7386898,30.4320166,POINT (-97.7386898 30.4320166)
3200,,-97.738896,30.4338104,POINT (-97.738896 30.4338104)
3201,,-97.738538,30.4345506,POINT (-97.738538 30.4345506)
3202,,-97.7390122,30.4329807,POINT (-97.7390122 30.4329807)
3203,,-97.7371553,30.4360377,POINT (-97.7371553 30.4360377)
3204,,-97.7358613,30.4373957,POINT (-97.7358613 30.4373957)
3205,,-97.7360391,30.4372042,POINT (-97.7360391 30.4372042)
3206,,-97.7408304,30.4414444,POINT (-97.7408304 30.4414444)
3207,,-97.7373404,30.2492513,POINT (-97.7373404 30.2492513)
3208,,-97.8288187,30.4341087,POINT (-97.8288187 30.4341087)
3209,,-97.8296872,30.4337478,POINT (-97.8296872 30.4337478)
3210,,-97.8275126,30.4345688,POINT (-97.8275126 30.4345688)
3211,,-97.7528343,30.2399779,POINT (-97.7528343 30.2399779)
3212,,-97.7527479,30.2405187,POINT (-97.7527479 30.2405187)
3213,,-97.7652567,30.293742,POINT (-97.7652567 30.293742)
3214,,-97.7872747,30.1830381,POINT (-97.7872747 30.1830381)
3215,,-97.7881456,30.1828314,POINT (-97.7881456 30.1828314)
3216,,-97.7862304,30.1832366,POINT (-97.7862304 30.1832366)
3217,,-97.7896574,30.1743342,POINT (-97.7896574 30.1743342)
3218,,-97.7079754,30.364221,POINT (-97.7079754 30.364221)
3219,,-97.707619,30.3652383,POINT (-97.707619 30.3652383)
3220,,-97.7926727,30.2363255,POINT (-97.7926727 30.2363255)
3221,,-97.7925602,30.2362207,POINT (-97.7925602 30.2362207)
3222,,-97.7945876,30.2353546,POINT (-97.7945876 30.2353546)
3223,,-97.8031087,30.2321829,POINT (-97.8031087 30.2321829)
3224,,-97.7897955,30.423041,POINT (-97.7897955 30.423041)
3225,,-97.7659996,30.2320118,POINT (-97.7659996 30.2320118)
3226,,-97.7657427,30.232432,POINT (-97.7657427 30.232432)
3227,,-97.7668166,30.2307374,POINT (-97.7668166 30.2307374)
3228,,-97.7709163,30.2343728,POINT (-97.7709163 30.2343728)
3229,,-97.7130328,30.274853,POINT (-97.7130328 30.274853)
3230,,-97.7139795,30.2747033,POINT (-97.7139795 30.2747033)
3231,,-97.6095932,30.3406445,POINT (-97.6095932 30.3406445)
3232,,-97.6025811,30.3366806,POINT (-97.6025811 30.3366806)
3233,,-97.612207,30.34212,POINT (-97.612207 30.34212)
3234,,-97.854798,30.208474,POINT (-97.854798 30.208474)
3235,,-97.855676,30.2071554,POINT (-97.855676 30.2071554)
3236,,-97.853938,30.209838,POINT (-97.853938 30.209838)
3237,,-97.7787394,30.2461868,POINT (-97.7787394 30.2461868)
3238,,-97.856835,30.2053508,POINT (-97.856835 30.2053508)
3239,,-97.8563092,30.206176,POINT (-97.8563092 30.206176)
3240,,-97.8585469,30.2039816,POINT (-97.8585469 30.2039816)
3241,,-97.731557,30.376204,POINT (-97.731557 30.376204)
3242,,-97.7321384,30.3764931,POINT (-97.7321384 30.3764931)
3243,,-97.7582987,30.4288364,POINT (-97.7582987 30.4288364)
3244,,-97.7597644,30.4295568,POINT (-97.7597644 30.4295568)
3245,,-97.7145086,30.3534438,POINT (-97.7145086 30.3534438)
3246,,-97.7304435,30.3752681,POINT (-97.7304435 30.3752681)
3247,,-97.850685,30.364946,POINT (-97.850685 30.364946)
3248,,-97.7257446,30.3615244,POINT (-97.7257446 30.3615244)
3249,,-97.72656,30.3618622,POINT (-97.72656 30.3618622)
3250,,-97.7249388,30.361256,POINT (-97.7249388 30.361256)
3251,,-97.7645804,30.2391222,POINT (-97.7645804 30.2391222)
3252,,-97.7653519,30.2394961,POINT (-97.7653519 30.2394961)
3253,,-97.7739212,30.2257463,POINT (-97.7739212 30.2257463)
3254,,-97.7734102,30.2273112,POINT (-97.7734102 30.2273112)
3255,,-97.7757221,30.2224115,POINT (-97.7757221 30.2224115)
3256,,-97.7311716,30.3219424,POINT (-97.7311716 30.3219424)
3257,,-97.7320851,30.3223717,POINT (-97.7320851 30.3223717)
3258,,-97.7417319,30.3523034,POINT (-97.7417319 30.3523034)
3259,,-97.7413316,30.3528533,POINT (-97.7413316 30.3528533)
3260,,-97.7418762,30.3513252,POINT (-97.7418762 30.3513252)
3261,,-97.7500594,30.2839359,POINT (-97.7500594 30.2839359)
3262,,-97.7516508,30.2837827,POINT (-97.7516508 30.2837827)
3263,,-97.7495051,30.2838516,POINT (-97.7495051 30.2838516)
3264,,-97.691695,30.307444,POINT (-97.691695 30.307444)
3265,,-97.6645682,30.3049911,POINT (-97.6645682 30.3049911)
3266,,-97.6635416,30.3045001,POINT (-97.6635416 30.3045001)
3267,,-97.665285,30.306278,POINT (-97.665285 30.306278)
3268,,-97.7838273,30.1996688,POINT (-97.7838273 30.1996688)
3269,,-97.7856716,30.2005492,POINT (-97.7856716 30.2005492)
3270,,-97.78265,30.1991337,POINT (-97.78265 30.1991337)
3271,,-97.757223,30.179015,POINT (-97.757223 30.179015)
3272,,-97.7580643,30.1794619,POINT (-97.7580643 30.1794619)
3273,,-97.6751767,30.3112319,POINT (-97.6751767 30.3112319)
3274,,-97.6762134,30.3080608,POINT (-97.6762134 30.3080608)
3275,,-97.6763944,30.3080412,POINT (-97.6763944 30.3080412)
3276,,-97.673969,30.307991,POINT (-97.673969 30.307991)
3277,,-97.7447612,30.369275,POINT (-97.7447612 30.369275)
3278,,-97.7465015,30.3702434,POINT (-97.7465015 30.3702434)
3279,,-97.7436172,30.3687253,POINT (-97.7436172 30.3687253)
3280,,-97.7323478,30.2707135,POINT (-97.7323478 30.2707135)
3281,,-97.7320312,30.2702106,POINT (-97.7320312 30.2702106)
3282,,-97.7332892,30.270561,POINT (-97.7332892 30.270561)
3283,,-97.7314947,30.2700309,POINT (-97.7314947 30.2700309)
3284,,-97.7308165,30.269771,POINT (-97.7308165 30.269771)
3285,,-97.7302066,30.2695539,POINT (-97.7302066 30.2695539)
3286,,-97.7293474,30.2692313,POINT (-97.7293474 30.2692313)
3287,,-97.7289176,30.2690764,POINT (-97.7289176 30.2690764)
3288,,-97.7143068,30.280915,POINT (-97.7143068 30.280915)
3289,,-97.7279437,30.2687198,POINT (-97.7279437 30.2687198)
3290,,-97.727829,30.2686765,POINT (-97.727829 30.2686765)
3291,,-97.7274219,30.2685294,POINT (-97.7274219 30.2685294)
3292,,-97.7257179,30.2648423,POINT (-97.7257179 30.2648423)
3293,,-97.7233787,30.2670665,POINT (-97.7233787 30.2670665)
3294,,-97.7152415,30.2807804,POINT (-97.7152415 30.2807804)
3295,,-97.7397454,30.272361,POINT (-97.7397454 30.272361)
3296,,-97.7423833,30.2730972,POINT (-97.7423833 30.2730972)
3297,,-97.7386591,30.2720566,POINT (-97.7386591 30.2720566)
3298,,-97.7375766,30.2717546,POINT (-97.7375766 30.2717546)
3299,,-97.7390076,30.2711251,POINT (-97.7390076 30.2711251)
3300,,-97.7354446,30.2711596,POINT (-97.7354446 30.2711596)
3301,,-97.7371945,30.2728441,POINT (-97.7371945 30.2728441)
3302,,-97.7343609,30.2708595,POINT (-97.7343609 30.2708595)
3303,,-97.7336387,30.269627,POINT (-97.7336387 30.269627)
3304,,-97.699906,30.352134,POINT (-97.699906 30.352134)
3305,,-97.819479,30.1873979,POINT (-97.819479 30.1873979)
3306,,-97.8195827,30.1874475,POINT (-97.8195827 30.1874475)
3307,,-97.8232898,30.1892673,POINT (-97.8232898 30.1892673)
3308,,-97.8239772,30.1896097,POINT (-97.8239772 30.1896097)
3309,,-97.8229154,30.1890615,POINT (-97.8229154 30.1890615)
3310,,-97.8240181,30.1896307,POINT (-97.8240181 30.1896307)
3311,,-97.8304766,30.1900543,POINT (-97.8304766 30.1900543)
3312,,-97.8304479,30.1899588,POINT (-97.8304479 30.1899588)
3313,,-97.8314894,30.1900632,POINT (-97.8314894 30.1900632)
3314,,-97.8321732,30.1903848,POINT (-97.8321732 30.1903848)
3315,,-97.8361764,30.1922775,POINT (-97.8361764 30.1922775)
3316,,-97.8375784,30.1930012,POINT (-97.8375784 30.1930012)
3317,,-97.8347095,30.1915746,POINT (-97.8347095 30.1915746)
3318,,-97.8359299,30.1944711,POINT (-97.8359299 30.1944711)
3319,,-97.8422614,30.195294,POINT (-97.8422614 30.195294)
3320,,-97.8423226,30.1953928,POINT (-97.8423226 30.1953928)
3321,,-97.8423901,30.1952955,POINT (-97.8423901 30.1952955)
3322,,-97.8431076,30.1957811,POINT (-97.8431076 30.1957811)
3323,,-97.8659582,30.2082353,POINT (-97.8659582 30.2082353)
3324,,-97.8693638,30.2079281,POINT (-97.8693638 30.2079281)
3325,,-97.8694148,30.2078288,POINT (-97.8694148 30.2078288)
3326,,-97.8709775,30.208682,POINT (-97.8709775 30.208682)
3327,,-97.8678954,30.2098176,POINT (-97.8678954 30.2098176)
3328,,-97.8722408,30.2100417,POINT (-97.8722408 30.2100417)
3329,,-97.8723072,30.2101278,POINT (-97.8723072 30.2101278)
3330,,-97.8734235,30.2110765,POINT (-97.8734235 30.2110765)
3331,,-97.8748938,30.2115886,POINT (-97.8748938 30.2115886)
3332,,-97.8765571,30.2117647,POINT (-97.8765571 30.2117647)
3333,,-97.8765777,30.2116585,POINT (-97.8765777 30.2116585)
3334,,-97.8789947,30.2121173,POINT (-97.8789947 30.2121173)
3335,,-97.756667,30.185052,POINT (-97.756667 30.185052)
3336,,-97.7535711,30.1829384,POINT (-97.7535711 30.1829384)
3337,,-97.8790481,30.212024,POINT (-97.8790481 30.212024)
3338,,-97.8812303,30.2135346,POINT (-97.8812303 30.2135346)
3339,,-97.8829533,30.2143131,POINT (-97.8829533 30.2143131)
3340,,-97.854102,30.1996627,POINT (-97.854102 30.1996627)
3341,,-97.8574746,30.2017892,POINT (-97.8574746 30.2017892)
3342,,-97.858659,30.2039545,POINT (-97.858659 30.2039545)
3343,,-97.8575705,30.2017285,POINT (-97.8575705 30.2017285)
3344,,-97.8590539,30.2053849,POINT (-97.8590539 30.2053849)
3345,,-97.8594905,30.206502,POINT (-97.8594905 30.206502)
3346,,-97.8541576,30.1995725,POINT (-97.8541576 30.1995725)
3347,,-97.8569623,30.2021207,POINT (-97.8569623 30.2021207)
3348,,-97.8591758,30.2053516,POINT (-97.8591758 30.2053516)
3349,,-97.8596089,30.2064555,POINT (-97.8596089 30.2064555)
3350,,-97.8602461,30.2075335,POINT (-97.8602461 30.2075335)
3351,,-97.860645,30.2077146,POINT (-97.860645 30.2077146)
3352,,-97.766849,30.2954281,POINT (-97.766849 30.2954281)
3353,,-97.7727806,30.2476498,POINT (-97.7727806 30.2476498)
3354,,-97.7742075,30.247432,POINT (-97.7742075 30.247432)
3355,,-97.7720939,30.2478491,POINT (-97.7720939 30.2478491)
3356,,-97.6925344,30.3603169,POINT (-97.6925344 30.3603169)
3357,,-97.687756,30.2766403,POINT (-97.687756 30.2766403)
3358,,-97.687244,30.2768859,POINT (-97.687244 30.2768859)
3359,,-97.6885583,30.2764749,POINT (-97.6885583 30.2764749)
3360,,-97.7495583,30.3397586,POINT (-97.7495583 30.3397586)
3361,,-97.7388349,30.2617979,POINT (-97.7388349 30.2617979)
3362,,-97.736085,30.2630876,POINT (-97.736085 30.2630876)
3363,,-97.736561,30.2617856,POINT (-97.736561 30.2617856)
3364,,-97.7352324,30.262886,POINT (-97.7352324 30.262886)
3365,,-97.7350148,30.2634056,POINT (-97.7350148 30.2634056)
3366,,-97.7321973,30.2607946,POINT (-97.7321973 30.2607946)
3367,,-97.728234,30.25942,POINT (-97.728234 30.25942)
3368,,-97.7119559,30.2547957,POINT (-97.7119559 30.2547957)
3369,,-97.7418045,30.2636485,POINT (-97.7418045 30.2636485)
3370,,-97.7403694,30.2642924,POINT (-97.7403694 30.2642924)
3371,,-97.6102405,30.3508309,POINT (-97.6102405 30.3508309)
3372,,-97.6096366,30.3500115,POINT (-97.6096366 30.3500115)
3373,,-97.6109724,30.351819,POINT (-97.6109724 30.351819)
3374,,-97.7991195,30.3713605,POINT (-97.7991195 30.3713605)
3375,,-97.7443638,30.2961606,POINT (-97.7443638 30.2961606)
3376,,-97.743935,30.2959568,POINT (-97.743935 30.2959568)
3377,,-97.7449267,30.2964283,POINT (-97.7449267 30.2964283)
3378,,-97.7451741,30.2965459,POINT (-97.7451741 30.2965459)
3379,,-97.7577578,30.3775285,POINT (-97.7577578 30.3775285)
3380,,-97.7578286,30.3776679,POINT (-97.7578286 30.3776679)
3381,,-97.759819,30.180032,POINT (-97.759819 30.180032)
3382,,-97.758851,30.17979,POINT (-97.758851 30.17979)
3383,,-97.8294761,30.1878517,POINT (-97.8294761 30.1878517)
3384,,-97.8299609,30.1871085,POINT (-97.8299609 30.1871085)
3385,,-97.8289056,30.1887308,POINT (-97.8289056 30.1887308)
3386,,-97.760728,30.180232,POINT (-97.760728 30.180232)
3387,,-97.769631,30.306675,POINT (-97.769631 30.306675)
3388,,-97.769914,30.305952,POINT (-97.769914 30.305952)
3389,,-97.7689713,30.307348,POINT (-97.7689713 30.307348)
3390,,-97.8963494,30.1845208,POINT (-97.8963494 30.1845208)
3391,,-97.8980812,30.1837012,POINT (-97.8980812 30.1837012)
3392,,-97.7414815,30.3234321,POINT (-97.7414815 30.3234321)
3393,,-97.740529,30.322776,POINT (-97.740529 30.322776)
3394,,-97.742653,30.324225,POINT (-97.742653 30.324225)
3395,,-97.8390803,30.1496013,POINT (-97.8390803 30.1496013)
3396,,-97.8370231,30.1496504,POINT (-97.8370231 30.1496504)
3397,,-97.8486265,30.1493972,POINT (-97.8486265 30.1493972)
3398,,-97.8493605,30.1493819,POINT (-97.8493605 30.1493819)
3399,,-97.8548608,30.148468,POINT (-97.8548608 30.148468)
3400,,-97.8539155,30.1466309,POINT (-97.8539155 30.1466309)
3401,,-97.853972,30.1487316,POINT (-97.853972 30.1487316)
3402,,-97.8560255,30.1508691,POINT (-97.8560255 30.1508691)
3403,,-97.7325908,30.3634705,POINT (-97.7325908 30.3634705)
3404,,-97.7334389,30.3638767,POINT (-97.7334389 30.3638767)
3405,,-97.7316643,30.3629939,POINT (-97.7316643 30.3629939)
3406,,-97.7493394,30.2002429,POINT (-97.7493394 30.2002429)
3407,,-97.7503534,30.2007437,POINT (-97.7503534 30.2007437)
3408,,-97.7487738,30.199966,POINT (-97.7487738 30.199966)
3409,,-97.6686417,30.3677934,POINT (-97.6686417 30.3677934)
3410,,-97.6679126,30.3691722,POINT (-97.6679126 30.3691722)
3411,,-97.6834827,30.3801978,POINT (-97.6834827 30.3801978)
3412,,-97.682689,30.379728,POINT (-97.682689 30.379728)
3413,,-97.7187372,30.3061936,POINT (-97.7187372 30.3061936)
3414,,-97.6847808,30.380952,POINT (-97.6847808 30.380952)
3415,,-97.712133,30.419796,POINT (-97.712133 30.419796)
3416,,-97.7130165,30.4202213,POINT (-97.7130165 30.4202213)
3417,,-97.71126,30.419387,POINT (-97.71126 30.419387)
3418,,-97.787134,30.3723,POINT (-97.787134 30.3723)
3419,,-97.78781,30.372413,POINT (-97.78781 30.372413)
3420,,-97.7865936,30.3722926,POINT (-97.7865936 30.3722926)
3421,,-97.7036624,30.3631985,POINT (-97.7036624 30.3631985)
3422,,-97.7122133,30.2301475,POINT (-97.7122133 30.2301475)
3423,,-97.712611,30.2295698,POINT (-97.712611 30.2295698)
3424,,-97.7126969,30.2294472,POINT (-97.7126969 30.2294472)
3425,,-97.7340613,30.2205416,POINT (-97.7340613 30.2205416)
3426,,-97.7336705,30.2192925,POINT (-97.7336705 30.2192925)
3427,,-97.7345632,30.2222819,POINT (-97.7345632 30.2222819)
3428,,-97.805417,30.4865964,POINT (-97.805417 30.4865964)
3429,,-97.824585,30.435267,POINT (-97.824585 30.435267)
3430,,-97.6981297,30.3611284,POINT (-97.6981297 30.3611284)
3431,,-97.6995267,30.3586787,POINT (-97.6995267 30.3586787)
3432,,-97.6975829,30.3620984,POINT (-97.6975829 30.3620984)
3433,,-97.704955,30.313097,POINT (-97.704955 30.313097)
3434,,-97.7179646,30.2589478,POINT (-97.7179646 30.2589478)
3435,,-97.719075,30.2593229,POINT (-97.719075 30.2593229)
3436,,-97.7030212,30.3977866,POINT (-97.7030212 30.3977866)
3437,,-97.7039791,30.3981069,POINT (-97.7039791 30.3981069)
3438,,-97.6521809,30.3985336,POINT (-97.6521809 30.3985336)
3439,,-97.651103,30.397533,POINT (-97.651103 30.397533)
3440,,-97.7303822,30.3508518,POINT (-97.7303822 30.3508518)
3441,,-97.7312798,30.3512927,POINT (-97.7312798 30.3512927)
3442,,-97.7329315,30.3519418,POINT (-97.7329315 30.3519418)
3443,,-97.7322332,30.351594,POINT (-97.7322332 30.351594)
3444,,-97.7840749,30.1877698,POINT (-97.7840749 30.1877698)
3445,,-97.784677,30.1881117,POINT (-97.784677 30.1881117)
3446,,-97.734427,30.203994,POINT (-97.734427 30.203994)
3447,,-97.7377865,30.194993,POINT (-97.7377865 30.194993)
3448,,-97.7388745,30.1932425,POINT (-97.7388745 30.1932425)
3449,,-97.7388275,30.1951395,POINT (-97.7388275 30.1951395)
3450,,-97.7389289,30.193154,POINT (-97.7389289 30.193154)
3451,,-97.7398699,30.191677,POINT (-97.7398699 30.191677)
3452,,-97.7373951,30.192415,POINT (-97.7373951 30.192415)
3453,,-97.7832943,30.1873409,POINT (-97.7832943 30.1873409)
3454,,-97.7402932,30.191014,POINT (-97.7402932 30.191014)
3455,,-97.7403242,30.1909654,POINT (-97.7403242 30.1909654)
3456,,-97.7403416,30.1909382,POINT (-97.7403416 30.1909382)
3457,,-97.7421786,30.1880279,POINT (-97.7421786 30.1880279)
3458,,-97.7426078,30.1873835,POINT (-97.7426078 30.1873835)
3459,,-97.7412135,30.189579,POINT (-97.7412135 30.189579)
3460,,-97.744362,30.1846294,POINT (-97.744362 30.1846294)
3461,,-97.7448379,30.1844821,POINT (-97.7448379 30.1844821)
3462,,-97.69349,30.2688,POINT (-97.69349 30.2688)
3463,,-97.8179552,30.2081961,POINT (-97.8179552 30.2081961)
3464,,-97.8218204,30.2100698,POINT (-97.8218204 30.2100698)
3465,,-97.7882849,30.3621855,POINT (-97.7882849 30.3621855)
3466,,-97.7882737,30.3621981,POINT (-97.7882737 30.3621981)
3467,,-97.738282,30.15608,POINT (-97.738282 30.15608)
3468,,-97.7133793,30.2515432,POINT (-97.7133793 30.2515432)
3469,,-97.7131475,30.2522725,POINT (-97.7131475 30.2522725)
3470,,-97.717195,30.242495,POINT (-97.717195 30.242495)
3471,,-97.7129705,30.2526133,POINT (-97.7129705 30.2526133)
3472,,-97.712805,30.2530009,POINT (-97.712805 30.2530009)
3473,,-97.7098568,30.2602168,POINT (-97.7098568 30.2602168)
3474,,-97.7093744,30.2603387,POINT (-97.7093744 30.2603387)
3475,,-97.7091077,30.2611259,POINT (-97.7091077 30.2611259)
3476,,-97.7088566,30.2618581,POINT (-97.7088566 30.2618581)
3477,,-97.7098004,30.2659895,POINT (-97.7098004 30.2659895)
3478,,-97.7085695,30.2661677,POINT (-97.7085695 30.2661677)
3479,,-97.7102943,30.2663711,POINT (-97.7102943 30.2663711)
3480,,-97.7118748,30.2691627,POINT (-97.7118748 30.2691627)
3481,,-97.7115354,30.2690901,POINT (-97.7115354 30.2690901)
3482,,-97.7157458,30.2733807,POINT (-97.7157458 30.2733807)
3483,,-97.7155541,30.2737855,POINT (-97.7155541 30.2737855)
3484,,-97.728176,30.4146921,POINT (-97.728176 30.4146921)
3485,,-97.7278773,30.4166755,POINT (-97.7278773 30.4166755)
3486,,-97.7273646,30.4142941,POINT (-97.7273646 30.4142941)
3487,,-97.7252671,30.4250017,POINT (-97.7252671 30.4250017)
3488,,-97.7242859,30.4252888,POINT (-97.7242859 30.4252888)
3489,,-97.7238079,30.4270176,POINT (-97.7238079 30.4270176)
3490,,-97.7239364,30.4247239,POINT (-97.7239364 30.4247239)
3491,,-97.7148377,30.3303648,POINT (-97.7148377 30.3303648)
3492,,-97.694898,30.3583178,POINT (-97.694898 30.3583178)
3493,,-97.6927523,30.2198248,POINT (-97.6927523 30.2198248)
3494,,-97.6935019,30.2202566,POINT (-97.6935019 30.2202566)
3495,,-97.8208125,30.4512398,POINT (-97.8208125 30.4512398)
3496,,-97.9045671,30.186747,POINT (-97.9045671 30.186747)
3497,,-97.9046987,30.1860152,POINT (-97.9046987 30.1860152)
3498,,-97.905366,30.1878447,POINT (-97.905366 30.1878447)
3499,,-97.906335,30.1887483,POINT (-97.906335 30.1887483)
3500,,-97.6942541,30.4194681,POINT (-97.6942541 30.4194681)
3501,,-97.6944365,30.4191776,POINT (-97.6944365 30.4191776)
3502,,-97.8791059,30.2080977,POINT (-97.8791059 30.2080977)
3503,,-97.8801947,30.2083557,POINT (-97.8801947 30.2083557)
3504,,-97.8782405,30.207764,POINT (-97.8782405 30.207764)
3505,,-97.772691,30.253848,POINT (-97.772691 30.253848)
3506,,-97.777043,30.254729,POINT (-97.777043 30.254729)
3507,,-97.776544,30.255357,POINT (-97.776544 30.255357)
3508,,-97.77847,30.252879,POINT (-97.77847 30.252879)
3509,,-97.8900341,30.1913248,POINT (-97.8900341 30.1913248)
3510,,-97.8907733,30.1907731,POINT (-97.8907733 30.1907731)
3511,,-97.689922,30.3184074,POINT (-97.689922 30.3184074)
3512,,-97.6894687,30.3191298,POINT (-97.6894687 30.3191298)
3513,,-97.6903706,30.3176781,POINT (-97.6903706 30.3176781)
3514,,-97.6810116,30.3092231,POINT (-97.6810116 30.3092231)
3515,,-97.680573,30.3090083,POINT (-97.680573 30.3090083)
3516,,-97.6792632,30.3083784,POINT (-97.6792632 30.3083784)
3517,,-97.6785231,30.3078102,POINT (-97.6785231 30.3078102)
3518,,-97.6771186,30.3079673,POINT (-97.6771186 30.3079673)
3519,,-97.68007,30.306478,POINT (-97.68007 30.306478)
3520,,-97.691601,30.3156706,POINT (-97.691601 30.3156706)
3521,,-97.6912777,30.3162244,POINT (-97.6912777 30.3162244)
3522,,-97.6920756,30.3148691,POINT (-97.6920756 30.3148691)
3523,,-97.7170133,30.2792659,POINT (-97.7170133 30.2792659)
3524,,-97.716826,30.278294,POINT (-97.716826 30.278294)
3525,,-97.7350351,30.2786353,POINT (-97.7350351 30.2786353)
3526,,-97.7345261,30.2796306,POINT (-97.7345261 30.2796306)
3527,,-97.6981933,30.2279904,POINT (-97.6981933 30.2279904)
3528,,-97.6976127,30.2287716,POINT (-97.6976127 30.2287716)
3529,,-97.6985286,30.2275394,POINT (-97.6985286 30.2275394)
3530,,-97.8261445,30.3155176,POINT (-97.8261445 30.3155176)
3531,,-97.8262937,30.3155796,POINT (-97.8262937 30.3155796)
3532,,-97.8259082,30.3154147,POINT (-97.8259082 30.3154147)
3533,,-97.674906,30.315951,POINT (-97.674906 30.315951)
3534,,-97.6754429,30.3165921,POINT (-97.6754429 30.3165921)
3535,,-97.679483,30.31401,POINT (-97.679483 30.31401)
3536,,-97.6782055,30.3133621,POINT (-97.6782055 30.3133621)
3537,,-97.680925,30.314755,POINT (-97.680925 30.314755)
3538,,-97.699675,30.3387037,POINT (-97.699675 30.3387037)
3539,,-97.6993967,30.3385178,POINT (-97.6993967 30.3385178)
3540,,-97.6994962,30.3389802,POINT (-97.6994962 30.3389802)
3541,,-97.7007733,30.3393422,POINT (-97.7007733 30.3393422)
3542,,-97.7010208,30.3389431,POINT (-97.7010208 30.3389431)
3543,,-97.6989479,30.3387256,POINT (-97.6989479 30.3387256)
3544,,-97.6990956,30.3387942,POINT (-97.6990956 30.3387942)
3545,,-97.6992271,30.3394154,POINT (-97.6992271 30.3394154)
3546,,-97.6953558,30.3371105,POINT (-97.6953558 30.3371105)
3547,,-97.6766796,30.3183454,POINT (-97.6766796 30.3183454)
3548,,-97.677138,30.318442,POINT (-97.677138 30.318442)
3549,,-97.6925809,30.3358231,POINT (-97.6925809 30.3358231)
3550,,-97.6930838,30.3360708,POINT (-97.6930838 30.3360708)
3551,,-97.6978666,30.33807,POINT (-97.6978666 30.33807)
3552,,-97.6762083,30.3177529,POINT (-97.6762083 30.3177529)
3553,,-97.8138643,30.1950985,POINT (-97.8138643 30.1950985)
3554,,-97.8139731,30.1937514,POINT (-97.8139731 30.1937514)
3555,,-97.8153438,30.1960121,POINT (-97.8153438 30.1960121)
3556,,-97.7420315,30.3014345,POINT (-97.7420315 30.3014345)
3557,,-97.7397459,30.3036376,POINT (-97.7397459 30.3036376)
3558,,-97.741405,30.3044127,POINT (-97.741405 30.3044127)
3559,,-97.7394684,30.2810229,POINT (-97.7394684 30.2810229)
3560,,-97.7367989,30.2802805,POINT (-97.7367989 30.2802805)
3561,,-97.7398223,30.2811264,POINT (-97.7398223 30.2811264)
3562,,-97.7399882,30.281175,POINT (-97.7399882 30.281175)
3563,,-97.742687,30.28195,POINT (-97.742687 30.28195)
3564,,-97.743216,30.282098,POINT (-97.743216 30.282098)
3565,,-97.743741,30.282238,POINT (-97.743741 30.282238)
3566,,-97.7459264,30.2828538,POINT (-97.7459264 30.2828538)
3567,,-97.7467445,30.2830803,POINT (-97.7467445 30.2830803)
3568,,-97.7450779,30.2826132,POINT (-97.7450779 30.2826132)
3569,,-97.7472039,30.2832025,POINT (-97.7472039 30.2832025)
3570,,-97.748375,30.283533,POINT (-97.748375 30.283533)
3571,,-97.7523212,30.2838352,POINT (-97.7523212 30.2838352)
3572,,-97.7521356,30.2836011,POINT (-97.7521356 30.2836011)
3573,,-97.7519082,30.2833526,POINT (-97.7519082 30.2833526)
3574,,-97.6895879,30.4269892,POINT (-97.6895879 30.4269892)
3575,,-97.71091,30.3381635,POINT (-97.71091 30.3381635)
3576,,-97.7114016,30.3373898,POINT (-97.7114016 30.3373898)
3577,,-97.710254,30.338913,POINT (-97.710254 30.338913)
3578,,-97.6813136,30.3045559,POINT (-97.6813136 30.3045559)
3579,,-97.7080267,30.2860176,POINT (-97.7080267 30.2860176)
3580,,-97.7078225,30.2860492,POINT (-97.7078225 30.2860492)
3581,,-97.679207,30.3216006,POINT (-97.679207 30.3216006)
3582,,-97.6797643,30.3222973,POINT (-97.6797643 30.3222973)
3583,,-97.736831,30.16311,POINT (-97.736831 30.16311)
3584,,-97.73871,30.16407,POINT (-97.73871 30.16407)
3585,,-97.7361485,30.1599162,POINT (-97.7361485 30.1599162)
3586,,-97.6794546,30.319732,POINT (-97.6794546 30.319732)
3587,,-97.7337192,30.2851992,POINT (-97.7337192 30.2851992)
3588,,-97.7963153,30.1971249,POINT (-97.7963153 30.1971249)
3589,,-97.797259,30.1958254,POINT (-97.797259 30.1958254)
3590,,-97.7958838,30.1977972,POINT (-97.7958838 30.1977972)
3591,,-97.7983582,30.1957516,POINT (-97.7983582 30.1957516)
3592,,-97.7988781,30.19598,POINT (-97.7988781 30.19598)
3593,,-97.7975522,30.1953737,POINT (-97.7975522 30.1953737)
3594,,-97.694703,30.348283,POINT (-97.694703 30.348283)
3595,,-97.6971392,30.3446238,POINT (-97.6971392 30.3446238)
3596,,-97.7579177,30.3318803,POINT (-97.7579177 30.3318803)
3597,,-97.758644,30.3322271,POINT (-97.758644 30.3322271)
3598,,-97.7569606,30.3314177,POINT (-97.7569606 30.3314177)
3599,,-97.7586893,30.2536618,POINT (-97.7586893 30.2536618)
3600,,-97.7587793,30.2535191,POINT (-97.7587793 30.2535191)
3601,,-97.7592068,30.2528564,POINT (-97.7592068 30.2528564)
3602,,-97.7597111,30.2520877,POINT (-97.7597111 30.2520877)
3603,,-97.7601829,30.2513212,POINT (-97.7601829 30.2513212)
3604,,-97.7606736,30.2505684,POINT (-97.7606736 30.2505684)
3605,,-97.7606429,30.2489506,POINT (-97.7606429 30.2489506)
3606,,-97.765421,30.2409642,POINT (-97.765421 30.2409642)
3607,,-97.6616034,30.3852149,POINT (-97.6616034 30.3852149)
3608,,-97.6620567,30.3845994,POINT (-97.6620567 30.3845994)
3609,,-97.7660586,30.2398387,POINT (-97.7660586 30.2398387)
3610,,-97.7670141,30.2381318,POINT (-97.7670141 30.2381318)
3611,,-97.7765787,30.2227977,POINT (-97.7765787 30.2227977)
3612,,-97.6613325,30.3858674,POINT (-97.6613325 30.3858674)
3613,,-97.7392545,30.3385042,POINT (-97.7392545 30.3385042)
3614,,-97.739498,30.3369442,POINT (-97.739498 30.3369442)
3615,,-97.7465482,30.3413176,POINT (-97.7465482 30.3413176)
3616,,-97.7457711,30.3431553,POINT (-97.7457711 30.3431553)
3617,,-97.7676644,30.4248859,POINT (-97.7676644 30.4248859)
3618,,-97.831661,30.432187,POINT (-97.831661 30.432187)
3619,,-97.831179,30.432722,POINT (-97.831179 30.432722)
3620,,-97.8336863,30.4309104,POINT (-97.8336863 30.4309104)
3621,,-97.626021,30.294255,POINT (-97.626021 30.294255)
3622,,-97.627952,30.29124,POINT (-97.627952 30.29124)
3623,,-97.6232577,30.2985346,POINT (-97.6232577 30.2985346)
3624,,-97.8054137,30.4864555,POINT (-97.8054137 30.4864555)
3625,,-97.7891715,30.3738111,POINT (-97.7891715 30.3738111)
3626,,-97.7892805,30.3740744,POINT (-97.7892805 30.3740744)
3627,,-97.788943,30.3732554,POINT (-97.788943 30.3732554)
3628,,-97.846075,30.23597,POINT (-97.846075 30.23597)
3629,,-97.844213,30.236129,POINT (-97.844213 30.236129)
3630,,-97.7593546,30.3395496,POINT (-97.7593546 30.3395496)
3631,,-97.7607772,30.341358,POINT (-97.7607772 30.341358)
3632,,-97.7629926,30.3425474,POINT (-97.7629926 30.3425474)
3633,,-97.7640756,30.3431739,POINT (-97.7640756 30.3431739)
3634,,-97.7764412,30.3411876,POINT (-97.7764412 30.3411876)
3635,,-97.7807105,30.3414638,POINT (-97.7807105 30.3414638)
3636,,-97.7788993,30.3412483,POINT (-97.7788993 30.3412483)
3637,,-97.7822662,30.341679,POINT (-97.7822662 30.341679)
3638,,-97.7964215,30.3643251,POINT (-97.7964215 30.3643251)
3639,,-97.7974988,30.3658448,POINT (-97.7974988 30.3658448)
3640,,-97.7960911,30.3636822,POINT (-97.7960911 30.3636822)
3641,,-97.8037764,30.3634625,POINT (-97.8037764 30.3634625)
3642,,-97.801991,30.369497,POINT (-97.801991 30.369497)
3643,,-97.7998641,30.3708775,POINT (-97.7998641 30.3708775)
3644,,-97.8050043,30.3755989,POINT (-97.8050043 30.3755989)
3645,,-97.8054815,30.3771153,POINT (-97.8054815 30.3771153)
3646,,-97.8055174,30.3772155,POINT (-97.8055174 30.3772155)
3647,,-97.8309461,30.3918307,POINT (-97.8309461 30.3918307)
3648,,-97.8417554,30.3930388,POINT (-97.8417554 30.3930388)
3649,,-97.8418738,30.3930747,POINT (-97.8418738 30.3930747)
3650,,-97.8438917,30.3936494,POINT (-97.8438917 30.3936494)
3651,,-97.8453835,30.3945451,POINT (-97.8453835 30.3945451)
3652,,-97.8451528,30.3947973,POINT (-97.8451528 30.3947973)
3653,,-97.8540101,30.4037811,POINT (-97.8540101 30.4037811)
3654,,-97.8538386,30.4036746,POINT (-97.8538386 30.4036746)
3655,,-97.8543062,30.4032013,POINT (-97.8543062 30.4032013)
3656,,-97.8526966,30.406251,POINT (-97.8526966 30.406251)
3657,,-97.7402974,30.1953424,POINT (-97.7402974 30.1953424)
3658,,-97.8002762,30.4471304,POINT (-97.8002762 30.4471304)
3659,,-97.8012517,30.4471454,POINT (-97.8012517 30.4471454)
3660,,-97.792399,30.4482235,POINT (-97.792399 30.4482235)
3661,,-97.8094088,30.4470721,POINT (-97.8094088 30.4470721)
3662,,-97.8108943,30.4469787,POINT (-97.8108943 30.4469787)
3663,,-97.8072468,30.4471282,POINT (-97.8072468 30.4471282)
3664,,-97.811956,30.4469036,POINT (-97.811956 30.4469036)
3665,,-97.8131692,30.4470823,POINT (-97.8131692 30.4470823)
3666,,-97.8162393,30.4496047,POINT (-97.8162393 30.4496047)
3667,,-97.8191345,30.4502253,POINT (-97.8191345 30.4502253)
3668,,-97.8223314,30.4527369,POINT (-97.8223314 30.4527369)
3669,,-97.7535877,30.368269,POINT (-97.7535877 30.368269)
3670,,-97.7545689,30.3696397,POINT (-97.7545689 30.3696397)
3671,,-97.798271,30.3765879,POINT (-97.798271 30.3765879)
3672,,-97.7976854,30.3771463,POINT (-97.7976854 30.3771463)
3673,,-97.7977491,30.3790762,POINT (-97.7977491 30.3790762)
3674,,-97.7986996,30.3832029,POINT (-97.7986996 30.3832029)
3675,,-97.7988092,30.3827211,POINT (-97.7988092 30.3827211)
3676,,-97.7986272,30.3835774,POINT (-97.7986272 30.3835774)
3677,,-97.831969,30.2113882,POINT (-97.831969 30.2113882)
3678,,-97.8318601,30.211339,POINT (-97.8318601 30.211339)
3679,,-97.7066145,30.3422865,POINT (-97.7066145 30.3422865)
3680,,-97.7058564,30.3431783,POINT (-97.7058564 30.3431783)
3681,,-97.7075395,30.3415806,POINT (-97.7075395 30.3415806)
3682,,-97.834084,30.2112948,POINT (-97.834084 30.2112948)
3683,,-97.8335301,30.2093178,POINT (-97.8335301 30.2093178)
3684,,-97.8929586,30.184521,POINT (-97.8929586 30.184521)
3685,,-97.8946569,30.1856883,POINT (-97.8946569 30.1856883)
3686,,-97.8901956,30.1816698,POINT (-97.8901956 30.1816698)
3687,,-97.7103031,30.3778556,POINT (-97.7103031 30.3778556)
3688,,-97.710205,30.3777018,POINT (-97.710205 30.3777018)
3689,,-97.8348324,30.2115055,POINT (-97.8348324 30.2115055)
3690,,-97.6996555,30.3172616,POINT (-97.6996555 30.3172616)
3691,,-97.700158,30.316849,POINT (-97.700158 30.316849)
3692,,-97.6988122,30.3180397,POINT (-97.6988122 30.3180397)
3693,,-97.6980152,30.3167155,POINT (-97.6980152 30.3167155)
3694,,-97.7022797,30.3184996,POINT (-97.7022797 30.3184996)
3695,,-97.6947477,30.3151552,POINT (-97.6947477 30.3151552)
3696,,-97.6937768,30.314694,POINT (-97.6937768 30.314694)
3697,,-97.6925619,30.3141129,POINT (-97.6925619 30.3141129)
3698,,-97.6914183,30.3136263,POINT (-97.6914183 30.3136263)
3699,,-97.6930342,30.313368,POINT (-97.6930342 30.313368)
3700,,-97.691092,30.3135214,POINT (-97.691092 30.3135214)
3701,,-97.6907993,30.3134382,POINT (-97.6907993 30.3134382)
3702,,-97.6911388,30.3133048,POINT (-97.6911388 30.3133048)
3703,,-97.6913742,30.3136122,POINT (-97.6913742 30.3136122)
3704,,-97.8367364,30.2124059,POINT (-97.8367364 30.2124059)
3705,,-97.8375552,30.2127993,POINT (-97.8375552 30.2127993)
3706,,-97.770635,30.219975,POINT (-97.770635 30.219975)
3707,,-97.769684,30.21951,POINT (-97.769684 30.21951)
3708,,-97.7742245,30.2189418,POINT (-97.7742245 30.2189418)
3709,,-97.7713692,30.2235195,POINT (-97.7713692 30.2235195)
3710,,-97.716169,30.231045,POINT (-97.716169 30.231045)
3711,,-97.714443,30.230328,POINT (-97.714443 30.230328)
3712,,-97.8383556,30.2131849,POINT (-97.8383556 30.2131849)
3713,,-97.7090595,30.2274851,POINT (-97.7090595 30.2274851)
3714,,-97.8304505,30.1863552,POINT (-97.8304505 30.1863552)
3715,,-97.7273558,30.2354131,POINT (-97.7273558 30.2354131)
3716,,-97.838697,30.21334,POINT (-97.838697 30.21334)
3717,,-97.6472435,30.2864427,POINT (-97.6472435 30.2864427)
3718,,-97.7751644,30.3996303,POINT (-97.7751644 30.3996303)
3719,,-97.774452,30.3988899,POINT (-97.774452 30.3988899)
3720,,-97.649155,30.396559,POINT (-97.649155 30.396559)
3721,,-97.648327,30.396171,POINT (-97.648327 30.396171)
3722,,-97.7070378,30.3114573,POINT (-97.7070378 30.3114573)
3723,,-97.6977266,30.305771,POINT (-97.6977266 30.305771)
3724,,-97.8425426,30.2151893,POINT (-97.8425426 30.2151893)
3725,,-97.7463641,30.263901,POINT (-97.7463641 30.263901)
3726,,-97.7451771,30.26357,POINT (-97.7451771 30.26357)
3727,,-97.8436389,30.2157509,POINT (-97.8436389 30.2157509)
3728,,-97.7491158,30.2646708,POINT (-97.7491158 30.2646708)
3729,,-97.7501906,30.2649864,POINT (-97.7501906 30.2649864)
3730,,-97.7570955,30.266998,POINT (-97.7570955 30.266998)
3731,,-97.7560307,30.267883,POINT (-97.7560307 30.267883)
3732,,-97.7573048,30.2671071,POINT (-97.7573048 30.2671071)
3733,,-97.749026,30.3079013,POINT (-97.749026 30.3079013)
3734,,-97.7490565,30.3079597,POINT (-97.7490565 30.3079597)
3735,,-97.7486959,30.3073563,POINT (-97.7486959 30.3073563)
3736,,-97.7720782,30.2905847,POINT (-97.7720782 30.2905847)
3737,,-97.8526216,30.2179779,POINT (-97.8526216 30.2179779)
3738,,-97.8459113,30.2169158,POINT (-97.8459113 30.2169158)
3739,,-97.8544246,30.2188505,POINT (-97.8544246 30.2188505)
3740,,-97.7774539,30.2931765,POINT (-97.7774539 30.2931765)
3741,,-97.8552839,30.2192616,POINT (-97.8552839 30.2192616)
3742,,-97.7154403,30.2848803,POINT (-97.7154403 30.2848803)
3743,,-97.7141958,30.2850812,POINT (-97.7141958 30.2850812)
3744,,-97.717143,30.284605,POINT (-97.717143 30.284605)
3745,,-97.772861,30.4224207,POINT (-97.772861 30.4224207)
3746,,-97.7727136,30.4294185,POINT (-97.7727136 30.4294185)
3747,,-97.7732876,30.4299086,POINT (-97.7732876 30.4299086)
3748,,-97.7846751,30.2419016,POINT (-97.7846751 30.2419016)
3749,,-97.7721185,30.4292023,POINT (-97.7721185 30.4292023)
3750,,-97.7269341,30.3397688,POINT (-97.7269341 30.3397688)
3751,,-97.7264564,30.3405328,POINT (-97.7264564 30.3405328)
3752,,-97.7273536,30.3391017,POINT (-97.7273536 30.3391017)
3753,,-97.7889081,30.2017075,POINT (-97.7889081 30.2017075)
3754,,-97.7894436,30.2011625,POINT (-97.7894436 30.2011625)
3755,,-97.7873136,30.2013193,POINT (-97.7873136 30.2013193)
3756,,-97.7899336,30.2003887,POINT (-97.7899336 30.2003887)
3757,,-97.7901673,30.2000235,POINT (-97.7901673 30.2000235)
3758,,-97.858134,30.220016,POINT (-97.858134 30.220016)
3759,,-97.7906193,30.1993151,POINT (-97.7906193 30.1993151)
3760,,-97.791094,30.1985767,POINT (-97.791094 30.1985767)
3761,,-97.7920218,30.1971393,POINT (-97.7920218 30.1971393)
3762,,-97.7924372,30.1964937,POINT (-97.7924372 30.1964937)
3763,,-97.7911637,30.198471,POINT (-97.7911637 30.198471)
3764,,-97.7926955,30.1961042,POINT (-97.7926955 30.1961042)
3765,,-97.793059,30.1955356,POINT (-97.793059 30.1955356)
3766,,-97.8586613,30.2209034,POINT (-97.8586613 30.2209034)
3767,,-97.7934999,30.1948668,POINT (-97.7934999 30.1948668)
3768,,-97.7939319,30.1941976,POINT (-97.7939319 30.1941976)
3769,,-97.7939878,30.1941048,POINT (-97.7939878 30.1941048)
3770,,-97.7941568,30.1937984,POINT (-97.7941568 30.1937984)
3771,,-97.7944951,30.193889,POINT (-97.7944951 30.193889)
3772,,-97.7942052,30.1935875,POINT (-97.7942052 30.1935875)
3773,,-97.7942257,30.1919638,POINT (-97.7942257 30.1919638)
3774,,-97.7941687,30.189851,POINT (-97.7941687 30.189851)
3775,,-97.7261928,30.3734622,POINT (-97.7261928 30.3734622)
3776,,-97.7264583,30.3735793,POINT (-97.7264583 30.3735793)
3777,,-97.7261337,30.3737302,POINT (-97.7261337 30.3737302)
3778,,-97.7173387,30.363336,POINT (-97.7173387 30.363336)
3779,,-97.7178272,30.3632311,POINT (-97.7178272 30.3632311)
3780,,-97.8618329,30.2224447,POINT (-97.8618329 30.2224447)
3781,,-97.7173961,30.3635291,POINT (-97.7173961 30.3635291)
3782,,-97.7165277,30.3604697,POINT (-97.7165277 30.3604697)
3783,,-97.7169117,30.3603801,POINT (-97.7169117 30.3603801)
3784,,-97.7172374,30.3630109,POINT (-97.7172374 30.3630109)
3785,,-97.7150764,30.3608103,POINT (-97.7150764 30.3608103)
3786,,-97.7156157,30.3574346,POINT (-97.7156157 30.3574346)
3787,,-97.7159137,30.3584141,POINT (-97.7159137 30.3584141)
3788,,-97.7150754,30.3556695,POINT (-97.7150754 30.3556695)
3789,,-97.7151066,30.3557719,POINT (-97.7151066 30.3557719)
3790,,-97.7125649,30.3552058,POINT (-97.7125649 30.3552058)
3791,,-97.7140043,30.3527256,POINT (-97.7140043 30.3527256)
3792,,-97.7142028,30.3531222,POINT (-97.7142028 30.3531222)
3793,,-97.712529,30.348352,POINT (-97.712529 30.348352)
3794,,-97.7126421,30.3485748,POINT (-97.7126421 30.3485748)
3795,,-97.7131199,30.3475448,POINT (-97.7131199 30.3475448)
3796,,-97.8603662,30.1964478,POINT (-97.8603662 30.1964478)
3797,,-97.8595882,30.19527,POINT (-97.8595882 30.19527)
3798,,-97.862656,30.2228455,POINT (-97.862656 30.2228455)
3799,,-97.7146138,30.270413,POINT (-97.7146138 30.270413)
3800,,-97.715979,30.274387,POINT (-97.715979 30.274387)
3801,,-97.7156456,30.2744398,POINT (-97.7156456 30.2744398)
3802,,-97.7161845,30.2753849,POINT (-97.7161845 30.2753849)
3803,,-97.715753,30.2739404,POINT (-97.715753 30.2739404)
3804,,-97.7169717,30.27423,POINT (-97.7169717 30.27423)
3805,,-97.7163984,30.2763753,POINT (-97.7163984 30.2763753)
3806,,-97.7166153,30.2773341,POINT (-97.7166153 30.2773341)
3807,,-97.8635565,30.2232898,POINT (-97.8635565 30.2232898)
3808,,-97.7162555,30.2806158,POINT (-97.7162555 30.2806158)
3809,,-97.7182964,30.2802806,POINT (-97.7182964 30.2802806)
3810,,-97.718177,30.284452,POINT (-97.718177 30.284452)
3811,,-97.7185267,30.2843978,POINT (-97.7185267 30.2843978)
3812,,-97.718169,30.2847643,POINT (-97.718169 30.2847643)
3813,,-97.7179789,30.2834383,POINT (-97.7179789 30.2834383)
3814,,-97.841227,30.281893,POINT (-97.841227 30.281893)
3815,,-97.8400701,30.2825139,POINT (-97.8400701 30.2825139)
3816,,-97.8428581,30.2814122,POINT (-97.8428581 30.2814122)
3817,,-97.8641063,30.2235649,POINT (-97.8641063 30.2235649)
3818,,-97.8646116,30.2237973,POINT (-97.8646116 30.2237973)
3819,,-97.7120865,30.2637458,POINT (-97.7120865 30.2637458)
3820,,-97.8659411,30.2244546,POINT (-97.8659411 30.2244546)
3821,,-97.6920411,30.3414866,POINT (-97.6920411 30.3414866)
3822,,-97.6901825,30.3406048,POINT (-97.6901825 30.3406048)
3823,,-97.6943508,30.342575,POINT (-97.6943508 30.342575)
3824,,-97.794256,30.2138219,POINT (-97.794256 30.2138219)
3825,,-97.7947665,30.2140854,POINT (-97.7947665 30.2140854)
3826,,-97.8669977,30.2249698,POINT (-97.8669977 30.2249698)
3827,,-97.7627311,30.4224336,POINT (-97.7627311 30.4224336)
3828,,-97.7596074,30.4285688,POINT (-97.7596074 30.4285688)
3829,,-97.7594454,30.428839,POINT (-97.7594454 30.428839)
3830,,-97.759064,30.4286495,POINT (-97.759064 30.4286495)
3831,,-97.758997,30.4294586,POINT (-97.758997 30.4294586)
3832,,-97.759147,30.4295345,POINT (-97.759147 30.4295345)
3833,,-97.7587921,30.4297889,POINT (-97.7587921 30.4297889)
3834,,-97.7407222,30.166998,POINT (-97.7407222 30.166998)
3835,,-97.7119144,30.3604215,POINT (-97.7119144 30.3604215)
3836,,-97.7110641,30.3600132,POINT (-97.7110641 30.3600132)
3837,,-97.7127145,30.3607904,POINT (-97.7127145 30.3607904)
3838,,-97.8685971,30.2257635,POINT (-97.8685971 30.2257635)
3839,,-97.8687279,30.2258272,POINT (-97.8687279 30.2258272)
3840,,-97.8713709,30.2269392,POINT (-97.8713709 30.2269392)
3841,,-97.8693542,30.2249236,POINT (-97.8693542 30.2249236)
3842,,-97.7519246,30.323076,POINT (-97.7519246 30.323076)
3843,,-97.7508645,30.3248122,POINT (-97.7508645 30.3248122)
3844,,-97.7534368,30.3205552,POINT (-97.7534368 30.3205552)
3845,,-97.7552555,30.3246569,POINT (-97.7552555 30.3246569)
3846,,-97.76533,30.32928,POINT (-97.76533 30.32928)
3847,,-97.768667,30.324772,POINT (-97.768667 30.324772)
3848,,-97.8744366,30.2279204,POINT (-97.8744366 30.2279204)
3849,,-97.758814,30.326855,POINT (-97.758814 30.326855)
3850,,-97.7630131,30.331823,POINT (-97.7630131 30.331823)
3851,,-97.8818673,30.2576481,POINT (-97.8818673 30.2576481)
3852,,-97.8845079,30.2607468,POINT (-97.8845079 30.2607468)
3853,,-97.8757775,30.2279867,POINT (-97.8757775 30.2279867)
3854,,-97.8066716,30.4861777,POINT (-97.8066716 30.4861777)
3855,,-97.8771857,30.2283436,POINT (-97.8771857 30.2283436)
3856,,-97.6912978,30.4245926,POINT (-97.6912978 30.4245926)
3857,,-97.6900655,30.4262727,POINT (-97.6900655 30.4262727)
3858,,-97.6917504,30.4239248,POINT (-97.6917504 30.4239248)
3859,,-97.7692052,30.279346,POINT (-97.7692052 30.279346)
3860,,-97.7704802,30.2772604,POINT (-97.7704802 30.2772604)
3861,,-97.8779984,30.2290621,POINT (-97.8779984 30.2290621)
3862,,-97.7765682,30.2828692,POINT (-97.7765682 30.2828692)
3863,,-97.7762305,30.2823946,POINT (-97.7762305 30.2823946)
3864,,-97.7767975,30.2832212,POINT (-97.7767975 30.2832212)
3865,,-97.7424606,30.2689964,POINT (-97.7424606 30.2689964)
3866,,-97.7411381,30.2686244,POINT (-97.7411381 30.2686244)
3867,,-97.7428064,30.268072,POINT (-97.7428064 30.268072)
3868,,-97.74378,30.2693646,POINT (-97.74378 30.2693646)
3869,,-97.7441258,30.2684402,POINT (-97.7441258 30.2684402)
3870,,-97.7434367,30.2702821,POINT (-97.7434367 30.2702821)
3871,,-97.7445371,30.2705892,POINT (-97.7445371 30.2705892)
3872,,-97.8784111,30.2295924,POINT (-97.8784111 30.2295924)
3873,,-97.8778348,30.2316503,POINT (-97.8778348 30.2316503)
3874,,-97.8777225,30.231689,POINT (-97.8777225 30.231689)
3875,,-97.8793359,30.2307657,POINT (-97.8793359 30.2307657)
3876,,-97.7741748,30.2292294,POINT (-97.7741748 30.2292294)
3877,,-97.775298,30.2297714,POINT (-97.775298 30.2297714)
3878,,-97.7173219,30.3497073,POINT (-97.7173219 30.3497073)
3879,,-97.7170714,30.3499491,POINT (-97.7170714 30.3499491)
3880,,-97.7178589,30.3499655,POINT (-97.7178589 30.3499655)
3881,,-97.7168577,30.3500922,POINT (-97.7168577 30.3500922)
3882,,-97.7148457,30.3528397,POINT (-97.7148457 30.3528397)
3883,,-97.665539,30.307024,POINT (-97.665539 30.307024)
3884,,-97.8256652,30.2352183,POINT (-97.8256652 30.2352183)
3885,,-97.8258409,30.2348987,POINT (-97.8258409 30.2348987)
3886,,-97.8241165,30.2346886,POINT (-97.8241165 30.2346886)
3887,,-97.8236313,30.2344711,POINT (-97.8236313 30.2344711)
3888,,-97.8234308,30.2355786,POINT (-97.8234308 30.2355786)
3889,,-97.7890839,30.3763602,POINT (-97.7890839 30.3763602)
3890,,-97.7891044,30.3772012,POINT (-97.7891044 30.3772012)
3891,,-97.7028497,30.3639,POINT (-97.7028497 30.3639)
3892,,-97.7788859,30.2284598,POINT (-97.7788859 30.2284598)
3893,,-97.7791281,30.2281067,POINT (-97.7791281 30.2281067)
3894,,-97.7778836,30.2299686,POINT (-97.7778836 30.2299686)
3895,,-97.7838366,30.2291731,POINT (-97.7838366 30.2291731)
3896,,-97.8001573,30.2169545,POINT (-97.8001573 30.2169545)
3897,,-97.7993703,30.21645,POINT (-97.7993703 30.21645)
3898,,-97.8019354,30.2179847,POINT (-97.8019354 30.2179847)
3899,,-97.803218,30.2183193,POINT (-97.803218 30.2183193)
3900,,-97.8041215,30.2185227,POINT (-97.8041215 30.2185227)
3901,,-97.8050861,30.2187319,POINT (-97.8050861 30.2187319)
3902,,-97.8041632,30.2183952,POINT (-97.8041632 30.2183952)
3903,,-97.801977,30.2178635,POINT (-97.801977 30.2178635)
3904,,-97.7950889,30.2142241,POINT (-97.7950889 30.2142241)
3905,,-97.7960556,30.2146859,POINT (-97.7960556 30.2146859)
3906,,-97.7951411,30.2141373,POINT (-97.7951411 30.2141373)
3907,,-97.7947875,30.2139663,POINT (-97.7947875 30.2139663)
3908,,-97.7871109,30.2106497,POINT (-97.7871109 30.2106497)
3909,,-97.7893234,30.2115923,POINT (-97.7893234 30.2115923)
3910,,-97.7906833,30.2121285,POINT (-97.7906833 30.2121285)
3911,,-97.7870375,30.2107733,POINT (-97.7870375 30.2107733)
3912,,-97.7878521,30.2095569,POINT (-97.7878521 30.2095569)
3913,,-97.7814794,30.2085214,POINT (-97.7814794 30.2085214)
3914,,-97.7815503,30.2084401,POINT (-97.7815503 30.2084401)
3915,,-97.7831107,30.2090299,POINT (-97.7831107 30.2090299)
3916,,-97.7803069,30.2099429,POINT (-97.7803069 30.2099429)
3917,,-97.78234,30.206779,POINT (-97.78234 30.206779)
3918,,-97.78037,30.2078111,POINT (-97.78037 30.2078111)
3919,,-97.7772598,30.2062927,POINT (-97.7772598 30.2062927)
3920,,-97.77874,30.2071195,POINT (-97.77874 30.2071195)
3921,,-97.7762126,30.2055671,POINT (-97.7762126 30.2055671)
3922,,-97.7831363,30.2089332,POINT (-97.7831363 30.2089332)
3923,,-97.7195496,30.3224628,POINT (-97.7195496 30.3224628)
3924,,-97.7204104,30.3227332,POINT (-97.7204104 30.3227332)
3925,,-97.8030383,30.225192,POINT (-97.8030383 30.225192)
3926,,-97.8021768,30.2247662,POINT (-97.8021768 30.2247662)
3927,,-97.70913,30.273203,POINT (-97.70913 30.273203)
3928,,-97.7078594,30.2753765,POINT (-97.7078594 30.2753765)
3929,,-97.709385,30.272815,POINT (-97.709385 30.272815)
3930,,-97.7149877,30.2745438,POINT (-97.7149877 30.2745438)
3931,,-97.7452261,30.2687473,POINT (-97.7452261 30.2687473)
3932,,-97.7441809,30.2715412,POINT (-97.7441809 30.2715412)
3933,,-97.743071,30.2744917,POINT (-97.743071 30.2744917)
3934,,-97.7428775,30.2732316,POINT (-97.7428775 30.2732316)
3935,,-97.743029,30.2745983,POINT (-97.743029 30.2745983)
3936,,-97.7426258,30.2757163,POINT (-97.7426258 30.2757163)
3937,,-97.7422802,30.2766461,POINT (-97.7422802 30.2766461)
3938,,-97.7415882,30.2785514,POINT (-97.7415882 30.2785514)
3939,,-97.866001,30.2109507,POINT (-97.866001 30.2109507)
3940,,-97.751085,30.231469,POINT (-97.751085 30.231469)
3941,,-97.750906,30.231864,POINT (-97.750906 30.231864)
3942,,-97.747031,30.229643,POINT (-97.747031 30.229643)
3943,,-97.746445,30.228636,POINT (-97.746445 30.228636)
3944,,-97.7818551,30.1986112,POINT (-97.7818551 30.1986112)
3945,,-97.928939,30.1856755,POINT (-97.928939 30.1856755)
3946,,-97.9287885,30.1802322,POINT (-97.9287885 30.1802322)
3947,,-97.9271203,30.1896691,POINT (-97.9271203 30.1896691)
3948,,-97.7418142,30.2667642,POINT (-97.7418142 30.2667642)
3949,,-97.7407501,30.2664672,POINT (-97.7407501 30.2664672)
3950,,-97.739319,30.267097,POINT (-97.739319 30.267097)
3951,,-97.7364673,30.2652708,POINT (-97.7364673 30.2652708)
3952,,-97.6989669,30.303864,POINT (-97.6989669 30.303864)
3953,,-97.7371915,30.2664902,POINT (-97.7371915 30.2664902)
3954,,-97.7353812,30.264969,POINT (-97.7353812 30.264969)
3955,,-97.7355179,30.2646036,POINT (-97.7355179 30.2646036)
3956,,-97.7344842,30.2646874,POINT (-97.7344842 30.2646874)
3957,,-97.7305101,30.2644238,POINT (-97.7305101 30.2644238)
3958,,-97.7269704,30.2621483,POINT (-97.7269704 30.2621483)
3959,,-97.7265508,30.2630507,POINT (-97.7265508 30.2630507)
3960,,-97.7146641,30.2589312,POINT (-97.7146641 30.2589312)
3961,,-97.701948,30.255613,POINT (-97.701948 30.255613)
3962,,-97.699913,30.2527212,POINT (-97.699913 30.2527212)
3963,,-97.698287,30.2521559,POINT (-97.698287 30.2521559)
3964,,-97.799744,30.3456958,POINT (-97.799744 30.3456958)
3965,,-97.8508955,30.2066007,POINT (-97.8508955 30.2066007)
3966,,-97.6694882,30.3116874,POINT (-97.6694882 30.3116874)
3967,,-97.7172465,30.3129492,POINT (-97.7172465 30.3129492)
3968,,-97.718122,30.3133828,POINT (-97.718122 30.3133828)
3969,,-97.689421,30.306201,POINT (-97.689421 30.306201)
3970,,-97.689769,30.30702,POINT (-97.689769 30.30702)
3971,,-97.688387,30.305641,POINT (-97.688387 30.305641)
3972,,-97.7105509,30.2903086,POINT (-97.7105509 30.2903086)
3973,,-97.7102854,30.2901754,POINT (-97.7102854 30.2901754)
3974,,-97.7115548,30.2907845,POINT (-97.7115548 30.2907845)
3975,,-97.6944406,30.3881902,POINT (-97.6944406 30.3881902)
3976,,-97.6944023,30.3877558,POINT (-97.6944023 30.3877558)
3977,,-97.6945564,30.3889639,POINT (-97.6945564 30.3889639)
3978,,-97.8520867,30.2126977,POINT (-97.8520867 30.2126977)
3979,,-97.8525712,30.2119507,POINT (-97.8525712 30.2119507)
3980,,-97.8509825,30.2139645,POINT (-97.8509825 30.2139645)
3981,,-97.7934766,30.2007066,POINT (-97.7934766 30.2007066)
3982,,-97.7936208,30.1993168,POINT (-97.7936208 30.1993168)
3983,,-97.7932328,30.2011418,POINT (-97.7932328 30.2011418)
3984,,-97.7973698,30.2026088,POINT (-97.7973698 30.2026088)
3985,,-97.797101,30.203023,POINT (-97.797101 30.203023)
3986,,-97.7987799,30.200422,POINT (-97.7987799 30.200422)
3987,,-97.684786,30.282521,POINT (-97.684786 30.282521)
3988,,-97.684266,30.283327,POINT (-97.684266 30.283327)
3989,,-97.8273766,30.173702,POINT (-97.8273766 30.173702)
3990,,-97.8271976,30.1739469,POINT (-97.8271976 30.1739469)
3991,,-97.8323848,30.1735665,POINT (-97.8323848 30.1735665)
3992,,-97.8330062,30.1737238,POINT (-97.8330062 30.1737238)
3993,,-97.6853052,30.2817372,POINT (-97.6853052 30.2817372)
3994,,-97.8342824,30.1742674,POINT (-97.8342824 30.1742674)
3995,,-97.8351925,30.1760375,POINT (-97.8351925 30.1760375)
3996,,-97.8352326,30.1766325,POINT (-97.8352326 30.1766325)
3997,,-97.8340068,30.1765165,POINT (-97.8340068 30.1765165)
3998,,-97.7647005,30.198901,POINT (-97.7647005 30.198901)
3999,,-97.7661127,30.2000825,POINT (-97.7661127 30.2000825)
4000,,-97.7166358,30.2055888,POINT (-97.7166358 30.2055888)
4001,,-97.7165337,30.2055402,POINT (-97.7165337 30.2055402)
4002,,-97.7169371,30.2057322,POINT (-97.7169371 30.2057322)
4003,,-97.7168045,30.2053269,POINT (-97.7168045 30.2053269)
4004,,-97.7181748,30.2035438,POINT (-97.7181748 30.2035438)
4005,,-97.7180938,30.203468,POINT (-97.7180938 30.203468)
4006,,-97.7200544,30.2023134,POINT (-97.7200544 30.2023134)
4007,,-97.7295905,30.1920816,POINT (-97.7295905 30.1920816)
4008,,-97.734106,30.1908555,POINT (-97.734106 30.1908555)
4009,,-97.7346668,30.1911133,POINT (-97.7346668 30.1911133)
4010,,-97.735752,30.1916301,POINT (-97.735752 30.1916301)
4011,,-97.7396834,30.1936279,POINT (-97.7396834 30.1936279)
4012,,-97.7404111,30.1939189,POINT (-97.7404111 30.1939189)
4013,,-97.7440719,30.194048,POINT (-97.7440719 30.194048)
4014,,-97.7446242,30.1940189,POINT (-97.7446242 30.1940189)
4015,,-97.7472113,30.1937675,POINT (-97.7472113 30.1937675)
4016,,-97.7524462,30.193475,POINT (-97.7524462 30.193475)
4017,,-97.749715,30.1936258,POINT (-97.749715 30.1936258)
4018,,-97.7536168,30.1934129,POINT (-97.7536168 30.1934129)
4019,,-97.7531671,30.1934354,POINT (-97.7531671 30.1934354)
4020,,-97.7544331,30.1933652,POINT (-97.7544331 30.1933652)
4021,,-97.7581729,30.1950049,POINT (-97.7581729 30.1950049)
4022,,-97.7580881,30.195083,POINT (-97.7580881 30.195083)
4023,,-97.759222,30.195886,POINT (-97.759222 30.195886)
4024,,-97.7647879,30.1988043,POINT (-97.7647879 30.1988043)
4025,,-97.7646432,30.1984956,POINT (-97.7646432 30.1984956)
4026,,-97.731763,30.190997,POINT (-97.731763 30.190997)
4027,,-97.7329893,30.1907294,POINT (-97.7329893 30.1907294)
4028,,-97.7161619,30.2053589,POINT (-97.7161619 30.2053589)
4029,,-97.7164052,30.2057395,POINT (-97.7164052 30.2057395)
4030,,-97.7381364,30.1928892,POINT (-97.7381364 30.1928892)
4031,,-97.7472186,30.1938727,POINT (-97.7472186 30.1938727)
4032,,-97.7497245,30.1937321,POINT (-97.7497245 30.1937321)
4033,,-97.85229,30.2268175,POINT (-97.85229 30.2268175)
4034,,-97.8549361,30.2250562,POINT (-97.8549361 30.2250562)
4035,,-97.8550349,30.2249039,POINT (-97.8550349 30.2249039)
4036,,-97.8614442,30.2282491,POINT (-97.8614442 30.2282491)
4037,,-97.855475,30.22419,POINT (-97.855475 30.22419)
4038,,-97.8588198,30.2191633,POINT (-97.8588198 30.2191633)
4039,,-97.8595919,30.2187844,POINT (-97.8595919 30.2187844)
4040,,-97.8613752,30.2179453,POINT (-97.8613752 30.2179453)
4041,,-97.8618383,30.2172748,POINT (-97.8618383 30.2172748)
4042,,-97.8648959,30.2124649,POINT (-97.8648959 30.2124649)
4043,,-97.8704616,30.2058356,POINT (-97.8704616 30.2058356)
4044,,-97.8708071,30.2040543,POINT (-97.8708071 30.2040543)
4045,,-97.8687689,30.2038544,POINT (-97.8687689 30.2038544)
4046,,-97.8711421,30.2019179,POINT (-97.8711421 30.2019179)
4047,,-97.8709183,30.2009794,POINT (-97.8709183 30.2009794)
4048,,-97.8708694,30.2008159,POINT (-97.8708694 30.2008159)
4049,,-97.8757691,30.2004306,POINT (-97.8757691 30.2004306)
4050,,-97.7323392,30.2464261,POINT (-97.7323392 30.2464261)
4051,,-97.732149,30.2462803,POINT (-97.732149 30.2462803)
4052,,-97.7312411,30.2456027,POINT (-97.7312411 30.2456027)
4053,,-97.7294108,30.2432214,POINT (-97.7294108 30.2432214)
4054,,-97.7292132,30.2432233,POINT (-97.7292132 30.2432233)
4055,,-97.7283405,30.2417585,POINT (-97.7283405 30.2417585)
4056,,-97.729754,30.2431671,POINT (-97.729754 30.2431671)
4057,,-97.727064,30.24017,POINT (-97.727064 30.24017)
4058,,-97.7257203,30.2376803,POINT (-97.7257203 30.2376803)
4059,,-97.7256074,30.237717,POINT (-97.7256074 30.237717)
4060,,-97.7256116,30.2373528,POINT (-97.7256116 30.2373528)
4061,,-97.7260923,30.2374215,POINT (-97.7260923 30.2374215)
4062,,-97.6852695,30.2169161,POINT (-97.6852695 30.2169161)
4063,,-97.687601,30.21558,POINT (-97.687601 30.21558)
4064,,-97.6834178,30.2176755,POINT (-97.6834178 30.2176755)
4065,,-97.6899592,30.2168953,POINT (-97.6899592 30.2168953)
4066,,-97.6904788,30.2180865,POINT (-97.6904788 30.2180865)
4067,,-97.6929026,30.2197609,POINT (-97.6929026 30.2197609)
4068,,-97.6913379,30.2187727,POINT (-97.6913379 30.2187727)
4069,,-97.6941888,30.2206628,POINT (-97.6941888 30.2206628)
4070,,-97.6949655,30.2211245,POINT (-97.6949655 30.2211245)
4071,,-97.6958174,30.2216325,POINT (-97.6958174 30.2216325)
4072,,-97.6978172,30.2226253,POINT (-97.6978172 30.2226253)
4073,,-97.6996739,30.2234434,POINT (-97.6996739 30.2234434)
4074,,-97.7011017,30.2240778,POINT (-97.7011017 30.2240778)
4075,,-97.7011785,30.2239716,POINT (-97.7011785 30.2239716)
4076,,-97.7034307,30.2250119,POINT (-97.7034307 30.2250119)
4077,,-97.7002329,30.2252466,POINT (-97.7002329 30.2252466)
4078,,-97.7048036,30.2256271,POINT (-97.7048036 30.2256271)
4079,,-97.7061768,30.2262824,POINT (-97.7061768 30.2262824)
4080,,-97.7078406,30.2270708,POINT (-97.7078406 30.2270708)
4081,,-97.7062534,30.2261594,POINT (-97.7062534 30.2261594)
4082,,-97.7053755,30.2257494,POINT (-97.7053755 30.2257494)
4083,,-97.7204436,30.2324773,POINT (-97.7204436 30.2324773)
4084,,-97.7205087,30.2323281,POINT (-97.7205087 30.2323281)
4085,,-97.7224382,30.2338229,POINT (-97.7224382 30.2338229)
4086,,-97.7299349,30.2439462,POINT (-97.7299349 30.2439462)
4087,,-97.729641,30.2435373,POINT (-97.729641 30.2435373)
4088,,-97.736166,30.248087,POINT (-97.736166 30.248087)
4089,,-97.6693401,30.4403325,POINT (-97.6693401 30.4403325)
4090,,-97.6693417,30.4401725,POINT (-97.6693417 30.4401725)
4091,,-97.6662035,30.4411343,POINT (-97.6662035 30.4411343)
4092,,-97.6658224,30.4411706,POINT (-97.6658224 30.4411706)
4093,,-97.6591924,30.4382179,POINT (-97.6591924 30.4382179)
4094,,-97.6574939,30.4371529,POINT (-97.6574939 30.4371529)
4095,,-97.6529863,30.4325722,POINT (-97.6529863 30.4325722)
4096,,-97.6528597,30.4326135,POINT (-97.6528597 30.4326135)
4097,,-97.651429,30.4302204,POINT (-97.651429 30.4302204)
4098,,-97.690318,30.32899,POINT (-97.690318 30.32899)
4099,,-97.690466,30.3290695,POINT (-97.690466 30.3290695)
4100,,-97.6889482,30.3300616,POINT (-97.6889482 30.3300616)
4101,,-97.771368,30.227833,POINT (-97.771368 30.227833)
4102,,-97.7799581,30.228146,POINT (-97.7799581 30.228146)
4103,,-97.7796581,30.2274142,POINT (-97.7796581 30.2274142)
4104,,-97.7827704,30.2284227,POINT (-97.7827704 30.2284227)
4105,,-97.7841055,30.2287292,POINT (-97.7841055 30.2287292)
4106,,-97.7849252,30.228942,POINT (-97.7849252 30.228942)
4107,,-97.785717,30.2292097,POINT (-97.785717 30.2292097)
4108,,-97.7914949,30.2319852,POINT (-97.7914949 30.2319852)
4109,,-97.7919088,30.232184,POINT (-97.7919088 30.232184)
4110,,-97.7900741,30.2356664,POINT (-97.7900741 30.2356664)
4111,,-97.7680874,30.2263093,POINT (-97.7680874 30.2263093)
4112,,-97.7688525,30.2266861,POINT (-97.7688525 30.2266861)
4113,,-97.672023,30.308214,POINT (-97.672023 30.308214)
4114,,-97.673034,30.307985,POINT (-97.673034 30.307985)
4115,,-97.670766,30.308532,POINT (-97.670766 30.308532)
4116,,-97.798838,30.384598,POINT (-97.798838 30.384598)
4117,,-97.7991687,30.3853743,POINT (-97.7991687 30.3853743)
4118,,-97.805417,30.4861684,POINT (-97.805417 30.4861684)
4119,,-97.7664301,30.2995625,POINT (-97.7664301 30.2995625)
4120,,-97.6736563,30.3848394,POINT (-97.6736563 30.3848394)
4121,,-97.6738555,30.3839319,POINT (-97.6738555 30.3839319)
4122,,-97.699339,30.4176091,POINT (-97.699339 30.4176091)
4123,,-97.7008582,30.4183493,POINT (-97.7008582 30.4183493)
4124,,-97.7450405,30.2840393,POINT (-97.7450405 30.2840393)
4125,,-97.7449475,30.2852119,POINT (-97.7449475 30.2852119)
4126,,-97.6315647,30.29306,POINT (-97.6315647 30.29306)
4127,,-97.6337906,30.2941425,POINT (-97.6337906 30.2941425)
4128,,-97.7091783,30.2011729,POINT (-97.7091783 30.2011729)
4129,,-97.710266,30.2020412,POINT (-97.710266 30.2020412)
4130,,-97.7052486,30.1978596,POINT (-97.7052486 30.1978596)
4131,,-97.732863,30.375827,POINT (-97.732863 30.375827)
4132,,-97.7322741,30.3755083,POINT (-97.7322741 30.3755083)
4133,,-97.7343449,30.3751301,POINT (-97.7343449 30.3751301)
4134,,-97.729831,30.3742791,POINT (-97.729831 30.3742791)
4135,,-97.7288887,30.3739851,POINT (-97.7288887 30.3739851)
4136,,-97.7263719,30.3727972,POINT (-97.7263719 30.3727972)
4137,,-97.7259169,30.3726015,POINT (-97.7259169 30.3726015)
4138,,-97.7208376,30.3700574,POINT (-97.7208376 30.3700574)
4139,,-97.7190385,30.3684281,POINT (-97.7190385 30.3684281)
4140,,-97.7193351,30.3682909,POINT (-97.7193351 30.3682909)
4141,,-97.7187592,30.3665617,POINT (-97.7187592 30.3665617)
4142,,-97.7177851,30.3630945,POINT (-97.7177851 30.3630945)
4143,,-97.7185385,30.3629761,POINT (-97.7185385 30.3629761)
4144,,-97.7166859,30.3596481,POINT (-97.7166859 30.3596481)
4145,,-97.7154905,30.3555785,POINT (-97.7154905 30.3555785)
4146,,-97.7151868,30.3556451,POINT (-97.7151868 30.3556451)
4147,,-97.775446,30.249604,POINT (-97.775446 30.249604)
4148,,-97.775844,30.249042,POINT (-97.775844 30.249042)
4149,,-97.6600756,30.3787417,POINT (-97.6600756 30.3787417)
4150,,-97.6597738,30.3781803,POINT (-97.6597738 30.3781803)
4151,,-97.6613252,30.3811275,POINT (-97.6613252 30.3811275)
4152,,-97.796459,30.194853,POINT (-97.796459 30.194853)
4153,,-97.7951771,30.1942429,POINT (-97.7951771 30.1942429)
4154,,-97.7441276,30.161455,POINT (-97.7441276 30.161455)
4155,,-97.7459461,30.1584156,POINT (-97.7459461 30.1584156)
4156,,-97.7447686,30.1603705,POINT (-97.7447686 30.1603705)
4157,,-97.7436307,30.1576926,POINT (-97.7436307 30.1576926)
4158,,-97.748176,30.1595054,POINT (-97.748176 30.1595054)
4159,,-97.7860479,30.2828619,POINT (-97.7860479 30.2828619)
4160,,-97.786518,30.2832035,POINT (-97.786518 30.2832035)
4161,,-97.6661759,30.3112583,POINT (-97.6661759 30.3112583)
4162,,-97.783347,30.216606,POINT (-97.783347 30.216606)
4163,,-97.7842199,30.2163877,POINT (-97.7842199 30.2163877)
4164,,-97.7826182,30.2169423,POINT (-97.7826182 30.2169423)
4165,,-97.7656467,30.3439235,POINT (-97.7656467 30.3439235)
4166,,-97.766709,30.344868,POINT (-97.766709 30.344868)
4167,,-97.765102,30.343667,POINT (-97.765102 30.343667)
4168,,-97.6852164,30.2559098,POINT (-97.6852164 30.2559098)
4169,,-97.7185937,30.2802289,POINT (-97.7185937 30.2802289)
4170,,-97.6968283,30.4128096,POINT (-97.6968283 30.4128096)
4171,,-97.6964934,30.4149356,POINT (-97.6964934 30.4149356)
4172,,-97.7191395,30.2842971,POINT (-97.7191395 30.2842971)
4173,,-97.7196976,30.2842042,POINT (-97.7196976 30.2842042)
4174,,-97.6965875,30.4121359,POINT (-97.6965875 30.4121359)
4175,,-97.7179375,30.2740773,POINT (-97.7179375 30.2740773)
4176,,-97.7927835,30.2018252,POINT (-97.7927835 30.2018252)
4177,,-97.7958221,30.2050241,POINT (-97.7958221 30.2050241)
4178,,-97.6890184,30.2759548,POINT (-97.6890184 30.2759548)
4179,,-97.6896856,30.2749612,POINT (-97.6896856 30.2749612)
4180,,-97.6629161,30.3737989,POINT (-97.6629161 30.3737989)
4181,,-97.6611608,30.3746435,POINT (-97.6611608 30.3746435)
4182,,-97.7865265,30.2590354,POINT (-97.7865265 30.2590354)
4183,,-97.8012798,30.2731759,POINT (-97.8012798 30.2731759)
4184,,-97.800459,30.2744097,POINT (-97.800459 30.2744097)
4185,,-97.803809,30.269365,POINT (-97.803809 30.269365)
4186,,-97.7754786,30.3947967,POINT (-97.7754786 30.3947967)
4187,,-97.7742975,30.3982533,POINT (-97.7742975 30.3982533)
4188,,-97.7893892,30.2872548,POINT (-97.7893892 30.2872548)
4189,,-97.7103631,30.4116431,POINT (-97.7103631 30.4116431)
4190,,-97.7103466,30.4117008,POINT (-97.7103466 30.4117008)
4191,,-97.7103092,30.4114471,POINT (-97.7103092 30.4114471)
4192,,-97.7105072,30.4112648,POINT (-97.7105072 30.4112648)
4193,,-97.7082426,30.4179007,POINT (-97.7082426 30.4179007)
4194,,-97.8288877,30.1792176,POINT (-97.8288877 30.1792176)
4195,,-97.827632,30.1785938,POINT (-97.827632 30.1785938)
4196,,-97.8312169,30.1803287,POINT (-97.8312169 30.1803287)
4197,,-97.8293945,30.1753968,POINT (-97.8293945 30.1753968)
4198,,-97.828183,30.1746531,POINT (-97.828183 30.1746531)
4199,,-97.8120978,30.2580303,POINT (-97.8120978 30.2580303)
4200,,-97.8121651,30.2581146,POINT (-97.8121651 30.2581146)
4201,,-97.8109782,30.2588763,POINT (-97.8109782 30.2588763)
4202,,-97.808537,30.262803,POINT (-97.808537 30.262803)
4203,,-97.8080453,30.2636033,POINT (-97.8080453 30.2636033)
4204,,-97.8090553,30.2619806,POINT (-97.8090553 30.2619806)
4205,,-97.8076393,30.2642613,POINT (-97.8076393 30.2642613)
4206,,-97.804559,30.268968,POINT (-97.804559 30.268968)
4207,,-97.8053274,30.2695935,POINT (-97.8053274 30.2695935)
4208,,-97.8016098,30.2752642,POINT (-97.8016098 30.2752642)
4209,,-97.7987383,30.2732359,POINT (-97.7987383 30.2732359)
4210,,-97.754642,30.301605,POINT (-97.754642 30.301605)
4211,,-97.753847,30.30118,POINT (-97.753847 30.30118)
4212,,-97.67085,30.429662,POINT (-97.67085 30.429662)
4213,,-97.6718196,30.4248733,POINT (-97.6718196 30.4248733)
4214,,-97.7660439,30.2517616,POINT (-97.7660439 30.2517616)
4215,,-97.7667683,30.2525473,POINT (-97.7667683 30.2525473)
4216,,-97.768648,30.253412,POINT (-97.768648 30.253412)
4217,,-97.767772,30.253001,POINT (-97.767772 30.253001)
4218,,-97.769488,30.254243,POINT (-97.769488 30.254243)
4219,,-97.7714941,30.2556643,POINT (-97.7714941 30.2556643)
4220,,-97.771863,30.255082,POINT (-97.771863 30.255082)
4221,,-97.7713107,30.2559354,POINT (-97.7713107 30.2559354)
4222,,-97.7033516,30.3902134,POINT (-97.7033516 30.3902134)
4223,,-97.7017376,30.3893699,POINT (-97.7017376 30.3893699)
4224,,-97.755878,30.294136,POINT (-97.755878 30.294136)
4225,,-97.8019909,30.251867,POINT (-97.8019909 30.251867)
4226,,-97.8006185,30.2552947,POINT (-97.8006185 30.2552947)
4227,,-97.7923852,30.2025642,POINT (-97.7923852 30.2025642)
4228,,-97.7167747,30.2543772,POINT (-97.7167747 30.2543772)
4229,,-97.7188667,30.2561465,POINT (-97.7188667 30.2561465)
4230,,-97.7142781,30.2597793,POINT (-97.7142781 30.2597793)
4231,,-97.7139718,30.2604229,POINT (-97.7139718 30.2604229)
4232,,-97.7922317,30.2033905,POINT (-97.7922317 30.2033905)
4233,,-97.7137334,30.2609108,POINT (-97.7137334 30.2609108)
4234,,-97.7133722,30.261705,POINT (-97.7133722 30.261705)
4235,,-97.7116358,30.2605918,POINT (-97.7116358 30.2605918)
4236,,-97.713294,30.261863,POINT (-97.713294 30.261863)
4237,,-97.714478,30.3609492,POINT (-97.714478 30.3609492)
4238,,-97.713569,30.3610161,POINT (-97.713569 30.3610161)
4239,,-97.7648614,30.2338376,POINT (-97.7648614 30.2338376)
4240,,-97.7650201,30.2335825,POINT (-97.7650201 30.2335825)
4241,,-97.76449,30.2344335,POINT (-97.76449 30.2344335)
4242,,-97.772003,30.254846,POINT (-97.772003 30.254846)
4243,,-97.7723163,30.2544159,POINT (-97.7723163 30.2544159)
4244,,-97.7777865,30.2690616,POINT (-97.7777865 30.2690616)
4245,,-97.7802663,30.2694694,POINT (-97.7802663 30.2694694)
4246,,-97.7775656,30.268892,POINT (-97.7775656 30.268892)
4247,,-97.7984684,30.273065,POINT (-97.7984684 30.273065)
4248,,-97.7101271,30.3772184,POINT (-97.7101271 30.3772184)
4249,,-97.7185588,30.3220048,POINT (-97.7185588 30.3220048)
4250,,-97.7186171,30.3219152,POINT (-97.7186171 30.3219152)
4251,,-97.7176209,30.3215466,POINT (-97.7176209 30.3215466)
4252,,-97.7166837,30.3210872,POINT (-97.7166837 30.3210872)
4253,,-97.7156095,30.3205782,POINT (-97.7156095 30.3205782)
4254,,-97.843446,30.258961,POINT (-97.843446 30.258961)
4255,,-97.8423099,30.2594752,POINT (-97.8423099 30.2594752)
4256,,-97.843878,30.258405,POINT (-97.843878 30.258405)
4257,,-97.7347539,30.290977,POINT (-97.7347539 30.290977)
4258,,-97.7346229,30.2907441,POINT (-97.7346229 30.2907441)
4259,,-97.7350001,30.2913525,POINT (-97.7350001 30.2913525)
4260,,-97.7342345,30.2917493,POINT (-97.7342345 30.2917493)
4261,,-97.7341288,30.291925,POINT (-97.7341288 30.291925)
4262,,-97.7336491,30.2926748,POINT (-97.7336491 30.2926748)
4263,,-97.7329253,30.2938276,POINT (-97.7329253 30.2938276)
4264,,-97.7319917,30.2933911,POINT (-97.7319917 30.2933911)
4265,,-97.7324887,30.2945426,POINT (-97.7324887 30.2945426)
4266,,-97.7318436,30.2955539,POINT (-97.7318436 30.2955539)
4267,,-97.7315214,30.2960591,POINT (-97.7315214 30.2960591)
4268,,-97.7312011,30.2965611,POINT (-97.7312011 30.2965611)
4269,,-97.7309608,30.2969379,POINT (-97.7309608 30.2969379)
4270,,-97.7305714,30.2975485,POINT (-97.7305714 30.2975485)
4271,,-97.7304042,30.2978106,POINT (-97.7304042 30.2978106)
4272,,-97.7298169,30.2987313,POINT (-97.7298169 30.2987313)
4273,,-97.7307506,30.2992037,POINT (-97.7307506 30.2992037)
4274,,-97.7292694,30.2995897,POINT (-97.7292694 30.2995897)
4275,,-97.7289287,30.2982475,POINT (-97.7289287 30.2982475)
4276,,-97.7288862,30.300191,POINT (-97.7288862 30.300191)
4277,,-97.727094,30.3030595,POINT (-97.727094 30.3030595)
4278,,-97.7268275,30.3035013,POINT (-97.7268275 30.3035013)
4279,,-97.7234623,30.3086933,POINT (-97.7234623 30.3086933)
4280,,-97.7228351,30.3096878,POINT (-97.7228351 30.3096878)
4281,,-97.722063,30.3108867,POINT (-97.722063 30.3108867)
4282,,-97.7213412,30.3120182,POINT (-97.7213412 30.3120182)
4283,,-97.720618,30.3131518,POINT (-97.720618 30.3131518)
4284,,-97.7212857,30.3121052,POINT (-97.7212857 30.3121052)
4285,,-97.7186022,30.314427,POINT (-97.7186022 30.314427)
4286,,-97.7190015,30.313801,POINT (-97.7190015 30.313801)
4287,,-97.6723908,30.3266434,POINT (-97.6723908 30.3266434)
4288,,-97.672696,30.3265562,POINT (-97.672696 30.3265562)
4289,,-97.7208253,30.3146683,POINT (-97.7208253 30.3146683)
4290,,-97.7194232,30.3168278,POINT (-97.7194232 30.3168278)
4291,,-97.7176277,30.3159545,POINT (-97.7176277 30.3159545)
4292,,-97.6742826,30.3268542,POINT (-97.6742826 30.3268542)
4293,,-97.7358357,30.2944084,POINT (-97.7358357 30.2944084)
4294,,-97.7352197,30.2939354,POINT (-97.7352197 30.2939354)
4295,,-97.736421,30.2948801,POINT (-97.736421 30.2948801)
4296,,-97.6754394,30.3273141,POINT (-97.6754394 30.3273141)
4297,,-97.6778623,30.3290519,POINT (-97.6778623 30.3290519)
4298,,-97.6809389,30.3302725,POINT (-97.6809389 30.3302725)
4299,,-97.723355,30.288554,POINT (-97.723355 30.288554)
4300,,-97.7230244,30.289088,POINT (-97.7230244 30.289088)
4301,,-97.737348,30.2561852,POINT (-97.737348 30.2561852)
4302,,-97.6854932,30.2778358,POINT (-97.6854932 30.2778358)
4303,,-97.6850527,30.2780985,POINT (-97.6850527 30.2780985)
4304,,-97.7691381,30.4256064,POINT (-97.7691381 30.4256064)
4305,,-97.769802,30.427193,POINT (-97.769802 30.427193)
4306,,-97.768781,30.424791,POINT (-97.768781 30.424791)
4307,,-97.9004369,30.1973838,POINT (-97.9004369 30.1973838)
4308,,-97.9038464,30.1972191,POINT (-97.9038464 30.1972191)
4309,,-97.898827,30.19716,POINT (-97.898827 30.19716)
4310,,-97.858366,30.242046,POINT (-97.858366 30.242046)
4311,,-97.8612535,30.2412154,POINT (-97.8612535 30.2412154)
4312,,-97.8587052,30.2518738,POINT (-97.8587052 30.2518738)
4313,,-97.7850266,30.1957264,POINT (-97.7850266 30.1957264)
4314,,-97.7877856,30.1971956,POINT (-97.7877856 30.1971956)
4315,,-97.7886392,30.1894295,POINT (-97.7886392 30.1894295)
4316,,-97.7897005,30.1898393,POINT (-97.7897005 30.1898393)
4317,,-97.7877646,30.1894593,POINT (-97.7877646 30.1894593)
4318,,-97.7136637,30.3037596,POINT (-97.7136637 30.3037596)
4319,,-97.7587437,30.3356119,POINT (-97.7587437 30.3356119)
4320,,-97.7589458,30.335131,POINT (-97.7589458 30.335131)
4321,,-97.7583969,30.3357711,POINT (-97.7583969 30.3357711)
4322,,-97.7587287,30.2289438,POINT (-97.7587287 30.2289438)
4323,,-97.7574896,30.2283673,POINT (-97.7574896 30.2283673)
4324,,-97.7602418,30.2296562,POINT (-97.7602418 30.2296562)
4325,,-97.6811296,30.3171013,POINT (-97.6811296 30.3171013)
4326,,-97.6816005,30.3158739,POINT (-97.6816005 30.3158739)
4327,,-97.6801109,30.3186694,POINT (-97.6801109 30.3186694)
4328,,-97.6759222,30.3173168,POINT (-97.6759222 30.3173168)
4329,,-97.7502029,30.4007406,POINT (-97.7502029 30.4007406)
4330,,-97.751725,30.401023,POINT (-97.751725 30.401023)
4331,,-97.7520924,30.4018629,POINT (-97.7520924 30.4018629)
4332,,-97.7495701,30.4047704,POINT (-97.7495701 30.4047704)
4333,,-97.817035,30.1611316,POINT (-97.817035 30.1611316)
4334,,-97.8166541,30.159831,POINT (-97.8166541 30.159831)
4335,,-97.8170553,30.1617358,POINT (-97.8170553 30.1617358)
4336,,-97.767338,30.345439,POINT (-97.767338 30.345439)
4337,,-97.739732,30.4310511,POINT (-97.739732 30.4310511)
4338,,-97.7412255,30.4296648,POINT (-97.7412255 30.4296648)
4339,,-97.7408502,30.4294454,POINT (-97.7408502 30.4294454)
4340,,-97.7318989,30.412681,POINT (-97.7318989 30.412681)
4341,,-97.7320987,30.4127832,POINT (-97.7320987 30.4127832)
4342,,-97.7316236,30.4125325,POINT (-97.7316236 30.4125325)
4343,,-97.804718,30.4292856,POINT (-97.804718 30.4292856)
4344,,-97.8042728,30.4300487,POINT (-97.8042728 30.4300487)
4345,,-97.8042725,30.4274606,POINT (-97.8042725 30.4274606)
4346,,-97.7347656,30.3324038,POINT (-97.7347656 30.3324038)
4347,,-97.7356397,30.3328078,POINT (-97.7356397 30.3328078)
4348,,-97.7345409,30.3323014,POINT (-97.7345409 30.3323014)
4349,,-97.728309,30.341437,POINT (-97.728309 30.341437)
4350,,-97.7310984,30.3427991,POINT (-97.7310984 30.3427991)
4351,,-97.7281337,30.3413551,POINT (-97.7281337 30.3413551)
4352,,-97.7252244,30.3441447,POINT (-97.7252244 30.3441447)
4353,,-97.732406,30.3312717,POINT (-97.732406 30.3312717)
4354,,-97.687361,30.30744,POINT (-97.687361 30.30744)
4355,,-97.686679,30.307129,POINT (-97.686679 30.307129)
4356,,-97.6882387,30.307848,POINT (-97.6882387 30.307848)
4357,,-97.7213826,30.3619287,POINT (-97.7213826 30.3619287)
4358,,-97.789947,30.253517,POINT (-97.789947 30.253517)
4359,,-97.7912455,30.2530513,POINT (-97.7912455 30.2530513)
4360,,-97.7893792,30.2534684,POINT (-97.7893792 30.2534684)
4361,,-97.7924409,30.2526343,POINT (-97.7924409 30.2526343)
4362,,-97.7399479,30.3180177,POINT (-97.7399479 30.3180177)
4363,,-97.7392433,30.3192186,POINT (-97.7392433 30.3192186)
4364,,-97.7407945,30.3166667,POINT (-97.7407945 30.3166667)
4365,,-97.7443707,30.3201813,POINT (-97.7443707 30.3201813)
4366,,-97.7452166,30.3188636,POINT (-97.7452166 30.3188636)
4367,,-97.7441883,30.3207207,POINT (-97.7441883 30.3207207)
4368,,-97.8051397,30.1762316,POINT (-97.8051397 30.1762316)
4369,,-97.805813,30.1747935,POINT (-97.805813 30.1747935)
4370,,-97.804433,30.1767595,POINT (-97.804433 30.1767595)
4371,,-97.8454804,30.2242547,POINT (-97.8454804 30.2242547)
4372,,-97.8126794,30.1739603,POINT (-97.8126794 30.1739603)
4373,,-97.8144198,30.1739301,POINT (-97.8144198 30.1739301)
4374,,-97.6991819,30.3265809,POINT (-97.6991819 30.3265809)
4375,,-97.8657645,30.2050967,POINT (-97.8657645 30.2050967)
4376,,-97.8649244,30.2065043,POINT (-97.8649244 30.2065043)
4377,,-97.8642745,30.2073915,POINT (-97.8642745 30.2073915)
4378,,-97.7643078,30.3569241,POINT (-97.7643078 30.3569241)
4379,,-97.763881,30.35614,POINT (-97.763881 30.35614)
4380,,-97.748217,30.1973951,POINT (-97.748217 30.1973951)
4381,,-97.7486803,30.1966898,POINT (-97.7486803 30.1966898)
4382,,-97.7629136,30.358013,POINT (-97.7629136 30.358013)
4383,,-97.7635463,30.3583211,POINT (-97.7635463 30.3583211)
4384,,-97.7621465,30.3576518,POINT (-97.7621465 30.3576518)
4385,,-97.7860901,30.2035204,POINT (-97.7860901 30.2035204)
4386,,-97.7477721,30.1980859,POINT (-97.7477721 30.1980859)
4387,,-97.6872928,30.3392352,POINT (-97.6872928 30.3392352)
4388,,-97.6833115,30.3373481,POINT (-97.6833115 30.3373481)
4389,,-97.708651,30.340497,POINT (-97.708651 30.340497)
4390,,-97.708243,30.340921,POINT (-97.708243 30.340921)
4391,,-97.70958,30.339578,POINT (-97.70958 30.339578)
4392,,-97.709238,30.3816993,POINT (-97.709238 30.3816993)
4393,,-97.7337003,30.2575617,POINT (-97.7337003 30.2575617)
4394,,-97.7334495,30.2581012,POINT (-97.7334495 30.2581012)
4395,,-97.7297369,30.256187,POINT (-97.7297369 30.256187)
4396,,-97.7294954,30.2567065,POINT (-97.7294954 30.2567065)
4397,,-97.8677809,30.2274756,POINT (-97.8677809 30.2274756)
4398,,-97.7557007,30.2679604,POINT (-97.7557007 30.2679604)
4399,,-97.755855,30.2676278,POINT (-97.755855 30.2676278)
4400,,-97.7560052,30.2671731,POINT (-97.7560052 30.2671731)
4401,,-97.7086077,30.3878793,POINT (-97.7086077 30.3878793)
4402,,-97.7130798,30.2852479,POINT (-97.7130798 30.2852479)
4403,,-97.7124636,30.2853442,POINT (-97.7124636 30.2853442)
4404,,-97.7688571,30.2616701,POINT (-97.7688571 30.2616701)
4405,,-97.7673207,30.2659362,POINT (-97.7673207 30.2659362)
4406,,-97.7641701,30.2640973,POINT (-97.7641701 30.2640973)
4407,,-97.7676197,30.2659588,POINT (-97.7676197 30.2659588)
4408,,-97.7701462,30.2690946,POINT (-97.7701462 30.2690946)
4409,,-97.7704824,30.2688959,POINT (-97.7704824 30.2688959)
4410,,-97.7704631,30.2692117,POINT (-97.7704631 30.2692117)
4411,,-97.7707809,30.2673975,POINT (-97.7707809 30.2673975)
4412,,-97.770824,30.26081,POINT (-97.770824 30.26081)
4413,,-97.7517632,30.3108107,POINT (-97.7517632 30.3108107)
4414,,-97.751841,30.3109376,POINT (-97.751841 30.3109376)
4415,,-97.7725597,30.2617477,POINT (-97.7725597 30.2617477)
4416,,-97.7722053,30.2593574,POINT (-97.7722053 30.2593574)
4417,,-97.7727534,30.2588463,POINT (-97.7727534 30.2588463)
4418,,-97.8499305,30.1835216,POINT (-97.8499305 30.1835216)
4419,,-97.8497927,30.1834537,POINT (-97.8497927 30.1834537)
4420,,-97.8456045,30.1814261,POINT (-97.8456045 30.1814261)
4421,,-97.8438439,30.1805745,POINT (-97.8438439 30.1805745)
4422,,-97.8419121,30.1796356,POINT (-97.8419121 30.1796356)
4423,,-97.8368935,30.177379,POINT (-97.8368935 30.177379)
4424,,-97.8387515,30.1782415,POINT (-97.8387515 30.1782415)
4425,,-97.8339969,30.1766228,POINT (-97.8339969 30.1766228)
4426,,-97.8319292,30.176352,POINT (-97.8319292 30.176352)
4427,,-97.8309234,30.1760085,POINT (-97.8309234 30.1760085)
4428,,-97.8270851,30.1740342,POINT (-97.8270851 30.1740342)
4429,,-97.8257334,30.1736163,POINT (-97.8257334 30.1736163)
4430,,-97.8923363,30.2118187,POINT (-97.8923363 30.2118187)
4431,,-97.8931569,30.2141604,POINT (-97.8931569 30.2141604)
4432,,-97.8847102,30.2032276,POINT (-97.8847102 30.2032276)
4433,,-97.8810471,30.2012855,POINT (-97.8810471 30.2012855)
4434,,-97.8784359,30.2007291,POINT (-97.8784359 30.2007291)
4435,,-97.8784844,30.2005694,POINT (-97.8784844 30.2005694)
4436,,-97.8789882,30.200848,POINT (-97.8789882 30.200848)
4437,,-97.8782964,30.2005324,POINT (-97.8782964 30.2005324)
4438,,-97.8790449,30.1982561,POINT (-97.8790449 30.1982561)
4439,,-97.8782564,30.2006962,POINT (-97.8782564 30.2006962)
4440,,-97.8779423,30.2023263,POINT (-97.8779423 30.2023263)
4441,,-97.8649311,30.2004485,POINT (-97.8649311 30.2004485)
4442,,-97.8628565,30.1986894,POINT (-97.8628565 30.1986894)
4443,,-97.8614312,30.197404,POINT (-97.8614312 30.197404)
4444,,-97.8586771,30.1931469,POINT (-97.8586771 30.1931469)
4445,,-97.8568713,30.1891119,POINT (-97.8568713 30.1891119)
4446,,-97.855109,30.1866527,POINT (-97.855109 30.1866527)
4447,,-97.8530278,30.1850341,POINT (-97.8530278 30.1850341)
4448,,-97.7885398,30.1671932,POINT (-97.7885398 30.1671932)
4449,,-97.7885344,30.16706,POINT (-97.7885344 30.16706)
4450,,-97.7909493,30.1672693,POINT (-97.7909493 30.1672693)
4451,,-97.785277,30.172951,POINT (-97.785277 30.172951)
4452,,-97.7931264,30.1676478,POINT (-97.7931264 30.1676478)
4453,,-97.795871,30.1692332,POINT (-97.795871 30.1692332)
4454,,-97.7931793,30.1675285,POINT (-97.7931793 30.1675285)
4455,,-97.8058458,30.1740722,POINT (-97.8058458 30.1740722)
4456,,-97.8058318,30.1739512,POINT (-97.8058318 30.1739512)
4457,,-97.8074517,30.1740471,POINT (-97.8074517 30.1740471)
4458,,-97.8074454,30.1739258,POINT (-97.8074454 30.1739258)
4459,,-97.7747035,30.2570598,POINT (-97.7747035 30.2570598)
4460,,-97.8092986,30.174015,POINT (-97.8092986 30.174015)
4461,,-97.810918,30.1739889,POINT (-97.810918 30.1739889)
4462,,-97.8170166,30.1738908,POINT (-97.8170166 30.1738908)
4463,,-97.8249194,30.1736245,POINT (-97.8249194 30.1736245)
4464,,-97.8239303,30.1736441,POINT (-97.8239303 30.1736441)
4465,,-97.8083687,30.1740283,POINT (-97.8083687 30.1740283)
4466,,-97.8007542,30.1733246,POINT (-97.8007542 30.1733246)
4467,,-97.7994291,30.1724847,POINT (-97.7994291 30.1724847)
4468,,-97.7930396,30.1674786,POINT (-97.7930396 30.1674786)
4469,,-97.7850522,30.1669342,POINT (-97.7850522 30.1669342)
4470,,-97.7849949,30.1670786,POINT (-97.7849949 30.1670786)
4471,,-97.7812489,30.1664613,POINT (-97.7812489 30.1664613)
4472,,-97.8302261,30.1758473,POINT (-97.8302261 30.1758473)
4473,,-97.8311202,30.1762145,POINT (-97.8311202 30.1762145)
4474,,-97.8319157,30.1764583,POINT (-97.8319157 30.1764583)
4475,,-97.8529309,30.1851773,POINT (-97.8529309 30.1851773)
4476,,-97.8602434,30.1965341,POINT (-97.8602434 30.1965341)
4477,,-97.8612838,30.1975196,POINT (-97.8612838 30.1975196)
4478,,-97.8658319,30.2006242,POINT (-97.8658319 30.2006242)
4479,,-97.8675226,30.2010339,POINT (-97.8675226 30.2010339)
4480,,-97.8868398,30.2055783,POINT (-97.8868398 30.2055783)
4481,,-97.889192,30.208704,POINT (-97.889192 30.208704)
4482,,-97.8933236,30.2155507,POINT (-97.8933236 30.2155507)
4483,,-97.8931318,30.2155446,POINT (-97.8931318 30.2155446)
4484,,-97.8933516,30.2141556,POINT (-97.8933516 30.2141556)
4485,,-97.7849052,30.1673122,POINT (-97.7849052 30.1673122)
4486,,-97.6930244,30.3701633,POINT (-97.6930244 30.3701633)
4487,,-97.692484,30.3711211,POINT (-97.692484 30.3711211)
4488,,-97.6945616,30.367426,POINT (-97.6945616 30.367426)
4489,,-97.7122504,30.4243865,POINT (-97.7122504 30.4243865)
4490,,-97.7134248,30.4248031,POINT (-97.7134248 30.4248031)
4491,,-97.7252518,30.3451657,POINT (-97.7252518 30.3451657)
4492,,-97.7247956,30.3459493,POINT (-97.7247956 30.3459493)
4493,,-97.7349379,30.349536,POINT (-97.7349379 30.349536)
4494,,-97.7343199,30.3505344,POINT (-97.7343199 30.3505344)
4495,,-97.7357294,30.3482984,POINT (-97.7357294 30.3482984)
4496,,-97.7369855,30.2606292,POINT (-97.7369855 30.2606292)
4497,,-97.7372196,30.2600145,POINT (-97.7372196 30.2600145)
4498,,-97.7404356,30.3547234,POINT (-97.7404356 30.3547234)
4499,,-97.779757,30.210572,POINT (-97.779757 30.210572)
4500,,-97.7792674,30.2112616,POINT (-97.7792674 30.2112616)
4501,,-97.683717,30.284176,POINT (-97.683717 30.284176)
4502,,-97.799969,30.441816,POINT (-97.799969 30.441816)
4503,,-97.804291,30.442226,POINT (-97.804291 30.442226)
4504,,-97.799385,30.440803,POINT (-97.799385 30.440803)
4505,,-97.8509219,30.225073,POINT (-97.8509219 30.225073)
4506,,-97.8508632,30.2249016,POINT (-97.8508632 30.2249016)
4507,,-97.8513528,30.2250036,POINT (-97.8513528 30.2250036)
4508,,-97.8510925,30.2253042,POINT (-97.8510925 30.2253042)
4509,,-97.7914135,30.2047933,POINT (-97.7914135 30.2047933)
4510,,-97.7918363,30.20412,POINT (-97.7918363 30.20412)
4511,,-97.7910357,30.2053296,POINT (-97.7910357 30.2053296)
4512,,-97.7341406,30.2365758,POINT (-97.7341406 30.2365758)
4513,,-97.798132,30.2325433,POINT (-97.798132 30.2325433)
4514,,-97.7966146,30.2336503,POINT (-97.7966146 30.2336503)
4515,,-97.7408463,30.4065699,POINT (-97.7408463 30.4065699)
4516,,-97.7143918,30.3451198,POINT (-97.7143918 30.3451198)
4517,,-97.7147262,30.3444626,POINT (-97.7147262 30.3444626)
4518,,-97.8686407,30.2510643,POINT (-97.8686407 30.2510643)
4519,,-97.8771317,30.2536713,POINT (-97.8771317 30.2536713)
4520,,-97.8676724,30.2501626,POINT (-97.8676724 30.2501626)
4521,,-97.7134343,30.3111845,POINT (-97.7134343 30.3111845)
4522,,-97.7121523,30.310589,POINT (-97.7121523 30.310589)
4523,,-97.7023265,30.3280942,POINT (-97.7023265 30.3280942)
4524,,-97.7024222,30.3279232,POINT (-97.7024222 30.3279232)
4525,,-97.7051597,30.3294661,POINT (-97.7051597 30.3294661)
4526,,-97.7808861,30.2255152,POINT (-97.7808861 30.2255152)
4527,,-97.7835564,30.2241168,POINT (-97.7835564 30.2241168)
4528,,-97.7870366,30.2271209,POINT (-97.7870366 30.2271209)
4529,,-97.76225,30.256441,POINT (-97.76225 30.256441)
4530,,-97.762693,30.2566694,POINT (-97.762693 30.2566694)
4531,,-97.7615017,30.2560561,POINT (-97.7615017 30.2560561)
4532,,-97.763113,30.256879,POINT (-97.763113 30.256879)
4533,,-97.763882,30.257266,POINT (-97.763882 30.257266)
4534,,-97.7647591,30.2577101,POINT (-97.7647591 30.2577101)
4535,,-97.848858,30.366591,POINT (-97.848858 30.366591)
4536,,-97.740722,30.2633464,POINT (-97.740722 30.2633464)
4537,,-97.7389726,30.2680231,POINT (-97.7389726 30.2680231)
4538,,-97.7371497,30.2729664,POINT (-97.7371497 30.2729664)
4539,,-97.7367287,30.2740497,POINT (-97.7367287 30.2740497)
4540,,-97.7364109,30.2749744,POINT (-97.7364109 30.2749744)
4541,,-97.7353839,30.2777582,POINT (-97.7353839 30.2777582)
4542,,-97.733882,30.2805386,POINT (-97.733882 30.2805386)
4543,,-97.7333149,30.281351,POINT (-97.7333149 30.281351)
4544,,-97.7346303,30.2802999,POINT (-97.7346303 30.2802999)
4545,,-97.7433788,30.3162144,POINT (-97.7433788 30.3162144)
4546,,-97.7425041,30.315777,POINT (-97.7425041 30.315777)
4547,,-97.7442619,30.3166558,POINT (-97.7442619 30.3166558)
4548,,-97.7524479,30.3118954,POINT (-97.7524479 30.3118954)
4549,,-97.7346946,30.3010706,POINT (-97.7346946 30.3010706)
4550,,-97.7352487,30.3013367,POINT (-97.7352487 30.3013367)
4551,,-97.7335824,30.300548,POINT (-97.7335824 30.300548)
4552,,-97.7426753,30.3049953,POINT (-97.7426753 30.3049953)
4553,,-97.7431012,30.3051816,POINT (-97.7431012 30.3051816)
4554,,-97.7428923,30.3055092,POINT (-97.7428923 30.3055092)
4555,,-97.7433489,30.3048058,POINT (-97.7433489 30.3048058)
4556,,-97.7441701,30.3056851,POINT (-97.7441701 30.3056851)
4557,,-97.7434775,30.306786,POINT (-97.7434775 30.306786)
4558,,-97.7457596,30.3064028,POINT (-97.7457596 30.3064028)
4559,,-97.7463807,30.3066949,POINT (-97.7463807 30.3066949)
4560,,-97.7475084,30.3070848,POINT (-97.7475084 30.3070848)
4561,,-97.7481983,30.3072468,POINT (-97.7481983 30.3072468)
4562,,-97.748523,30.310168,POINT (-97.748523 30.310168)
4563,,-97.749802,30.308711,POINT (-97.749802 30.308711)
4564,,-97.749113,30.247642,POINT (-97.749113 30.247642)
4565,,-97.750275,30.2479654,POINT (-97.750275 30.2479654)
4566,,-97.7364316,30.2591355,POINT (-97.7364316 30.2591355)
4567,,-97.7931383,30.2503467,POINT (-97.7931383 30.2503467)
4568,,-97.7929554,30.2507455,POINT (-97.7929554 30.2507455)
4569,,-97.7935101,30.2496134,POINT (-97.7935101 30.2496134)
4570,,-97.8350074,30.2070339,POINT (-97.8350074 30.2070339)
4571,,-97.6951351,30.342946,POINT (-97.6951351 30.342946)
4572,,-97.6967465,30.3436843,POINT (-97.6967465 30.3436843)
4573,,-97.845192,30.206819,POINT (-97.845192 30.206819)
4574,,-97.8455547,30.2069846,POINT (-97.8455547 30.2069846)
4575,,-97.8447915,30.2066338,POINT (-97.8447915 30.2066338)
4576,,-97.8482619,30.2035775,POINT (-97.8482619 30.2035775)
4577,,-97.8474456,30.2031805,POINT (-97.8474456 30.2031805)
4578,,-97.8490725,30.2039736,POINT (-97.8490725 30.2039736)
4579,,-97.8184232,30.2003799,POINT (-97.8184232 30.2003799)
4580,,-97.8189616,30.1999384,POINT (-97.8189616 30.1999384)
4581,,-97.8179766,30.2010477,POINT (-97.8179766 30.2010477)
4582,,-97.8144267,30.1930377,POINT (-97.8144267 30.1930377)
4583,,-97.8152508,30.1917492,POINT (-97.8152508 30.1917492)
4584,,-97.8160956,30.1921623,POINT (-97.8160956 30.1921623)
4585,,-97.8142117,30.1915118,POINT (-97.8142117 30.1915118)
4586,,-97.7878605,30.2530184,POINT (-97.7878605 30.2530184)
4587,,-97.7884179,30.2531846,POINT (-97.7884179 30.2531846)
4588,,-97.8892141,30.2546341,POINT (-97.8892141 30.2546341)
4589,,-97.886686,30.249975,POINT (-97.886686 30.249975)
4590,,-97.8031099,30.1789418,POINT (-97.8031099 30.1789418)
4591,,-97.8033763,30.1781845,POINT (-97.8033763 30.1781845)
4592,,-97.8028543,30.1796824,POINT (-97.8028543 30.1796824)
4593,,-97.7459251,30.2969031,POINT (-97.7459251 30.2969031)
4594,,-97.7463944,30.2971263,POINT (-97.7463944 30.2971263)
4595,,-97.7469193,30.2973758,POINT (-97.7469193 30.2973758)
4596,,-97.7477739,30.2977908,POINT (-97.7477739 30.2977908)
4597,,-97.7482306,30.2980136,POINT (-97.7482306 30.2980136)
4598,,-97.7485039,30.2981827,POINT (-97.7485039 30.2981827)
4599,,-97.74843,30.2981327,POINT (-97.74843 30.2981327)
4600,,-97.7486543,30.2979722,POINT (-97.7486543 30.2979722)
4601,,-97.7487135,30.2983691,POINT (-97.7487135 30.2983691)
4602,,-97.7504021,30.2997037,POINT (-97.7504021 30.2997037)
4603,,-97.750956,30.299812,POINT (-97.750956 30.299812)
4604,,-97.7515396,30.4249426,POINT (-97.7515396 30.4249426)
4605,,-97.7551805,30.2493409,POINT (-97.7551805 30.2493409)
4606,,-97.7551361,30.2494779,POINT (-97.7551361 30.2494779)
4607,,-97.7549558,30.2500205,POINT (-97.7549558 30.2500205)
4608,,-97.7587346,30.2506774,POINT (-97.7587346 30.2506774)
4609,,-97.7583899,30.2514489,POINT (-97.7583899 30.2514489)
4610,,-97.7591314,30.2498258,POINT (-97.7591314 30.2498258)
4611,,-97.7338496,30.3897889,POINT (-97.7338496 30.3897889)
4612,,-97.7349767,30.39001,POINT (-97.7349767 30.39001)
4613,,-97.7335766,30.3906291,POINT (-97.7335766 30.3906291)
4614,,-97.7513238,30.3885121,POINT (-97.7513238 30.3885121)
4615,,-97.751657,30.3884822,POINT (-97.751657 30.3884822)
4616,,-97.7516704,30.3887422,POINT (-97.7516704 30.3887422)
4617,,-97.751681,30.3882429,POINT (-97.751681 30.3882429)
4618,,-97.7598896,30.3880293,POINT (-97.7598896 30.3880293)
4619,,-97.7668255,30.3851082,POINT (-97.7668255 30.3851082)
4620,,-97.7804978,30.3761905,POINT (-97.7804978 30.3761905)
4621,,-97.7857763,30.3717429,POINT (-97.7857763 30.3717429)
4622,,-97.7889317,30.3685083,POINT (-97.7889317 30.3685083)
4623,,-97.7876337,30.3698434,POINT (-97.7876337 30.3698434)
4624,,-97.789985,30.36366,POINT (-97.789985 30.36366)
4625,,-97.7898069,30.3658244,POINT (-97.7898069 30.3658244)
4626,,-97.7953548,30.3525435,POINT (-97.7953548 30.3525435)
4627,,-97.7954122,30.3524454,POINT (-97.7954122 30.3524454)
4628,,-97.8036675,30.339504,POINT (-97.8036675 30.339504)
4629,,-97.8142445,30.3226364,POINT (-97.8142445 30.3226364)
4630,,-97.8141508,30.3227376,POINT (-97.8141508 30.3227376)
4631,,-97.8214453,30.3185141,POINT (-97.8214453 30.3185141)
4632,,-97.7902386,30.3643111,POINT (-97.7902386 30.3643111)
4633,,-97.7902622,30.3640665,POINT (-97.7902622 30.3640665)
4634,,-97.7900815,30.3658427,POINT (-97.7900815 30.3658427)
4635,,-97.7802961,30.3760397,POINT (-97.7802961 30.3760397)
4636,,-97.7521265,30.3884407,POINT (-97.7521265 30.3884407)
4637,,-97.7594939,30.3882628,POINT (-97.7594939 30.3882628)
4638,,-97.7500318,30.3886259,POINT (-97.7500318 30.3886259)
4639,,-97.7501052,30.3883824,POINT (-97.7501052 30.3883824)
4640,,-97.7416145,30.3906076,POINT (-97.7416145 30.3906076)
4641,,-97.7415969,30.3904647,POINT (-97.7415969 30.3904647)
4642,,-97.744349,30.3898482,POINT (-97.744349 30.3898482)
4643,,-97.793173,30.355481,POINT (-97.793173 30.355481)
4644,,-97.791175,30.357861,POINT (-97.791175 30.357861)
4645,,-97.8289179,30.2423661,POINT (-97.8289179 30.2423661)
4646,,-97.8308012,30.2418505,POINT (-97.8308012 30.2418505)
4647,,-97.8280003,30.2425083,POINT (-97.8280003 30.2425083)
4648,,-97.6843537,30.3559844,POINT (-97.6843537 30.3559844)
4649,,-97.6838552,30.355662,POINT (-97.6838552 30.355662)
4650,,-97.686501,30.3574695,POINT (-97.686501 30.3574695)
4651,,-97.807277,30.443302,POINT (-97.807277 30.443302)
4652,,-97.6686664,30.4375305,POINT (-97.6686664 30.4375305)
4653,,-97.6663044,30.4408469,POINT (-97.6663044 30.4408469)
4654,,-97.6679332,30.4401279,POINT (-97.6679332 30.4401279)
4655,,-97.6640246,30.4450114,POINT (-97.6640246 30.4450114)
4656,,-97.663502,30.445783,POINT (-97.663502 30.445783)
4657,,-97.663,30.446603,POINT (-97.663 30.446603)
4658,,-97.6625117,30.447429,POINT (-97.6625117 30.447429)
4659,,-97.6619586,30.448275,POINT (-97.6619586 30.448275)
4660,,-97.9241363,30.1936181,POINT (-97.9241363 30.1936181)
4661,,-97.9241063,30.1936593,POINT (-97.9241063 30.1936593)
4662,,-97.9244078,30.1932941,POINT (-97.9244078 30.1932941)
4663,,-97.9251386,30.1924559,POINT (-97.9251386 30.1924559)
4664,,-97.9247532,30.1922229,POINT (-97.9247532 30.1922229)
4665,,-97.692895,30.269693,POINT (-97.692895 30.269693)
4666,,-97.6922639,30.2707011,POINT (-97.6922639 30.2707011)
4667,,-97.6810353,30.37891,POINT (-97.6810353 30.37891)
4668,,-97.681312,30.379032,POINT (-97.681312 30.379032)
4669,,-97.680193,30.378563,POINT (-97.680193 30.378563)
4670,,-97.8320926,30.1807478,POINT (-97.8320926 30.1807478)
4671,,-97.8329563,30.1810958,POINT (-97.8329563 30.1810958)
4672,,-97.8335863,30.1782165,POINT (-97.8335863 30.1782165)
4673,,-97.7123503,30.4048528,POINT (-97.7123503 30.4048528)
4674,,-97.712113,30.4049629,POINT (-97.712113 30.4049629)
4675,,-97.714048,30.403976,POINT (-97.714048 30.403976)
4676,,-97.7107584,30.4037689,POINT (-97.7107584 30.4037689)
4677,,-97.7140237,30.4076628,POINT (-97.7140237 30.4076628)
4678,,-97.6961685,30.3956593,POINT (-97.6961685 30.3956593)
4679,,-97.7801793,30.2266147,POINT (-97.7801793 30.2266147)
4680,,-97.67708,30.347432,POINT (-97.67708 30.347432)
4681,,-97.6769601,30.3474122,POINT (-97.6769601 30.3474122)
4682,,-97.677576,30.3458359,POINT (-97.677576 30.3458359)
4683,,-97.676062,30.350762,POINT (-97.676062 30.350762)
4684,,-97.6759209,30.3507464,POINT (-97.6759209 30.3507464)
4685,,-97.6766231,30.3490089,POINT (-97.6766231 30.3490089)
4686,,-97.698091,30.3186755,POINT (-97.698091 30.3186755)
4687,,-97.6959741,30.3207811,POINT (-97.6959741 30.3207811)
4688,,-97.6957944,30.3207598,POINT (-97.6957944 30.3207598)
4689,,-97.6960948,30.3205582,POINT (-97.6960948 30.3205582)
4690,,-97.6948597,30.3218651,POINT (-97.6948597 30.3218651)
4691,,-97.6950351,30.3218766,POINT (-97.6950351 30.3218766)
4692,,-97.6944954,30.3223972,POINT (-97.6944954 30.3223972)
4693,,-97.6941542,30.3229433,POINT (-97.6941542 30.3229433)
4694,,-97.6935832,30.3238445,POINT (-97.6935832 30.3238445)
4695,,-97.6929845,30.3248105,POINT (-97.6929845 30.3248105)
4696,,-97.692243,30.3260285,POINT (-97.692243 30.3260285)
4697,,-97.6862749,30.332831,POINT (-97.6862749 30.332831)
4698,,-97.6865662,30.3329591,POINT (-97.6865662 30.3329591)
4699,,-97.6866897,30.3322373,POINT (-97.6866897 30.3322373)
4700,,-97.6831929,30.337293,POINT (-97.6831929 30.337293)
4701,,-97.682239,30.3387375,POINT (-97.682239 30.3387375)
4702,,-97.6760247,30.3508497,POINT (-97.6760247 30.3508497)
4703,,-97.6750284,30.352244,POINT (-97.6750284 30.352244)
4704,,-97.6769015,30.3476143,POINT (-97.6769015 30.3476143)
4705,,-97.6770218,30.3476422,POINT (-97.6770218 30.3476422)
4706,,-97.6764995,30.3489783,POINT (-97.6764995 30.3489783)
4707,,-97.6861371,30.3327728,POINT (-97.6861371 30.3327728)
4708,,-97.6860046,30.3329795,POINT (-97.6860046 30.3329795)
4709,,-97.6947726,30.3222039,POINT (-97.6947726 30.3222039)
4710,,-97.6954329,30.321902,POINT (-97.6954329 30.321902)
4711,,-97.7106747,30.3097274,POINT (-97.7106747 30.3097274)
4712,,-97.7091049,30.308738,POINT (-97.7091049 30.308738)
4713,,-97.7422346,30.4438258,POINT (-97.7422346 30.4438258)
4714,,-97.8045021,30.4873336,POINT (-97.8045021 30.4873336)
4715,,-97.7585139,30.2811518,POINT (-97.7585139 30.2811518)
4716,,-97.7588222,30.2806897,POINT (-97.7588222 30.2806897)
4717,,-97.7583925,30.2813372,POINT (-97.7583925 30.2813372)
4718,,-97.7702025,30.3225257,POINT (-97.7702025 30.3225257)
4719,,-97.769585,30.323393,POINT (-97.769585 30.323393)
4720,,-97.6831887,30.2050657,POINT (-97.6831887 30.2050657)
4721,,-97.683189,30.20996,POINT (-97.683189 30.20996)
4722,,-97.683484,30.205081,POINT (-97.683484 30.205081)
4723,,-97.6837622,30.2016029,POINT (-97.6837622 30.2016029)
4724,,-97.769421,30.320799,POINT (-97.769421 30.320799)
4725,,-97.6231677,30.3465912,POINT (-97.6231677 30.3465912)
4726,,-97.6206767,30.3454207,POINT (-97.6206767 30.3454207)
4727,,-97.61342,30.3423599,POINT (-97.61342 30.3423599)
4728,,-97.6131652,30.3423877,POINT (-97.6131652 30.3423877)
4729,,-97.6120001,30.3395143,POINT (-97.6120001 30.3395143)
4730,,-97.7048427,30.3571246,POINT (-97.7048427 30.3571246)
4731,,-97.7043442,30.3570142,POINT (-97.7043442 30.3570142)
4732,,-97.852701,30.20548,POINT (-97.852701 30.20548)
4733,,-97.8536994,30.204988,POINT (-97.8536994 30.204988)
4734,,-97.8514745,30.206031,POINT (-97.8514745 30.206031)
4735,,-97.77337,30.3236313,POINT (-97.77337 30.3236313)
4736,,-97.776138,30.330257,POINT (-97.776138 30.330257)
4737,,-97.775474,30.292218,POINT (-97.775474 30.292218)
4738,,-97.776153,30.292553,POINT (-97.776153 30.292553)
4739,,-97.773445,30.319177,POINT (-97.773445 30.319177)
4740,,-97.772049,30.298921,POINT (-97.772049 30.298921)
4741,,-97.7708508,30.2983519,POINT (-97.7708508 30.2983519)
4742,,-97.6455553,30.2990348,POINT (-97.6455553 30.2990348)
4743,,-97.6467977,30.2996172,POINT (-97.6467977 30.2996172)
4744,,-97.7439043,30.28787,POINT (-97.7439043 30.28787)
4745,,-97.7436485,30.2878506,POINT (-97.7436485 30.2878506)
4746,,-97.7446818,30.2879252,POINT (-97.7446818 30.2879252)
4747,,-97.7926135,30.2514864,POINT (-97.7926135 30.2514864)
4748,,-97.7927886,30.2510896,POINT (-97.7927886 30.2510896)
4749,,-97.7925166,30.2518435,POINT (-97.7925166 30.2518435)
4750,,-97.7821252,30.1981922,POINT (-97.7821252 30.1981922)
4751,,-97.7792738,30.197432,POINT (-97.7792738 30.197432)
4752,,-97.7173519,30.3083652,POINT (-97.7173519 30.3083652)
4753,,-97.7177805,30.3076934,POINT (-97.7177805 30.3076934)
4754,,-97.8426583,30.2055877,POINT (-97.8426583 30.2055877)
4755,,-97.843563,30.2060339,POINT (-97.843563 30.2060339)
4756,,-97.7428704,30.4070693,POINT (-97.7428704 30.4070693)
4757,,-97.7432284,30.4072616,POINT (-97.7432284 30.4072616)
4758,,-97.7420483,30.4067942,POINT (-97.7420483 30.4067942)
4759,,-97.8281829,30.2909018,POINT (-97.8281829 30.2909018)
4760,,-97.8281843,30.2925928,POINT (-97.8281843 30.2925928)
4761,,-97.7430338,30.3018933,POINT (-97.7430338 30.3018933)
4762,,-97.7426915,30.3017385,POINT (-97.7426915 30.3017385)
4763,,-97.7436856,30.3021966,POINT (-97.7436856 30.3021966)
4764,,-97.7509537,30.2693146,POINT (-97.7509537 30.2693146)
4765,,-97.7498736,30.2690134,POINT (-97.7498736 30.2690134)
4766,,-97.7506065,30.270244,POINT (-97.7506065 30.270244)
4767,,-97.7519336,30.2707468,POINT (-97.7519336 30.2707468)
4768,,-97.7488573,30.2749138,POINT (-97.7488573 30.2749138)
4769,,-97.7499021,30.2764357,POINT (-97.7499021 30.2764357)
4770,,-97.7477896,30.2745997,POINT (-97.7477896 30.2745997)
4771,,-97.7484317,30.2760504,POINT (-97.7484317 30.2760504)
4772,,-97.7473699,30.2757011,POINT (-97.7473699 30.2757011)
4773,,-97.6576438,30.3874259,POINT (-97.6576438 30.3874259)
4774,,-97.658286,30.3864677,POINT (-97.658286 30.3864677)
4775,,-97.6563267,30.3894619,POINT (-97.6563267 30.3894619)
4776,,-97.768094,30.345702,POINT (-97.768094 30.345702)
4777,,-97.6571655,30.3030473,POINT (-97.6571655 30.3030473)
4778,,-97.6598954,30.3025776,POINT (-97.6598954 30.3025776)
4779,,-97.6690366,30.3737347,POINT (-97.6690366 30.3737347)
4780,,-97.6676465,30.3732379,POINT (-97.6676465 30.3732379)
4781,,-97.8882756,30.1955128,POINT (-97.8882756 30.1955128)
4782,,-97.8900655,30.1950357,POINT (-97.8900655 30.1950357)
4783,,-97.8865657,30.1952833,POINT (-97.8865657 30.1952833)
4784,,-97.8902398,30.1949858,POINT (-97.8902398 30.1949858)
4785,,-97.8929608,30.1947867,POINT (-97.8929608 30.1947867)
4786,,-97.8972053,30.1967089,POINT (-97.8972053 30.1967089)
4787,,-97.7226793,30.2564367,POINT (-97.7226793 30.2564367)
4788,,-97.722003,30.2562076,POINT (-97.722003 30.2562076)
4789,,-97.769989,30.225666,POINT (-97.769989 30.225666)
4790,,-97.7696815,30.22617,POINT (-97.7696815 30.22617)
4791,,-97.770432,30.224971,POINT (-97.770432 30.224971)
4792,,-97.7615407,30.2743872,POINT (-97.7615407 30.2743872)
4793,,-97.7212779,30.2570035,POINT (-97.7212779 30.2570035)
4794,,-97.7592237,30.1859479,POINT (-97.7592237 30.1859479)
4795,,-97.759806,30.1850214,POINT (-97.759806 30.1850214)
4796,,-97.762489,30.180691,POINT (-97.762489 30.180691)
4797,,-97.761636,30.180446,POINT (-97.761636 30.180446)
4798,,-97.7645392,30.181752,POINT (-97.7645392 30.181752)
4799,,-97.7627731,30.1799355,POINT (-97.7627731 30.1799355)
4800,,-97.763361,30.177433,POINT (-97.763361 30.177433)
4801,,-97.763054,30.178249,POINT (-97.763054 30.178249)
4802,,-97.7416493,30.4067601,POINT (-97.7416493 30.4067601)
4803,,-97.7400818,30.4073969,POINT (-97.7400818 30.4073969)
4804,,-97.7447191,30.4078883,POINT (-97.7447191 30.4078883)
4805,,-97.7447314,30.4081252,POINT (-97.7447314 30.4081252)
4806,,-97.745569,30.4080203,POINT (-97.745569 30.4080203)
4807,,-97.7455764,30.4079009,POINT (-97.7455764 30.4079009)
4808,,-97.745855,30.408037,POINT (-97.745855 30.408037)
4809,,-97.7888971,30.2081226,POINT (-97.7888971 30.2081226)
4810,,-97.7893519,30.2073483,POINT (-97.7893519 30.2073483)
4811,,-97.7883922,30.2089578,POINT (-97.7883922 30.2089578)
4812,,-97.7897018,30.2065703,POINT (-97.7897018 30.2065703)
4813,,-97.8453453,30.202159,POINT (-97.8453453 30.202159)
4814,,-97.8456655,30.2023146,POINT (-97.8456655 30.2023146)
4815,,-97.8491112,30.197266,POINT (-97.8491112 30.197266)
4816,,-97.7241366,30.3609615,POINT (-97.7241366 30.3609615)
4817,,-97.758042,30.3782761,POINT (-97.758042 30.3782761)
4818,,-97.7581827,30.3787658,POINT (-97.7581827 30.3787658)
4819,,-97.7579249,30.3779295,POINT (-97.7579249 30.3779295)
4820,,-97.8124548,30.204222,POINT (-97.8124548 30.204222)
4821,,-97.8142042,30.2031725,POINT (-97.8142042 30.2031725)
4822,,-97.8111993,30.2039043,POINT (-97.8111993 30.2039043)
4823,,-97.8982374,30.2355802,POINT (-97.8982374 30.2355802)
4824,,-97.8978738,30.2357353,POINT (-97.8978738 30.2357353)
4825,,-97.8986192,30.2354,POINT (-97.8986192 30.2354)
4826,,-97.7101351,30.35029,POINT (-97.7101351 30.35029)
4827,,-97.7012296,30.356579,POINT (-97.7012296 30.356579)
4828,,-97.6969729,30.3631663,POINT (-97.6969729 30.3631663)
4829,,-97.6970261,30.3630726,POINT (-97.6970261 30.3630726)
4830,,-97.6968151,30.3634429,POINT (-97.6968151 30.3634429)
4831,,-97.6980617,30.3636845,POINT (-97.6980617 30.3636845)
4832,,-97.6960001,30.3648714,POINT (-97.6960001 30.3648714)
4833,,-97.6992595,30.3663604,POINT (-97.6992595 30.3663604)
4834,,-97.6946065,30.3673462,POINT (-97.6946065 30.3673462)
4835,,-97.6924399,30.3711992,POINT (-97.6924399 30.3711992)
4836,,-97.6916126,30.3726653,POINT (-97.6916126 30.3726653)
4837,,-97.6907842,30.3741334,POINT (-97.6907842 30.3741334)
4838,,-97.690144,30.3752678,POINT (-97.690144 30.3752678)
4839,,-97.691109,30.3735577,POINT (-97.691109 30.3735577)
4840,,-97.6897846,30.3759048,POINT (-97.6897846 30.3759048)
4841,,-97.6893126,30.3767411,POINT (-97.6893126 30.3767411)
4842,,-97.688948,30.377396,POINT (-97.688948 30.377396)
4843,,-97.688756,30.377686,POINT (-97.688756 30.377686)
4844,,-97.688287,30.378482,POINT (-97.688287 30.378482)
4845,,-97.6851737,30.381174,POINT (-97.6851737 30.381174)
4846,,-97.6882637,30.3828371,POINT (-97.6882637 30.3828371)
4847,,-97.6822637,30.3909227,POINT (-97.6822637 30.3909227)
4848,,-97.6796478,30.3975117,POINT (-97.6796478 30.3975117)
4849,,-97.6655436,30.4033533,POINT (-97.6655436 30.4033533)
4850,,-97.6793944,30.3991001,POINT (-97.6793944 30.3991001)
4851,,-97.679166,30.401785,POINT (-97.679166 30.401785)
4852,,-97.678972,30.403442,POINT (-97.678972 30.403442)
4853,,-97.6785805,30.4058111,POINT (-97.6785805 30.4058111)
4854,,-97.6783121,30.4072671,POINT (-97.6783121 30.4072671)
4855,,-97.6725304,30.4232439,POINT (-97.6725304 30.4232439)
4856,,-97.6721243,30.4232206,POINT (-97.6721243 30.4232206)
4857,,-97.6781511,30.4083247,POINT (-97.6781511 30.4083247)
4858,,-97.754594,30.270292,POINT (-97.754594 30.270292)
4859,,-97.754453,30.270237,POINT (-97.754453 30.270237)
4860,,-97.7539916,30.2715267,POINT (-97.7539916 30.2715267)
4861,,-97.7549942,30.2719066,POINT (-97.7549942 30.2719066)
4862,,-97.6647118,30.4038075,POINT (-97.6647118 30.4038075)
4863,,-97.7514047,30.2768746,POINT (-97.7514047 30.2768746)
4864,,-97.751164,30.27736,POINT (-97.751164 30.27736)
4865,,-97.7523793,30.2772087,POINT (-97.7523793 30.2772087)
4866,,-97.7319013,30.3169688,POINT (-97.7319013 30.3169688)
4867,,-97.7314949,30.3177799,POINT (-97.7314949 30.3177799)
4868,,-97.732594,30.316481,POINT (-97.732594 30.316481)
4869,,-97.7322595,30.3166616,POINT (-97.7322595 30.3166616)
4870,,-97.7323152,30.3163256,POINT (-97.7323152 30.3163256)
4871,,-97.7355339,30.3155028,POINT (-97.7355339 30.3155028)
4872,,-97.7356059,30.3156344,POINT (-97.7356059 30.3156344)
4873,,-97.7340582,30.3160072,POINT (-97.7340582 30.3160072)
4874,,-97.736649,30.314899,POINT (-97.736649 30.314899)
4875,,-97.7376539,30.3135039,POINT (-97.7376539 30.3135039)
4876,,-97.7375365,30.3134384,POINT (-97.7375365 30.3134384)
4877,,-97.7365282,30.3147929,POINT (-97.7365282 30.3147929)
4878,,-97.7373235,30.3133234,POINT (-97.7373235 30.3133234)
4879,,-97.7385748,30.312066,POINT (-97.7385748 30.312066)
4880,,-97.7379051,30.313039,POINT (-97.7379051 30.313039)
4881,,-97.7414137,30.3078341,POINT (-97.7414137 30.3078341)
4882,,-97.6639183,30.4051259,POINT (-97.6639183 30.4051259)
4883,,-97.7418878,30.3070876,POINT (-97.7418878 30.3070876)
4884,,-97.7424065,30.306271,POINT (-97.7424065 30.306271)
4885,,-97.7435715,30.3044672,POINT (-97.7435715 30.3044672)
4886,,-97.6638369,30.4053616,POINT (-97.6638369 30.4053616)
4887,,-97.7454761,30.3014907,POINT (-97.7454761 30.3014907)
4888,,-97.74573,30.30109,POINT (-97.74573 30.30109)
4889,,-97.7462449,30.300242,POINT (-97.7462449 30.300242)
4890,,-97.657537,30.40227,POINT (-97.657537 30.40227)
4891,,-97.7488316,30.2974927,POINT (-97.7488316 30.2974927)
4892,,-97.7486419,30.2978033,POINT (-97.7486419 30.2978033)
4893,,-97.7473597,30.2938801,POINT (-97.7473597 30.2938801)
4894,,-97.747017,30.292906,POINT (-97.747017 30.292906)
4895,,-97.7492202,30.2918506,POINT (-97.7492202 30.2918506)
4896,,-97.6639877,30.4053876,POINT (-97.6639877 30.4053876)
4897,,-97.6640563,30.4051503,POINT (-97.6640563 30.4051503)
4898,,-97.74987,30.2917591,POINT (-97.74987 30.2917591)
4899,,-97.7522266,30.2897836,POINT (-97.7522266 30.2897836)
4900,,-97.7527916,30.2885377,POINT (-97.7527916 30.2885377)
4901,,-97.754046,30.2888776,POINT (-97.754046 30.2888776)
4902,,-97.7520943,30.2897721,POINT (-97.7520943 30.2897721)
4903,,-97.7530979,30.2870546,POINT (-97.7530979 30.2870546)
4904,,-97.6686444,30.4057564,POINT (-97.6686444 30.4057564)
4905,,-97.7529417,30.2848396,POINT (-97.7529417 30.2848396)
4906,,-97.7149835,30.3439679,POINT (-97.7149835 30.3439679)
4907,,-97.73615,30.3151132,POINT (-97.73615 30.3151132)
4908,,-97.7365226,30.3150318,POINT (-97.7365226 30.3150318)
4909,,-97.7331908,30.3164408,POINT (-97.7331908 30.3164408)
4910,,-97.7341061,30.3161454,POINT (-97.7341061 30.3161454)
4911,,-97.7320117,30.3171437,POINT (-97.7320117 30.3171437)
4912,,-97.7311763,30.3182663,POINT (-97.7311763 30.3182663)
4913,,-97.7303167,30.3196179,POINT (-97.7303167 30.3196179)
4914,,-97.6633679,30.409184,POINT (-97.6633679 30.409184)
4915,,-97.6635111,30.4072037,POINT (-97.6635111 30.4072037)
4916,,-97.7288059,30.3220042,POINT (-97.7288059 30.3220042)
4917,,-97.7280535,30.3232012,POINT (-97.7280535 30.3232012)
4918,,-97.7282455,30.3228958,POINT (-97.7282455 30.3228958)
4919,,-97.7263128,30.3259799,POINT (-97.7263128 30.3259799)
4920,,-97.7271453,30.3268813,POINT (-97.7271453 30.3268813)
4921,,-97.7260839,30.3263449,POINT (-97.7260839 30.3263449)
4922,,-97.7237212,30.330092,POINT (-97.7237212 30.330092)
4923,,-97.7227733,30.3315959,POINT (-97.7227733 30.3315959)
4924,,-97.7212659,30.3339876,POINT (-97.7212659 30.3339876)
4925,,-97.7201991,30.335684,POINT (-97.7201991 30.335684)
4926,,-97.6633065,30.4143166,POINT (-97.6633065 30.4143166)
4927,,-97.7195506,30.3367125,POINT (-97.7195506 30.3367125)
4928,,-97.7190777,30.33726,POINT (-97.7190777 30.33726)
4929,,-97.7215096,30.3376676,POINT (-97.7215096 30.3376676)
4930,,-97.7177951,30.3393681,POINT (-97.7177951 30.3393681)
4931,,-97.717284,30.3403164,POINT (-97.717284 30.3403164)
4932,,-97.7159858,30.3423731,POINT (-97.7159858 30.3423731)
4933,,-97.7167949,30.3410844,POINT (-97.7167949 30.3410844)
4934,,-97.7550588,30.3543995,POINT (-97.7550588 30.3543995)
4935,,-97.6639026,30.4114091,POINT (-97.6639026 30.4114091)
4936,,-97.7684206,30.4239213,POINT (-97.7684206 30.4239213)
4937,,-97.7701321,30.4280002,POINT (-97.7701321 30.4280002)
4938,,-97.770463,30.428821,POINT (-97.770463 30.428821)
4939,,-97.771022,30.429173,POINT (-97.771022 30.429173)
4940,,-97.6633649,30.4071736,POINT (-97.6633649 30.4071736)
4941,,-97.772876,30.430244,POINT (-97.772876 30.430244)
4942,,-97.774578,30.4293796,POINT (-97.774578 30.4293796)
4943,,-97.7397901,30.3280832,POINT (-97.7397901 30.3280832)
4944,,-97.7397767,30.3278744,POINT (-97.7397767 30.3278744)
4945,,-97.7398452,30.3288599,POINT (-97.7398452 30.3288599)
4946,,-97.6632142,30.4091722,POINT (-97.6632142 30.4091722)
4947,,-97.6632309,30.4092304,POINT (-97.6632309 30.4092304)
4948,,-97.7450057,30.3259047,POINT (-97.7450057 30.3259047)
4949,,-97.6917851,30.2782101,POINT (-97.6917851 30.2782101)
4950,,-97.6907923,30.278364,POINT (-97.6907923 30.278364)
4951,,-97.6629092,30.4159614,POINT (-97.6629092 30.4159614)
4952,,-97.8403801,30.2343949,POINT (-97.8403801 30.2343949)
4953,,-97.8392473,30.2361419,POINT (-97.8392473 30.2361419)
4954,,-97.6621837,30.4173008,POINT (-97.6621837 30.4173008)
4955,,-97.6623233,30.4173707,POINT (-97.6623233 30.4173707)
4956,,-97.7838112,30.2038219,POINT (-97.7838112 30.2038219)
4957,,-97.7856684,30.2035448,POINT (-97.7856684 30.2035448)
4958,,-97.784503,30.202424,POINT (-97.784503 30.202424)
4959,,-97.6611113,30.418962,POINT (-97.6611113 30.418962)
4960,,-97.790468,30.2057169,POINT (-97.790468 30.2057169)
4961,,-97.7930912,30.2073155,POINT (-97.7930912 30.2073155)
4962,,-97.7900739,30.2060024,POINT (-97.7900739 30.2060024)
4963,,-97.7940331,30.2077766,POINT (-97.7940331 30.2077766)
4964,,-97.6609055,30.4192725,POINT (-97.6609055 30.4192725)
4965,,-97.6606036,30.4191307,POINT (-97.6606036 30.4191307)
4966,,-97.7951657,30.2060398,POINT (-97.7951657 30.2060398)
4967,,-97.6607941,30.4194627,POINT (-97.6607941 30.4194627)
4968,,-97.7288736,30.264919,POINT (-97.7288736 30.264919)
4969,,-97.7280827,30.2646447,POINT (-97.7280827 30.2646447)
4970,,-97.7290561,30.2649822,POINT (-97.7290561 30.2649822)
4971,,-97.7871706,30.2122286,POINT (-97.7871706 30.2122286)
4972,,-97.786929,30.2113763,POINT (-97.786929 30.2113763)
4973,,-97.8027906,30.4927775,POINT (-97.8027906 30.4927775)
4974,,-97.769832,30.28925,POINT (-97.769832 30.28925)
4975,,-97.7714034,30.2901948,POINT (-97.7714034 30.2901948)
4976,,-97.768693,30.288587,POINT (-97.768693 30.288587)
4977,,-97.6961044,30.2506456,POINT (-97.6961044 30.2506456)
4978,,-97.804217,30.1840835,POINT (-97.804217 30.1840835)
4979,,-97.803612,30.183496,POINT (-97.803612 30.183496)
4980,,-97.804352,30.18515,POINT (-97.804352 30.18515)
4981,,-97.779056,30.252052,POINT (-97.779056 30.252052)
4982,,-97.7819071,30.2559693,POINT (-97.7819071 30.2559693)
4983,,-97.6880362,30.2961617,POINT (-97.6880362 30.2961617)
4984,,-97.6876689,30.2968813,POINT (-97.6876689 30.2968813)
4985,,-97.6890012,30.2951951,POINT (-97.6890012 30.2951951)
4986,,-97.9150993,30.1884424,POINT (-97.9150993 30.1884424)
4987,,-97.9240244,30.193121,POINT (-97.9240244 30.193121)
4988,,-97.905809,30.1842991,POINT (-97.905809 30.1842991)
4989,,-97.9125447,30.1871752,POINT (-97.9125447 30.1871752)
4990,,-97.7829688,30.2384064,POINT (-97.7829688 30.2384064)
4991,,-97.7439419,30.3250498,POINT (-97.7439419 30.3250498)
4992,,-97.7437902,30.3249517,POINT (-97.7437902 30.3249517)
4993,,-97.7437629,30.3251327,POINT (-97.7437629 30.3251327)
4994,,-97.7449516,30.3255679,POINT (-97.7449516 30.3255679)
4995,,-97.7439375,30.335415,POINT (-97.7439375 30.335415)
4996,,-97.7449261,30.3356499,POINT (-97.7449261 30.3356499)
4997,,-97.7429624,30.3351908,POINT (-97.7429624 30.3351908)
4998,,-97.7432618,30.3375665,POINT (-97.7432618 30.3375665)
4999,,-97.7441849,30.3379963,POINT (-97.7441849 30.3379963)
5000,,-97.7424142,30.3371376,POINT (-97.7424142 30.3371376)
5001,,-97.762845,30.30935,POINT (-97.762845 30.30935)
5002,,-97.762914,30.308807,POINT (-97.762914 30.308807)
5003,,-97.7676919,30.310914,POINT (-97.7676919 30.310914)
5004,,-97.76397,30.306826,POINT (-97.76397 30.306826)
5005,,-97.764686,30.305836,POINT (-97.764686 30.305836)
5006,,-97.763397,30.307529,POINT (-97.763397 30.307529)
5007,,-97.782077,30.279588,POINT (-97.782077 30.279588)
5008,,-97.7752241,30.2614987,POINT (-97.7752241 30.2614987)
5009,,-97.7339952,30.323278,POINT (-97.7339952 30.323278)
5010,,-97.734883,30.3237001,POINT (-97.734883 30.3237001)
5011,,-97.7330473,30.3228274,POINT (-97.7330473 30.3228274)
5012,,-97.7295,30.3298757,POINT (-97.7295 30.3298757)
5013,,-97.7282556,30.3292641,POINT (-97.7282556 30.3292641)
5014,,-97.7315826,30.3308799,POINT (-97.7315826 30.3308799)
5015,,-97.7237717,30.3392165,POINT (-97.7237717 30.3392165)
5016,,-97.722773,30.338585,POINT (-97.722773 30.338585)
5017,,-97.7237649,30.3475711,POINT (-97.7237649 30.3475711)
5018,,-97.72325,30.3484,POINT (-97.72325 30.3484)
5019,,-97.7230903,30.3497789,POINT (-97.7230903 30.3497789)
5020,,-97.762809,30.293087,POINT (-97.762809 30.293087)
5021,,-97.777961,30.411855,POINT (-97.777961 30.411855)
5022,,-97.7242731,30.2751298,POINT (-97.7242731 30.2751298)
5023,,-97.7241649,30.274671,POINT (-97.7241649 30.274671)
5024,,-97.7378015,30.274349,POINT (-97.7378015 30.274349)
5025,,-97.776207,30.248478,POINT (-97.776207 30.248478)
5026,,-97.7766386,30.2478613,POINT (-97.7766386 30.2478613)
5027,,-97.7772267,30.2469337,POINT (-97.7772267 30.2469337)
5028,,-97.7762016,30.2450471,POINT (-97.7762016 30.2450471)
5029,,-97.7781644,30.2465161,POINT (-97.7781644 30.2465161)
5030,,-97.775234,30.247311,POINT (-97.775234 30.247311)
5031,,-97.7756674,30.2455731,POINT (-97.7756674 30.2455731)
5032,,-97.761364,30.354599,POINT (-97.761364 30.354599)
5033,,-97.7003515,30.3908837,POINT (-97.7003515 30.3908837)
5034,,-97.6995634,30.3914627,POINT (-97.6995634 30.3914627)
5035,,-97.7010953,30.3902156,POINT (-97.7010953 30.3902156)
5036,,-97.7533841,30.2775461,POINT (-97.7533841 30.2775461)
5037,,-97.7542056,30.2778329,POINT (-97.7542056 30.2778329)
5038,,-97.753144,30.277471,POINT (-97.753144 30.277471)
5039,,-97.7525912,30.2792997,POINT (-97.7525912 30.2792997)
5040,,-97.7521351,30.2791736,POINT (-97.7521351 30.2791736)
5041,,-97.7678555,30.3099345,POINT (-97.7678555 30.3099345)
5042,,-97.768298,30.307999,POINT (-97.768298 30.307999)
5043,,-97.7838086,30.2960974,POINT (-97.7838086 30.2960974)
5044,,-97.7823286,30.2954613,POINT (-97.7823286 30.2954613)
5045,,-97.7832626,30.2919699,POINT (-97.7832626 30.2919699)
5046,,-97.6869723,30.2498544,POINT (-97.6869723 30.2498544)
5047,,-97.6839046,30.2508818,POINT (-97.6839046 30.2508818)
5048,,-97.6803721,30.2520495,POINT (-97.6803721 30.2520495)
5049,,-97.6702234,30.269097,POINT (-97.6702234 30.269097)
5050,,-97.6710325,30.2669196,POINT (-97.6710325 30.2669196)
5051,,-97.6658929,30.3201357,POINT (-97.6658929 30.3201357)
5052,,-97.6690426,30.3265592,POINT (-97.6690426 30.3265592)
5053,,-97.6655629,30.3190859,POINT (-97.6655629 30.3190859)
5054,,-97.6648987,30.3183205,POINT (-97.6648987 30.3183205)
5055,,-97.6625869,30.313254,POINT (-97.6625869 30.313254)
5056,,-97.6621018,30.3101205,POINT (-97.6621018 30.3101205)
5057,,-97.6611946,30.301311,POINT (-97.6611946 30.301311)
5058,,-97.6849508,30.2511757,POINT (-97.6849508 30.2511757)
5059,,-97.7515944,30.3625553,POINT (-97.7515944 30.3625553)
5060,,-97.6933726,30.3608849,POINT (-97.6933726 30.3608849)
5061,,-97.6934414,30.3608066,POINT (-97.6934414 30.3608066)
5062,,-97.6943218,30.3616012,POINT (-97.6943218 30.3616012)
5063,,-97.6917865,30.3600717,POINT (-97.6917865 30.3600717)
5064,,-97.6886335,30.358394,POINT (-97.6886335 30.358394)
5065,,-97.6887592,30.3581839,POINT (-97.6887592 30.3581839)
5066,,-97.6875205,30.357864,POINT (-97.6875205 30.357864)
5067,,-97.6872572,30.3577296,POINT (-97.6872572 30.3577296)
5068,,-97.6874755,30.3579485,POINT (-97.6874755 30.3579485)
5069,,-97.6865495,30.357405,POINT (-97.6865495 30.357405)
5070,,-97.6773545,30.3515595,POINT (-97.6773545 30.3515595)
5071,,-97.6772305,30.3514839,POINT (-97.6772305 30.3514839)
5072,,-97.678134,30.352033,POINT (-97.678134 30.352033)
5073,,-97.6780718,30.3521146,POINT (-97.6780718 30.3521146)
5074,,-97.6790258,30.3525748,POINT (-97.6790258 30.3525748)
5075,,-97.6785493,30.3522857,POINT (-97.6785493 30.3522857)
5076,,-97.72039,30.2322903,POINT (-97.72039 30.2322903)
5077,,-97.7212315,30.2305706,POINT (-97.7212315 30.2305706)
5078,,-97.721399,30.229761,POINT (-97.721399 30.229761)
5079,,-97.7211089,30.2305409,POINT (-97.7211089 30.2305409)
5080,,-97.7203284,30.232431,POINT (-97.7203284 30.232431)
5081,,-97.7188908,30.2319364,POINT (-97.7188908 30.2319364)
5082,,-97.8194609,30.2775593,POINT (-97.8194609 30.2775593)
5083,,-97.7976835,30.222564,POINT (-97.7976835 30.222564)
5084,,-97.7986758,30.2230576,POINT (-97.7986758 30.2230576)
5085,,-97.7967289,30.2220994,POINT (-97.7967289 30.2220994)
5086,,-97.7563207,30.2278266,POINT (-97.7563207 30.2278266)
5087,,-97.7546262,30.2269901,POINT (-97.7546262 30.2269901)
5088,,-97.7573532,30.2530737,POINT (-97.7573532 30.2530737)
5089,,-97.690878,30.307647,POINT (-97.690878 30.307647)
5090,,-97.690041,30.30785,POINT (-97.690041 30.30785)
5091,,-97.7027755,30.3483465,POINT (-97.7027755 30.3483465)
5092,,-97.70319,30.34755,POINT (-97.70319 30.34755)
5093,,-97.665776,30.307807,POINT (-97.665776 30.307807)
5094,,-97.8925364,30.2379792,POINT (-97.8925364 30.2379792)
5095,,-97.893592,30.2374184,POINT (-97.893592 30.2374184)
5096,,-97.8914981,30.2384172,POINT (-97.8914981 30.2384172)
5097,,-97.7775102,30.2328236,POINT (-97.7775102 30.2328236)
5098,,-97.8240097,30.4359541,POINT (-97.8240097 30.4359541)
5099,,-97.8232808,30.4372815,POINT (-97.8232808 30.4372815)
5100,,-97.7242823,30.3467609,POINT (-97.7242823 30.3467609)
5101,,-97.7333976,30.3519864,POINT (-97.7333976 30.3519864)
5102,,-97.8212866,30.2346199,POINT (-97.8212866 30.2346199)
5103,,-97.8223767,30.2361211,POINT (-97.8223767 30.2361211)
5104,,-97.823222,30.235802,POINT (-97.823222 30.235802)
5105,,-97.7176086,30.3329647,POINT (-97.7176086 30.3329647)
5106,,-97.8929855,30.188483,POINT (-97.8929855 30.188483)
5107,,-97.8247464,30.211279,POINT (-97.8247464 30.211279)
5108,,-97.6932193,30.4146114,POINT (-97.6932193 30.4146114)
5109,,-97.6958633,30.4159044,POINT (-97.6958633 30.4159044)
5110,,-97.7591515,30.2611324,POINT (-97.7591515 30.2611324)
5111,,-97.7599828,30.2615439,POINT (-97.7599828 30.2615439)
5112,,-97.6705947,30.2085778,POINT (-97.6705947 30.2085778)
5113,,-97.6711557,30.206769,POINT (-97.6711557 30.206769)
5114,,-97.671097,30.205873,POINT (-97.671097 30.205873)
5115,,-97.6704254,30.2045341,POINT (-97.6704254 30.2045341)
5116,,-97.6691355,30.2028856,POINT (-97.6691355 30.2028856)
5117,,-97.664868,30.202933,POINT (-97.664868 30.202933)
5118,,-97.6632819,30.2046896,POINT (-97.6632819 30.2046896)
5119,,-97.6630412,30.2049888,POINT (-97.6630412 30.2049888)
5120,,-97.6628222,30.2054165,POINT (-97.6628222 30.2054165)
5121,,-97.6626655,30.2076746,POINT (-97.6626655 30.2076746)
5122,,-97.6626856,30.2083316,POINT (-97.6626856 30.2083316)
5123,,-97.660912,30.210149,POINT (-97.660912 30.210149)
5124,,-97.6593176,30.2118571,POINT (-97.6593176 30.2118571)
5125,,-97.664456,30.2099746,POINT (-97.664456 30.2099746)
5126,,-97.6586218,30.2125079,POINT (-97.6586218 30.2125079)
5127,,-97.6587809,30.2125884,POINT (-97.6587809 30.2125884)
5128,,-97.659674,30.212129,POINT (-97.659674 30.212129)
5129,,-97.660647,30.2114285,POINT (-97.660647 30.2114285)
5130,,-97.6667421,30.2101433,POINT (-97.6667421 30.2101433)
5131,,-97.7439696,30.2196197,POINT (-97.7439696 30.2196197)
5132,,-97.6864555,30.2852566,POINT (-97.6864555 30.2852566)
5133,,-97.685534,30.285397,POINT (-97.685534 30.285397)
5134,,-97.6876385,30.2850764,POINT (-97.6876385 30.2850764)
5135,,-97.8052944,30.4873373,POINT (-97.8052944 30.4873373)
5136,,-97.8054909,30.1990837,POINT (-97.8054909 30.1990837)
5137,,-97.8046343,30.1986707,POINT (-97.8046343 30.1986707)
5138,,-97.7657512,30.2942599,POINT (-97.7657512 30.2942599)
5139,,-97.766077,30.294615,POINT (-97.766077 30.294615)
5140,,-97.7656436,30.2941506,POINT (-97.7656436 30.2941506)
5141,,-97.78934,30.3746728,POINT (-97.78934 30.3746728)
5142,,-97.7892314,30.375417,POINT (-97.7892314 30.375417)
5143,,-97.7361668,30.4103009,POINT (-97.7361668 30.4103009)
5144,,-97.7354856,30.4107463,POINT (-97.7354856 30.4107463)
5145,,-97.7349545,30.4110952,POINT (-97.7349545 30.4110952)
5146,,-97.640814,30.404859,POINT (-97.640814 30.404859)
5147,,-97.6414177,30.4051217,POINT (-97.6414177 30.4051217)
5148,,-97.6578237,30.417369,POINT (-97.6578237 30.417369)
5149,,-97.6586687,30.418299,POINT (-97.6586687 30.418299)
5150,,-97.6530341,30.4133172,POINT (-97.6530341 30.4133172)
5151,,-97.6506605,30.4118077,POINT (-97.6506605 30.4118077)
5152,,-97.6385696,30.403625,POINT (-97.6385696 30.403625)
5153,,-97.882985,30.247118,POINT (-97.882985 30.247118)
5154,,-97.882321,30.246564,POINT (-97.882321 30.246564)
5155,,-97.8095484,30.185623,POINT (-97.8095484 30.185623)
5156,,-97.8120811,30.1855544,POINT (-97.8120811 30.1855544)
5157,,-97.8139795,30.1857494,POINT (-97.8139795 30.1857494)
5158,,-97.7653055,30.2331424,POINT (-97.7653055 30.2331424)
5159,,-97.7653114,30.2331328,POINT (-97.7653114 30.2331328)
5160,,-97.8948029,30.1857868,POINT (-97.8948029 30.1857868)
5161,,-97.6160377,30.3525492,POINT (-97.6160377 30.3525492)
5162,,-97.61581,30.352641,POINT (-97.61581 30.352641)
5163,,-97.6139471,30.347381,POINT (-97.6139471 30.347381)
5164,,-97.606252,30.35861,POINT (-97.606252 30.35861)
5165,,-97.6069914,30.3574227,POINT (-97.6069914 30.3574227)
5166,,-97.7702554,30.2980671,POINT (-97.7702554 30.2980671)
5167,,-97.8663057,30.2291656,POINT (-97.8663057 30.2291656)
5168,,-97.6082497,30.3370183,POINT (-97.6082497 30.3370183)
5169,,-97.6084054,30.3369804,POINT (-97.6084054 30.3369804)
5170,,-97.6118953,30.3396371,POINT (-97.6118953 30.3396371)
5171,,-97.6137421,30.3451361,POINT (-97.6137421 30.3451361)
5172,,-97.6135495,30.3453255,POINT (-97.6135495 30.3453255)
5173,,-97.6134049,30.3424656,POINT (-97.6134049 30.3424656)
5174,,-97.6145777,30.3607202,POINT (-97.6145777 30.3607202)
5175,,-97.6153999,30.359401,POINT (-97.6153999 30.359401)
5176,,-97.6138116,30.3453182,POINT (-97.6138116 30.3453182)
5177,,-97.6159539,30.3432118,POINT (-97.6159539 30.3432118)
5178,,-97.6077061,30.3350364,POINT (-97.6077061 30.3350364)
5179,,-97.6814729,30.2542713,POINT (-97.6814729 30.2542713)
5180,,-97.6808177,30.2539559,POINT (-97.6808177 30.2539559)
5181,,-97.6849948,30.2558092,POINT (-97.6849948 30.2558092)
5182,,-97.8170777,30.1624793,POINT (-97.8170777 30.1624793)
5183,,-97.6729302,30.3442789,POINT (-97.6729302 30.3442789)
5184,,-97.6596432,30.3843621,POINT (-97.6596432 30.3843621)
5185,,-97.6600858,30.3836888,POINT (-97.6600858 30.3836888)
5186,,-97.6592033,30.3850447,POINT (-97.6592033 30.3850447)
5187,,-97.6442015,30.3946885,POINT (-97.6442015 30.3946885)
5188,,-97.6444073,30.3947404,POINT (-97.6444073 30.3947404)
5189,,-97.6426075,30.3970959,POINT (-97.6426075 30.3970959)
5190,,-97.654213,30.3792502,POINT (-97.654213 30.3792502)
5191,,-97.6543244,30.3793584,POINT (-97.6543244 30.3793584)
5192,,-97.6528849,30.3805154,POINT (-97.6528849 30.3805154)
5193,,-97.6586584,30.3771788,POINT (-97.6586584 30.3771788)
5194,,-97.658586,30.377269,POINT (-97.658586 30.377269)
5195,,-97.6575077,30.3760246,POINT (-97.6575077 30.3760246)
5196,,-97.6742934,30.3534,POINT (-97.6742934 30.3534)
5197,,-97.6734224,30.3547681,POINT (-97.6734224 30.3547681)
5198,,-97.672094,30.3567065,POINT (-97.672094 30.3567065)
5199,,-97.6717292,30.3572889,POINT (-97.6717292 30.3572889)
5200,,-97.6674141,30.3699595,POINT (-97.6674141 30.3699595)
5201,,-97.6661311,30.3719165,POINT (-97.6661311 30.3719165)
5202,,-97.6656707,30.3723885,POINT (-97.6656707 30.3723885)
5203,,-97.6658211,30.3724615,POINT (-97.6658211 30.3724615)
5204,,-97.6635603,30.3734902,POINT (-97.6635603 30.3734902)
5205,,-97.6515255,30.3821651,POINT (-97.6515255 30.3821651)
5206,,-97.6513933,30.3820834,POINT (-97.6513933 30.3820834)
5207,,-97.6530184,30.3806108,POINT (-97.6530184 30.3806108)
5208,,-97.6707871,30.3587824,POINT (-97.6707871 30.3587824)
5209,,-97.6691607,30.3613205,POINT (-97.6691607 30.3613205)
5210,,-97.7228987,30.3156828,POINT (-97.7228987 30.3156828)
5211,,-97.7374559,30.3216496,POINT (-97.7374559 30.3216496)
5212,,-97.7376004,30.3214225,POINT (-97.7376004 30.3214225)
5213,,-97.683404,30.313156,POINT (-97.683404 30.313156)
5214,,-97.6832955,30.3132212,POINT (-97.6832955 30.3132212)
5215,,-97.7393941,30.3225775,POINT (-97.7393941 30.3225775)
5216,,-97.7394797,30.3237084,POINT (-97.7394797 30.3237084)
5217,,-97.7393554,30.321985,POINT (-97.7393554 30.321985)
5218,,-97.7388666,30.3197785,POINT (-97.7388666 30.3197785)
5219,,-97.6839566,30.3128094,POINT (-97.6839566 30.3128094)
5220,,-97.7358331,30.2671498,POINT (-97.7358331 30.2671498)
5221,,-97.7279744,30.2832108,POINT (-97.7279744 30.2832108)
5222,,-97.727476,30.2831,POINT (-97.727476 30.2831)
5223,,-97.7267847,30.2871191,POINT (-97.7267847 30.2871191)
5224,,-97.726747,30.2872421,POINT (-97.726747 30.2872421)
5225,,-97.7263489,30.2870238,POINT (-97.7263489 30.2870238)
5226,,-97.7268168,30.2889044,POINT (-97.7268168 30.2889044)
5227,,-97.7268913,30.2891509,POINT (-97.7268913 30.2891509)
5228,,-97.7272218,30.2903314,POINT (-97.7272218 30.2903314)
5229,,-97.7271286,30.2910786,POINT (-97.7271286 30.2910786)
5230,,-97.7273867,30.2912013,POINT (-97.7273867 30.2912013)
5231,,-97.7246199,30.2898718,POINT (-97.7246199 30.2898718)
5232,,-97.7269453,30.2914449,POINT (-97.7269453 30.2914449)
5233,,-97.7265774,30.2919131,POINT (-97.7265774 30.2919131)
5234,,-97.7259346,30.2926789,POINT (-97.7259346 30.2926789)
5235,,-97.7254872,30.2931897,POINT (-97.7254872 30.2931897)
5236,,-97.7251784,30.2935551,POINT (-97.7251784 30.2935551)
5237,,-97.7239413,30.2949829,POINT (-97.7239413 30.2949829)
5238,,-97.7234163,30.2956129,POINT (-97.7234163 30.2956129)
5239,,-97.7233241,30.2958085,POINT (-97.7233241 30.2958085)
5240,,-97.7243471,30.2962255,POINT (-97.7243471 30.2962255)
5241,,-97.720492,30.3034427,POINT (-97.720492 30.3034427)
5242,,-97.7201848,30.3039243,POINT (-97.7201848 30.3039243)
5243,,-97.7186134,30.3063878,POINT (-97.7186134 30.3063878)
5244,,-97.6823975,30.313514,POINT (-97.6823975 30.313514)
5245,,-97.7180071,30.3073446,POINT (-97.7180071 30.3073446)
5246,,-97.7368075,30.3488219,POINT (-97.7368075 30.3488219)
5247,,-97.7365694,30.3469475,POINT (-97.7365694 30.3469475)
5248,,-97.7406519,30.3507278,POINT (-97.7406519 30.3507278)
5249,,-97.7293367,30.3618741,POINT (-97.7293367 30.3618741)
5250,,-97.7357009,30.2799635,POINT (-97.7357009 30.2799635)
5251,,-97.7361163,30.2789395,POINT (-97.7361163 30.2789395)
5252,,-97.7305026,30.2785582,POINT (-97.7305026 30.2785582)
5253,,-97.7306581,30.2781259,POINT (-97.7306581 30.2781259)
5254,,-97.7291031,30.2785047,POINT (-97.7291031 30.2785047)
5255,,-97.7310268,30.2786777,POINT (-97.7310268 30.2786777)
5256,,-97.7288581,30.2790079,POINT (-97.7288581 30.2790079)
5257,,-97.7283216,30.278591,POINT (-97.7283216 30.278591)
5258,,-97.7200332,30.2799986,POINT (-97.7200332 30.2799986)
5259,,-97.7192765,30.2801261,POINT (-97.7192765 30.2801261)
5260,,-97.7008463,30.2830279,POINT (-97.7008463 30.2830279)
5261,,-97.7003803,30.2831015,POINT (-97.7003803 30.2831015)
5262,,-97.689824,30.2847435,POINT (-97.689824 30.2847435)
5263,,-97.6889686,30.2848738,POINT (-97.6889686 30.2848738)
5264,,-97.6773185,30.2863733,POINT (-97.6773185 30.2863733)
5265,,-97.6715558,30.2866993,POINT (-97.6715558 30.2866993)
5266,,-97.6704482,30.2864949,POINT (-97.6704482 30.2864949)
5267,,-97.6697858,30.2863845,POINT (-97.6697858 30.2863845)
5268,,-97.6694183,30.2863227,POINT (-97.6694183 30.2863227)
5269,,-97.6695977,30.2860624,POINT (-97.6695977 30.2860624)
5270,,-97.6674376,30.2859795,POINT (-97.6674376 30.2859795)
5271,,-97.699923,30.2256636,POINT (-97.699923 30.2256636)
5272,,-97.8005982,30.4316973,POINT (-97.8005982 30.4316973)
5273,,-97.7281785,30.2915778,POINT (-97.7281785 30.2915778)
5274,,-97.7302792,30.289164,POINT (-97.7302792 30.289164)
5275,,-97.732742,30.289228,POINT (-97.732742 30.289228)
5276,,-97.6918436,30.3844519,POINT (-97.6918436 30.3844519)
5277,,-97.6919116,30.384343,POINT (-97.6919116 30.384343)
5278,,-97.6928183,30.3848337,POINT (-97.6928183 30.3848337)
5279,,-97.6957984,30.3860768,POINT (-97.6957984 30.3860768)
5280,,-97.6957196,30.3861842,POINT (-97.6957196 30.3861842)
5281,,-97.6962957,30.3852987,POINT (-97.6962957 30.3852987)
5282,,-97.6978189,30.3871267,POINT (-97.6978189 30.3871267)
5283,,-97.7016602,30.3894741,POINT (-97.7016602 30.3894741)
5284,,-97.7218029,30.39111,POINT (-97.7218029 30.39111)
5285,,-97.7217676,30.3912253,POINT (-97.7217676 30.3912253)
5286,,-97.7220334,30.3904925,POINT (-97.7220334 30.3904925)
5287,,-97.7191339,30.3904909,POINT (-97.7191339 30.3904909)
5288,,-97.7314882,30.3951066,POINT (-97.7314882 30.3951066)
5289,,-97.725767,30.3923404,POINT (-97.725767 30.3923404)
5290,,-97.7321278,30.3954843,POINT (-97.7321278 30.3954843)
5291,,-97.7319298,30.3960331,POINT (-97.7319298 30.3960331)
5292,,-97.7334045,30.3960943,POINT (-97.7334045 30.3960943)
5293,,-97.7336342,30.3955203,POINT (-97.7336342 30.3955203)
5294,,-97.7341135,30.3965352,POINT (-97.7341135 30.3965352)
5295,,-97.73453,30.3967308,POINT (-97.73453 30.3967308)
5296,,-97.7424776,30.4002072,POINT (-97.7424776 30.4002072)
5297,,-97.7425938,30.4002135,POINT (-97.7425938 30.4002135)
5298,,-97.745495,30.4002885,POINT (-97.745495 30.4002885)
5299,,-97.7450181,30.4002305,POINT (-97.7450181 30.4002305)
5300,,-97.746294,30.4004625,POINT (-97.746294 30.4004625)
5301,,-97.7463317,30.4002209,POINT (-97.7463317 30.4002209)
5302,,-97.712834,30.39204,POINT (-97.712834 30.39204)
5303,,-97.6883084,30.3827214,POINT (-97.6883084 30.3827214)
5304,,-97.6818251,30.3792656,POINT (-97.6818251 30.3792656)
5305,,-97.7702993,30.2770759,POINT (-97.7702993 30.2770759)
5306,,-97.767761,30.2764874,POINT (-97.767761 30.2764874)
5307,,-97.7424645,30.400358,POINT (-97.7424645 30.400358)
5308,,-97.7425852,30.4003679,POINT (-97.7425852 30.4003679)
5309,,-97.7675217,30.2754063,POINT (-97.7675217 30.2754063)
5310,,-97.6850482,30.4106587,POINT (-97.6850482 30.4106587)
5311,,-97.6866728,30.4114184,POINT (-97.6866728 30.4114184)
5312,,-97.8332621,30.2402093,POINT (-97.8332621 30.2402093)
5313,,-97.8344753,30.2405786,POINT (-97.8344753 30.2405786)
5314,,-97.8587534,30.2517116,POINT (-97.8587534 30.2517116)
5315,,-97.8610554,30.2522048,POINT (-97.8610554 30.2522048)
5316,,-97.8656149,30.2546459,POINT (-97.8656149 30.2546459)
5317,,-97.8657691,30.2545156,POINT (-97.8657691 30.2545156)
5318,,-97.8678312,30.256444,POINT (-97.8678312 30.256444)
5319,,-97.8679444,30.2563019,POINT (-97.8679444 30.2563019)
5320,,-97.8235626,30.2377808,POINT (-97.8235626 30.2377808)
5321,,-97.8237783,30.238037,POINT (-97.8237783 30.238037)
5322,,-97.8236895,30.237736,POINT (-97.8236895 30.237736)
5323,,-97.8302329,30.2402214,POINT (-97.8302329 30.2402214)
5324,,-97.8303602,30.2402172,POINT (-97.8303602 30.2402172)
5325,,-97.6603804,30.3887943,POINT (-97.6603804 30.3887943)
5326,,-97.6590875,30.3908095,POINT (-97.6590875 30.3908095)
5327,,-97.6611823,30.3868993,POINT (-97.6611823 30.3868993)
5328,,-97.7335849,30.2384561,POINT (-97.7335849 30.2384561)
5329,,-97.7335458,30.2384356,POINT (-97.7335458 30.2384356)
5330,,-97.73526,30.2393085,POINT (-97.73526 30.2393085)
5331,,-97.7802392,30.2878287,POINT (-97.7802392 30.2878287)
5332,,-97.669314,30.3089084,POINT (-97.669314 30.3089084)
5333,,-97.66973,30.3087716,POINT (-97.66973 30.3087716)
5334,,-97.765905,30.300366,POINT (-97.765905 30.300366)
5335,,-97.765336,30.30127,POINT (-97.765336 30.30127)
5336,,-97.7648809,30.3053479,POINT (-97.7648809 30.3053479)
5337,,-97.7629752,30.4097649,POINT (-97.7629752 30.4097649)
5338,,-97.7620578,30.4099314,POINT (-97.7620578 30.4099314)
5339,,-97.7610815,30.4097279,POINT (-97.7610815 30.4097279)
5340,,-97.759429,30.408883,POINT (-97.759429 30.408883)
5341,,-97.758571,30.40845,POINT (-97.758571 30.40845)
5342,,-97.7559498,30.4070851,POINT (-97.7559498 30.4070851)
5343,,-97.7552502,30.4071016,POINT (-97.7552502 30.4071016)
5344,,-97.753255,30.407675,POINT (-97.753255 30.407675)
5345,,-97.7525082,30.4073161,POINT (-97.7525082 30.4073161)
5346,,-97.7519883,30.4070499,POINT (-97.7519883 30.4070499)
5347,,-97.7513428,30.4067535,POINT (-97.7513428 30.4067535)
5348,,-97.7507366,30.4067719,POINT (-97.7507366 30.4067719)
5349,,-97.7776055,30.2333902,POINT (-97.7776055 30.2333902)
5350,,-97.7761508,30.4040037,POINT (-97.7761508 30.4040037)
5351,,-97.7763305,30.4031824,POINT (-97.7763305 30.4031824)
5352,,-97.7760381,30.4048064,POINT (-97.7760381 30.4048064)
5353,,-97.6955209,30.4107523,POINT (-97.6955209 30.4107523)
5354,,-97.6959487,30.4157735,POINT (-97.6959487 30.4157735)
5355,,-97.6981899,30.4170439,POINT (-97.6981899 30.4170439)
5356,,-97.6954395,30.4167395,POINT (-97.6954395 30.4167395)
5357,,-97.69533,30.4174303,POINT (-97.69533 30.4174303)
5358,,-97.6951046,30.4181733,POINT (-97.6951046 30.4181733)
5359,,-97.6946771,30.4188166,POINT (-97.6946771 30.4188166)
5360,,-97.6920644,30.4234684,POINT (-97.6920644 30.4234684)
5361,,-97.6777611,30.313104,POINT (-97.6777611 30.313104)
5362,,-97.7467779,30.2419885,POINT (-97.7467779 30.2419885)
5363,,-97.7973435,30.4679626,POINT (-97.7973435 30.4679626)
5364,,-97.72031,30.2566525,POINT (-97.72031 30.2566525)
5365,,-97.6884563,30.1986842,POINT (-97.6884563 30.1986842)
5366,,-97.6842859,30.1982661,POINT (-97.6842859 30.1982661)
5367,,-97.695238,30.3244435,POINT (-97.695238 30.3244435)
5368,,-97.8005093,30.2554679,POINT (-97.8005093 30.2554679)
5369,,-97.7497438,30.3514311,POINT (-97.7497438 30.3514311)
5370,,-97.7499406,30.3504207,POINT (-97.7499406 30.3504207)
5371,,-97.7496479,30.3519214,POINT (-97.7496479 30.3519214)
5372,,-97.7483727,30.3516006,POINT (-97.7483727 30.3516006)
5373,,-97.7510714,30.3524574,POINT (-97.7510714 30.3524574)
5374,,-97.689156,30.3221277,POINT (-97.689156 30.3221277)
5375,,-97.6891372,30.3219202,POINT (-97.6891372 30.3219202)
5376,,-97.7531822,30.2697488,POINT (-97.7531822 30.2697488)
5377,,-97.7525178,30.2709682,POINT (-97.7525178 30.2709682)
5378,,-97.7529429,30.2711293,POINT (-97.7529429 30.2711293)
5379,,-97.7016743,30.2560423,POINT (-97.7016743 30.2560423)
5380,,-97.7431178,30.2878105,POINT (-97.7431178 30.2878105)
5381,,-97.74265,30.2877748,POINT (-97.74265 30.2877748)
5382,,-97.8547867,30.2037366,POINT (-97.8547867 30.2037366)
5383,,-97.7446124,30.2886063,POINT (-97.7446124 30.2886063)
5384,,-97.744539,30.2893039,POINT (-97.744539 30.2893039)
5385,,-97.7817085,30.2568328,POINT (-97.7817085 30.2568328)
5386,,-97.7429804,30.2891864,POINT (-97.7429804 30.2891864)
5387,,-97.8266581,30.2832129,POINT (-97.8266581 30.2832129)
5388,,-97.8312347,30.2843566,POINT (-97.8312347 30.2843566)
5389,,-97.8243482,30.2837645,POINT (-97.8243482 30.2837645)
5390,,-97.7516878,30.3725962,POINT (-97.7516878 30.3725962)
5391,,-97.74935,30.3729177,POINT (-97.74935 30.3729177)
5392,,-97.7955919,30.2053827,POINT (-97.7955919 30.2053827)
5393,,-97.7428746,30.2905574,POINT (-97.7428746 30.2905574)
5394,,-97.7427637,30.2920431,POINT (-97.7427637 30.2920431)
5395,,-97.7267499,30.2972199,POINT (-97.7267499 30.2972199)
5396,,-97.7247666,30.296284,POINT (-97.7247666 30.296284)
5397,,-97.7281046,30.2978556,POINT (-97.7281046 30.2978556)
5398,,-97.7426484,30.2933018,POINT (-97.7426484 30.2933018)
5399,,-97.7404934,30.2273801,POINT (-97.7404934 30.2273801)
5400,,-97.7401962,30.2278566,POINT (-97.7401962 30.2278566)
5401,,-97.7451454,30.3170917,POINT (-97.7451454 30.3170917)
5402,,-97.7419309,30.335097,POINT (-97.7419309 30.335097)
5403,,-97.741639,30.336253,POINT (-97.741639 30.336253)
5404,,-97.7719406,30.4218356,POINT (-97.7719406 30.4218356)
5405,,-97.74345,30.196581,POINT (-97.74345 30.196581)
5406,,-97.7035231,30.3428573,POINT (-97.7035231 30.3428573)
5407,,-97.7039504,30.3425426,POINT (-97.7039504 30.3425426)
5408,,-97.7045751,30.3437161,POINT (-97.7045751 30.3437161)
5409,,-97.7487976,30.268713,POINT (-97.7487976 30.268713)
5410,,-97.7477166,30.2684113,POINT (-97.7477166 30.2684113)
5411,,-97.7468484,30.3037249,POINT (-97.7468484 30.3037249)
5412,,-97.7598322,30.2884112,POINT (-97.7598322 30.2884112)
5413,,-97.759813,30.288103,POINT (-97.759813 30.288103)
5414,,-97.7596262,30.289308,POINT (-97.7596262 30.289308)
5415,,-97.7484483,30.2696465,POINT (-97.7484483 30.2696465)
5416,,-97.7495067,30.2699418,POINT (-97.7495067 30.2699418)
5417,,-97.7266043,30.4139183,POINT (-97.7266043 30.4139183)
5418,,-97.7258209,30.4135466,POINT (-97.7258209 30.4135466)
5419,,-97.6094836,30.349513,POINT (-97.6094836 30.349513)
5420,,-97.612439,30.34753,POINT (-97.612439 30.34753)
5421,,-97.7083316,30.355721,POINT (-97.7083316 30.355721)
5422,,-97.7075649,30.356208,POINT (-97.7075649 30.356208)
5423,,-97.7089046,30.355372,POINT (-97.7089046 30.355372)
5424,,-97.7536525,30.2978249,POINT (-97.7536525 30.2978249)
5425,,-97.694103,30.3114775,POINT (-97.694103 30.3114775)
5426,,-97.785429,30.1886094,POINT (-97.785429 30.1886094)
5427,,-97.7688605,30.2275165,POINT (-97.7688605 30.2275165)
5428,,-97.7692446,30.2268834,POINT (-97.7692446 30.2268834)
5429,,-97.7685769,30.2279422,POINT (-97.7685769 30.2279422)
5430,,-97.746715,30.2743004,POINT (-97.746715 30.2743004)
5431,,-97.792822,30.2907452,POINT (-97.792822 30.2907452)
5432,,-97.7906969,30.2900807,POINT (-97.7906969 30.2900807)
5433,,-97.8170711,30.162234,POINT (-97.8170711 30.162234)
5434,,-97.7462648,30.2755052,POINT (-97.7462648 30.2755052)
5435,,-97.7473319,30.2758111,POINT (-97.7473319 30.2758111)
5436,,-97.708422,30.326221,POINT (-97.708422 30.326221)
5437,,-97.706312,30.3295451,POINT (-97.706312 30.3295451)
5438,,-97.7084686,30.3261456,POINT (-97.7084686 30.3261456)
5439,,-97.881171,30.245461,POINT (-97.881171 30.245461)
5440,,-97.8316848,30.1844458,POINT (-97.8316848 30.1844458)
5441,,-97.7180498,30.3816226,POINT (-97.7180498 30.3816226)
5442,,-97.7210267,30.3823813,POINT (-97.7210267 30.3823813)
5443,,-97.7160286,30.3806479,POINT (-97.7160286 30.3806479)
5444,,-97.7451294,30.2785766,POINT (-97.7451294 30.2785766)
5445,,-97.7462034,30.2788844,POINT (-97.7462034 30.2788844)
5446,,-97.7509279,30.3197053,POINT (-97.7509279 30.3197053)
5447,,-97.7483571,30.3185551,POINT (-97.7483571 30.3185551)
5448,,-97.6957732,30.3963544,POINT (-97.6957732 30.3963544)
5449,,-97.6954141,30.3970219,POINT (-97.6954141 30.3970219)
5450,,-97.7077542,30.4005972,POINT (-97.7077542 30.4005972)
5451,,-97.705434,30.3987849,POINT (-97.705434 30.3987849)
5452,,-97.7136611,30.4080477,POINT (-97.7136611 30.4080477)
5453,,-97.7142939,30.4073638,POINT (-97.7142939 30.4073638)
5454,,-97.756099,30.2642608,POINT (-97.756099 30.2642608)
5455,,-97.7571295,30.2645009,POINT (-97.7571295 30.2645009)
5456,,-97.689763,30.300297,POINT (-97.689763 30.300297)
5457,,-97.6893605,30.2996885,POINT (-97.6893605 30.2996885)
5458,,-97.6902771,30.3009099,POINT (-97.6902771 30.3009099)
5459,,-97.6864899,30.3009176,POINT (-97.6864899 30.3009176)
5460,,-97.686587,30.301712,POINT (-97.686587 30.301712)
5461,,-97.6860687,30.3002798,POINT (-97.6860687 30.3002798)
5462,,-97.728986,30.363163,POINT (-97.728986 30.363163)
5463,,-97.734154,30.366122,POINT (-97.734154 30.366122)
5464,,-97.8323371,30.283847,POINT (-97.8323371 30.283847)
5465,,-97.8335367,30.2842008,POINT (-97.8335367 30.2842008)
5466,,-97.838817,30.2008819,POINT (-97.838817 30.2008819)
5467,,-97.8387,30.2008243,POINT (-97.8387 30.2008243)
5468,,-97.8397482,30.2013598,POINT (-97.8397482 30.2013598)
5469,,-97.8401705,30.1986908,POINT (-97.8401705 30.1986908)
5470,,-97.8405253,30.2017582,POINT (-97.8405253 30.2017582)
5471,,-97.850479,30.2048044,POINT (-97.850479 30.2048044)
5472,,-97.7441936,30.2823614,POINT (-97.7441936 30.2823614)
5473,,-97.7447998,30.2825355,POINT (-97.7447998 30.2825355)
5474,,-97.7723574,30.4307344,POINT (-97.7723574 30.4307344)
5475,,-97.7439369,30.2851462,POINT (-97.7439369 30.2851462)
5476,,-97.744047,30.283955,POINT (-97.744047 30.283955)
5477,,-97.7285754,30.2980795,POINT (-97.7285754 30.2980795)
5478,,-97.7506658,30.325142,POINT (-97.7506658 30.325142)
5479,,-97.7502414,30.3258472,POINT (-97.7502414 30.3258472)
5480,,-97.743794,30.2866047,POINT (-97.743794 30.2866047)
5481,,-97.7174935,30.2616433,POINT (-97.7174935 30.2616433)
5482,,-97.7261254,30.2639658,POINT (-97.7261254 30.2639658)
5483,,-97.7335086,30.2675058,POINT (-97.7335086 30.2675058)
5484,,-97.7334232,30.267736,POINT (-97.7334232 30.267736)
5485,,-97.7343429,30.2677445,POINT (-97.7343429 30.2677445)
5486,,-97.7346862,30.2668269,POINT (-97.7346862 30.2668269)
5487,,-97.7407993,30.2695447,POINT (-97.7407993 30.2695447)
5488,,-97.7400551,30.2683251,POINT (-97.7400551 30.2683251)
5489,,-97.843239,30.2809837,POINT (-97.843239 30.2809837)
5490,,-97.677764,30.3237012,POINT (-97.677764 30.3237012)
5491,,-97.6768203,30.3240078,POINT (-97.6768203 30.3240078)
5492,,-97.7692148,30.3241269,POINT (-97.7692148 30.3241269)
5493,,-97.7447441,30.2872079,POINT (-97.7447441 30.2872079)
5494,,-97.8134843,30.1914699,POINT (-97.8134843 30.1914699)
5495,,-97.7241073,30.4127559,POINT (-97.7241073 30.4127559)
5496,,-97.724998,30.4131635,POINT (-97.724998 30.4131635)
5497,,-97.7233816,30.4124125,POINT (-97.7233816 30.4124125)
5498,,-97.8848432,30.2093528,POINT (-97.8848432 30.2093528)
5499,,-97.885801,30.210245,POINT (-97.885801 30.210245)
5500,,-97.8840441,30.2089684,POINT (-97.8840441 30.2089684)
5501,,-97.7293414,30.3091099,POINT (-97.7293414 30.3091099)
5502,,-97.7302104,30.3095317,POINT (-97.7302104 30.3095317)
5503,,-97.7311307,30.3099784,POINT (-97.7311307 30.3099784)
5504,,-97.740595,30.3149112,POINT (-97.740595 30.3149112)
5505,,-97.7416328,30.315354,POINT (-97.7416328 30.315354)
5506,,-97.7414078,30.3156837,POINT (-97.7414078 30.3156837)
5507,,-97.7410757,30.3151366,POINT (-97.7410757 30.3151366)
5508,,-97.7418683,30.3147098,POINT (-97.7418683 30.3147098)
5509,,-97.7453451,30.3187176,POINT (-97.7453451 30.3187176)
5510,,-97.7479167,30.3123724,POINT (-97.7479167 30.3123724)
5511,,-97.7543058,30.3209762,POINT (-97.7543058 30.3209762)
5512,,-97.7536162,30.3202519,POINT (-97.7536162 30.3202519)
5513,,-97.7974445,30.377788,POINT (-97.7974445 30.377788)
5514,,-97.7958633,30.3775173,POINT (-97.7958633 30.3775173)
5515,,-97.8234539,30.2359092,POINT (-97.8234539 30.2359092)
5516,,-97.8226837,30.2363218,POINT (-97.8226837 30.2363218)
5517,,-97.8250384,30.2364527,POINT (-97.8250384 30.2364527)
5518,,-97.8254812,30.236592,POINT (-97.8254812 30.236592)
5519,,-97.8311205,30.2370202,POINT (-97.8311205 30.2370202)
5520,,-97.8321324,30.2370163,POINT (-97.8321324 30.2370163)
5521,,-97.854016,30.2356125,POINT (-97.854016 30.2356125)
5522,,-97.855535,30.235585,POINT (-97.855535 30.235585)
5523,,-97.8571625,30.2355123,POINT (-97.8571625 30.2355123)
5524,,-97.8515841,30.2350684,POINT (-97.8515841 30.2350684)
5525,,-97.8404255,30.2361628,POINT (-97.8404255 30.2361628)
5526,,-97.8388431,30.236142,POINT (-97.8388431 30.236142)
5527,,-97.8337998,30.2361236,POINT (-97.8337998 30.2361236)
5528,,-97.8245481,30.2352503,POINT (-97.8245481 30.2352503)
5529,,-97.8289195,30.2358523,POINT (-97.8289195 30.2358523)
5530,,-97.8262741,30.2353452,POINT (-97.8262741 30.2353452)
5531,,-97.6834346,30.321759,POINT (-97.6834346 30.321759)
5532,,-97.681751,30.3223118,POINT (-97.681751 30.3223118)
5533,,-97.7705484,30.27715,POINT (-97.7705484 30.27715)
5534,,-97.7123035,30.3701468,POINT (-97.7123035 30.3701468)
5535,,-97.6846335,30.2969302,POINT (-97.6846335 30.2969302)
5536,,-97.6825559,30.2958725,POINT (-97.6825559 30.2958725)
5537,,-97.8503865,30.214549,POINT (-97.8503865 30.214549)
5538,,-97.8490482,30.2157982,POINT (-97.8490482 30.2157982)
5539,,-97.7017894,30.3257743,POINT (-97.7017894 30.3257743)
5540,,-97.7017144,30.3256992,POINT (-97.7017144 30.3256992)
5541,,-97.6981044,30.3239355,POINT (-97.6981044 30.3239355)
5542,,-97.8864051,30.1952203,POINT (-97.8864051 30.1952203)
5543,,-97.8849734,30.1940122,POINT (-97.8849734 30.1940122)
5544,,-97.7709548,30.3030061,POINT (-97.7709548 30.3030061)
5545,,-97.7944303,30.2527214,POINT (-97.7944303 30.2527214)
5546,,-97.7952471,30.2509401,POINT (-97.7952471 30.2509401)
5547,,-97.793009,30.2527613,POINT (-97.793009 30.2527613)
5548,,-97.7364376,30.2894398,POINT (-97.7364376 30.2894398)
5549,,-97.7346094,30.2892447,POINT (-97.7346094 30.2892447)
5550,,-97.7368166,30.2894653,POINT (-97.7368166 30.2894653)
5551,,-97.7345952,30.2893616,POINT (-97.7345952 30.2893616)
5552,,-97.7345472,30.289651,POINT (-97.7345472 30.289651)
5553,,-97.7332437,30.289258,POINT (-97.7332437 30.289258)
5554,,-97.7333262,30.2892648,POINT (-97.7333262 30.2892648)
5555,,-97.7297046,30.2889189,POINT (-97.7297046 30.2889189)
5556,,-97.7253784,30.2862727,POINT (-97.7253784 30.2862727)
5557,,-97.7237766,30.2858966,POINT (-97.7237766 30.2858966)
5558,,-97.7227697,30.2852161,POINT (-97.7227697 30.2852161)
5559,,-97.7205205,30.2840694,POINT (-97.7205205 30.2840694)
5560,,-97.7201834,30.2841224,POINT (-97.7201834 30.2841224)
5561,,-97.7208245,30.2840974,POINT (-97.7208245 30.2840974)
5562,,-97.7297771,30.2888351,POINT (-97.7297771 30.2888351)
5563,,-97.7292128,30.2883257,POINT (-97.7292128 30.2883257)
5564,,-97.7303108,30.2890563,POINT (-97.7303108 30.2890563)
5565,,-97.7333019,30.2891463,POINT (-97.7333019 30.2891463)
5566,,-97.8089854,30.2702287,POINT (-97.8089854 30.2702287)
5567,,-97.8107179,30.2708726,POINT (-97.8107179 30.2708726)
5568,,-97.807822,30.2704266,POINT (-97.807822 30.2704266)
5569,,-97.7050409,30.3586055,POINT (-97.7050409 30.3586055)
5570,,-97.7061388,30.357209,POINT (-97.7061388 30.357209)
5571,,-97.7098627,30.3594351,POINT (-97.7098627 30.3594351)
5572,,-97.7567887,30.3230259,POINT (-97.7567887 30.3230259)
5573,,-97.7568389,30.3226275,POINT (-97.7568389 30.3226275)
5574,,-97.6830996,30.2269099,POINT (-97.6830996 30.2269099)
5575,,-97.6832152,30.2254958,POINT (-97.6832152 30.2254958)
5576,,-97.6780245,30.2223302,POINT (-97.6780245 30.2223302)
5577,,-97.6773194,30.222729,POINT (-97.6773194 30.222729)
5578,,-97.6822759,30.2279832,POINT (-97.6822759 30.2279832)
5579,,-97.6816695,30.2229376,POINT (-97.6816695 30.2229376)
5580,,-97.6829575,30.2305802,POINT (-97.6829575 30.2305802)
5581,,-97.6658754,30.328093,POINT (-97.6658754 30.328093)
5582,,-97.6660677,30.3280622,POINT (-97.6660677 30.3280622)
5583,,-97.6671982,30.3300431,POINT (-97.6671982 30.3300431)
5584,,-97.662626,30.383218,POINT (-97.662626 30.383218)
5585,,-97.6625261,30.3838659,POINT (-97.6625261 30.3838659)
5586,,-97.6612252,30.3818714,POINT (-97.6612252 30.3818714)
5587,,-97.6673246,30.3299833,POINT (-97.6673246 30.3299833)
5588,,-97.7637643,30.2221964,POINT (-97.7637643 30.2221964)
5589,,-97.7571229,30.2190504,POINT (-97.7571229 30.2190504)
5590,,-97.7614775,30.2221089,POINT (-97.7614775 30.2221089)
5591,,-97.7631816,30.2231186,POINT (-97.7631816 30.2231186)
5592,,-97.7357292,30.2298381,POINT (-97.7357292 30.2298381)
5593,,-97.7357527,30.2299906,POINT (-97.7357527 30.2299906)
5594,,-97.735539,30.2286273,POINT (-97.735539 30.2286273)
5595,,-97.7955248,30.3770293,POINT (-97.7955248 30.3770293)
5596,,-97.6682119,30.3333509,POINT (-97.6682119 30.3333509)
5597,,-97.6682309,30.3334983,POINT (-97.6682309 30.3334983)
5598,,-97.761065,30.357165,POINT (-97.761065 30.357165)
5599,,-97.7644515,30.3587479,POINT (-97.7644515 30.3587479)
5600,,-97.775069,30.360968,POINT (-97.775069 30.360968)
5601,,-97.6734872,30.3360051,POINT (-97.6734872 30.3360051)
5602,,-97.6759891,30.3368671,POINT (-97.6759891 30.3368671)
5603,,-97.7779983,30.3606731,POINT (-97.7779983 30.3606731)
5604,,-97.7500461,30.3519517,POINT (-97.7500461 30.3519517)
5605,,-97.6694689,30.3354489,POINT (-97.6694689 30.3354489)
5606,,-97.6764783,30.3380821,POINT (-97.6764783 30.3380821)
5607,,-97.6778459,30.3434497,POINT (-97.6778459 30.3434497)
5608,,-97.7591624,30.3006034,POINT (-97.7591624 30.3006034)
5609,,-97.6784025,30.3440195,POINT (-97.6784025 30.3440195)
5610,,-97.843766,30.2747603,POINT (-97.843766 30.2747603)
5611,,-97.8438746,30.2754593,POINT (-97.8438746 30.2754593)
5612,,-97.782483,30.2170661,POINT (-97.782483 30.2170661)
5613,,-97.8804411,30.2370823,POINT (-97.8804411 30.2370823)
5614,,-97.8827764,30.2369822,POINT (-97.8827764 30.2369822)
5615,,-97.7936948,30.4598153,POINT (-97.7936948 30.4598153)
5616,,-97.7916838,30.4531153,POINT (-97.7916838 30.4531153)
5617,,-97.7197817,30.319849,POINT (-97.7197817 30.319849)
5618,,-97.7189865,30.3210326,POINT (-97.7189865 30.3210326)
5619,,-97.7204915,30.3187587,POINT (-97.7204915 30.3187587)
5620,,-97.843711,30.2792234,POINT (-97.843711 30.2792234)
5621,,-97.77256,30.2780972,POINT (-97.77256 30.2780972)
5622,,-97.799246,30.386834,POINT (-97.799246 30.386834)
5623,,-97.7992361,30.3873905,POINT (-97.7992361 30.3873905)
5624,,-97.6446165,30.2986073,POINT (-97.6446165 30.2986073)
5625,,-97.6586186,30.3859447,POINT (-97.6586186 30.3859447)
5626,,-97.7573825,30.195687,POINT (-97.7573825 30.195687)
5627,,-97.756794,30.1961642,POINT (-97.756794 30.1961642)
5628,,-97.7309337,30.299288,POINT (-97.7309337 30.299288)
5629,,-97.7315843,30.2995946,POINT (-97.7315843 30.2995946)
5630,,-97.6881571,30.3122829,POINT (-97.6881571 30.3122829)
5631,,-97.6877881,30.3123232,POINT (-97.6877881 30.3123232)
5632,,-97.6881492,30.3123692,POINT (-97.6881492 30.3123692)
5633,,-97.687141,30.312356,POINT (-97.687141 30.312356)
5634,,-97.685502,30.3119531,POINT (-97.685502 30.3119531)
5635,,-97.685095,30.312025,POINT (-97.685095 30.312025)
5636,,-97.685303,30.3116454,POINT (-97.685303 30.3116454)
5637,,-97.730008,30.368948,POINT (-97.730008 30.368948)
5638,,-97.730837,30.368871,POINT (-97.730837 30.368871)
5639,,-97.7276569,30.3682877,POINT (-97.7276569 30.3682877)
5640,,-97.728425,30.359809,POINT (-97.728425 30.359809)
5641,,-97.7298128,30.3600446,POINT (-97.7298128 30.3600446)
5642,,-97.727489,30.35973,POINT (-97.727489 30.35973)
5643,,-97.7995725,30.3880873,POINT (-97.7995725 30.3880873)
5644,,-97.8372115,30.4299501,POINT (-97.8372115 30.4299501)
5645,,-97.647857,30.289049,POINT (-97.647857 30.289049)
5646,,-97.6475553,30.2902957,POINT (-97.6475553 30.2902957)
5647,,-97.647845,30.288196,POINT (-97.647845 30.288196)
5648,,-97.6467037,30.2912908,POINT (-97.6467037 30.2912908)
5649,,-97.64596,30.2918251,POINT (-97.64596 30.2918251)
5650,,-97.6301082,30.2923408,POINT (-97.6301082 30.2923408)
5651,,-97.622838,30.29926,POINT (-97.622838 30.29926)
5652,,-97.6217389,30.3009231,POINT (-97.6217389 30.3009231)
5653,,-97.8043491,30.2023289,POINT (-97.8043491 30.2023289)
5654,,-97.8056006,30.2027603,POINT (-97.8056006 30.2027603)
5655,,-97.8251018,30.2432871,POINT (-97.8251018 30.2432871)
5656,,-97.8258851,30.2429395,POINT (-97.8258851 30.2429395)
5657,,-97.8244548,30.2436593,POINT (-97.8244548 30.2436593)
5658,,-97.7768262,30.2147943,POINT (-97.7768262 30.2147943)
5659,,-97.7785013,30.2128839,POINT (-97.7785013 30.2128839)
5660,,-97.7760201,30.2160936,POINT (-97.7760201 30.2160936)
5661,,-97.7603702,30.3330409,POINT (-97.7603702 30.3330409)
5662,,-97.759786,30.333866,POINT (-97.759786 30.333866)
5663,,-97.7509689,30.3476193,POINT (-97.7509689 30.3476193)
5664,,-97.7511445,30.3472451,POINT (-97.7511445 30.3472451)
5665,,-97.7514858,30.3478389,POINT (-97.7514858 30.3478389)
5666,,-97.71714,30.2676499,POINT (-97.71714 30.2676499)
5667,,-97.7172272,30.2680652,POINT (-97.7172272 30.2680652)
5668,,-97.7173318,30.2685636,POINT (-97.7173318 30.2685636)
5669,,-97.717621,30.2699409,POINT (-97.717621 30.2699409)
5670,,-97.7180488,30.269874,POINT (-97.7180488 30.269874)
5671,,-97.831241,30.1851304,POINT (-97.831241 30.1851304)
5672,,-97.825526,30.4407238,POINT (-97.825526 30.4407238)
5673,,-97.8256333,30.4407215,POINT (-97.8256333 30.4407215)
5674,,-97.828138,30.1883712,POINT (-97.828138 30.1883712)
5675,,-97.6333984,30.3991002,POINT (-97.6333984 30.3991002)
5676,,-97.6350782,30.4020353,POINT (-97.6350782 30.4020353)
5677,,-97.8274792,30.1880526,POINT (-97.8274792 30.1880526)
5678,,-97.724298,30.287927,POINT (-97.724298 30.287927)
5679,,-97.7248554,30.2870773,POINT (-97.7248554 30.2870773)
5680,,-97.723692,30.2880307,POINT (-97.723692 30.2880307)
5681,,-97.8773956,30.2410371,POINT (-97.8773956 30.2410371)
5682,,-97.668311,30.443507,POINT (-97.668311 30.443507)
5683,,-97.6691433,30.4411235,POINT (-97.6691433 30.4411235)
5684,,-97.8266917,30.1909291,POINT (-97.8266917 30.1909291)
5685,,-97.8292976,30.1906461,POINT (-97.8292976 30.1906461)
5686,,-97.8875589,30.2381447,POINT (-97.8875589 30.2381447)
5687,,-97.8889738,30.2384406,POINT (-97.8889738 30.2384406)
5688,,-97.8903185,30.2386609,POINT (-97.8903185 30.2386609)
5689,,-97.8943541,30.236891,POINT (-97.8943541 30.236891)
5690,,-97.8951671,30.2364872,POINT (-97.8951671 30.2364872)
5691,,-97.7276157,30.3285426,POINT (-97.7276157 30.3285426)
5692,,-97.7299443,30.3556972,POINT (-97.7299443 30.3556972)
5693,,-97.726983,30.3542775,POINT (-97.726983 30.3542775)
5694,,-97.7308949,30.356156,POINT (-97.7308949 30.356156)
5695,,-97.8812301,30.2083465,POINT (-97.8812301 30.2083465)
5696,,-97.8824302,30.2083654,POINT (-97.8824302 30.2083654)
5697,,-97.6970479,30.3996566,POINT (-97.6970479 30.3996566)
5698,,-97.6977279,30.4006346,POINT (-97.6977279 30.4006346)
5699,,-97.6962166,30.3989906,POINT (-97.6962166 30.3989906)
5700,,-97.8499326,30.4117529,POINT (-97.8499326 30.4117529)
5701,,-97.8512046,30.409229,POINT (-97.8512046 30.409229)
5702,,-97.8496241,30.4123275,POINT (-97.8496241 30.4123275)
5703,,-97.7348482,30.224121,POINT (-97.7348482 30.224121)
5704,,-97.7347513,30.22356,POINT (-97.7347513 30.22356)
5705,,-97.735008,30.2251227,POINT (-97.735008 30.2251227)
5706,,-97.7050262,30.344021,POINT (-97.7050262 30.344021)
5707,,-97.7051638,30.3441028,POINT (-97.7051638 30.3441028)
5708,,-97.7046143,30.3447845,POINT (-97.7046143 30.3447845)
5709,,-97.702756,30.341141,POINT (-97.702756 30.341141)
5710,,-97.7023075,30.340583,POINT (-97.7023075 30.340583)
5711,,-97.7053459,30.3436892,POINT (-97.7053459 30.3436892)
5712,,-97.7049994,30.3434445,POINT (-97.7049994 30.3434445)
5713,,-97.6868677,30.3328963,POINT (-97.6868677 30.3328963)
5714,,-97.697222,30.3374673,POINT (-97.697222 30.3374673)
5715,,-97.6895314,30.3337908,POINT (-97.6895314 30.3337908)
5716,,-97.6930264,30.3351189,POINT (-97.6930264 30.3351189)
5717,,-97.8152321,30.2405529,POINT (-97.8152321 30.2405529)
5718,,-97.7019819,30.3706578,POINT (-97.7019819 30.3706578)
5719,,-97.7032079,30.3721263,POINT (-97.7032079 30.3721263)
5720,,-97.7003966,30.369561,POINT (-97.7003966 30.369561)
5721,,-97.7113028,30.270997,POINT (-97.7113028 30.270997)
5722,,-97.7107071,30.2711104,POINT (-97.7107071 30.2711104)
5723,,-97.7130497,30.2706828,POINT (-97.7130497 30.2706828)
5724,,-97.7100076,30.2717498,POINT (-97.7100076 30.2717498)
5725,,-97.7275038,30.2711775,POINT (-97.7275038 30.2711775)
5726,,-97.7275289,30.2713003,POINT (-97.7275289 30.2713003)
5727,,-97.7274078,30.2707066,POINT (-97.7274078 30.2707066)
5728,,-97.7236461,30.2717946,POINT (-97.7236461 30.2717946)
5729,,-97.7237963,30.2715073,POINT (-97.7237963 30.2715073)
5730,,-97.7236387,30.2721535,POINT (-97.7236387 30.2721535)
5731,,-97.7168485,30.2867647,POINT (-97.7168485 30.2867647)
5732,,-97.716037,30.288001,POINT (-97.716037 30.288001)
5733,,-97.7135852,30.291752,POINT (-97.7135852 30.291752)
5734,,-97.7128201,30.2913855,POINT (-97.7128201 30.2913855)
5735,,-97.8179637,30.2388594,POINT (-97.8179637 30.2388594)
5736,,-97.7801265,30.2582819,POINT (-97.7801265 30.2582819)
5737,,-97.7791804,30.258941,POINT (-97.7791804 30.258941)
5738,,-97.7813237,30.2573943,POINT (-97.7813237 30.2573943)
5739,,-97.776371,30.255599,POINT (-97.776371 30.255599)
5740,,-97.7748751,30.2569782,POINT (-97.7748751 30.2569782)
5741,,-97.8023555,30.2564216,POINT (-97.8023555 30.2564216)
5742,,-97.6609731,30.3823319,POINT (-97.6609731 30.3823319)
5743,,-97.6605359,30.3830214,POINT (-97.6605359 30.3830214)
5744,,-97.804381,30.1856527,POINT (-97.804381 30.1856527)
5745,,-97.7211983,30.322885,POINT (-97.7211983 30.322885)
5746,,-97.7219836,30.3229871,POINT (-97.7219836 30.3229871)
5747,,-97.7272616,30.3268445,POINT (-97.7272616 30.3268445)
5748,,-97.7273725,30.3277213,POINT (-97.7273725 30.3277213)
5749,,-97.7274084,30.3280038,POINT (-97.7274084 30.3280038)
5750,,-97.731105,30.3316737,POINT (-97.731105 30.3316737)
5751,,-97.7327794,30.3289991,POINT (-97.7327794 30.3289991)
5752,,-97.7402061,30.3348967,POINT (-97.7402061 30.3348967)
5753,,-97.7985365,30.4383676,POINT (-97.7985365 30.4383676)
5754,,-97.8001629,30.4348142,POINT (-97.8001629 30.4348142)
5755,,-97.7950068,30.4622199,POINT (-97.7950068 30.4622199)
5756,,-97.7947188,30.4615284,POINT (-97.7947188 30.4615284)
5757,,-97.8156091,30.2412119,POINT (-97.8156091 30.2412119)
5758,,-97.6950222,30.3978937,POINT (-97.6950222 30.3978937)
5759,,-97.69843,30.4011198,POINT (-97.69843 30.4011198)
5760,,-97.7003156,30.4030559,POINT (-97.7003156 30.4030559)
5761,,-97.7269245,30.2684456,POINT (-97.7269245 30.2684456)
5762,,-97.7277721,30.2725129,POINT (-97.7277721 30.2725129)
5763,,-97.7193751,30.2947593,POINT (-97.7193751 30.2947593)
5764,,-97.8231381,30.2379208,POINT (-97.8231381 30.2379208)
5765,,-97.7962904,30.1856197,POINT (-97.7962904 30.1856197)
5766,,-97.735492,30.36402,POINT (-97.735492 30.36402)
5767,,-97.736408,30.362598,POINT (-97.736408 30.362598)
5768,,-97.7350617,30.364671,POINT (-97.7350617 30.364671)
5769,,-97.7389838,30.2294487,POINT (-97.7389838 30.2294487)
5770,,-97.738271,30.2302193,POINT (-97.738271 30.2302193)
5771,,-97.7396559,30.2287207,POINT (-97.7396559 30.2287207)
5772,,-97.6858396,30.2808697,POINT (-97.6858396 30.2808697)
5773,,-97.715635,30.4215331,POINT (-97.715635 30.4215331)
5774,,-97.7897191,30.1606297,POINT (-97.7897191 30.1606297)
5775,,-97.7444741,30.2899718,POINT (-97.7444741 30.2899718)
5776,,-97.749453,30.2353961,POINT (-97.749453 30.2353961)
5777,,-97.7500363,30.2340225,POINT (-97.7500363 30.2340225)
5778,,-97.8426699,30.4288574,POINT (-97.8426699 30.4288574)
5779,,-97.8427218,30.4287014,POINT (-97.8427218 30.4287014)
5780,,-97.8414579,30.4323621,POINT (-97.8414579 30.4323621)
5781,,-97.8389392,30.4286851,POINT (-97.8389392 30.4286851)
5782,,-97.8414554,30.4285178,POINT (-97.8414554 30.4285178)
5783,,-97.8373395,30.4298556,POINT (-97.8373395 30.4298556)
5784,,-97.8223635,30.4394021,POINT (-97.8223635 30.4394021)
5785,,-97.8227975,30.4399861,POINT (-97.8227975 30.4399861)
5786,,-97.8246697,30.4406798,POINT (-97.8246697 30.4406798)
5787,,-97.824895,30.4406752,POINT (-97.824895 30.4406752)
5788,,-97.830018,30.4421806,POINT (-97.830018 30.4421806)
5789,,-97.8331482,30.4434424,POINT (-97.8331482 30.4434424)
5790,,-97.7077875,30.4435748,POINT (-97.7077875 30.4435748)
5791,,-97.7044206,30.442198,POINT (-97.7044206 30.442198)
5792,,-97.689019,30.330177,POINT (-97.689019 30.330177)
5793,,-97.7564604,30.2918176,POINT (-97.7564604 30.2918176)
5794,,-97.7568207,30.2911169,POINT (-97.7568207 30.2911169)
5795,,-97.7483452,30.3629783,POINT (-97.7483452 30.3629783)
5796,,-97.7479459,30.362441,POINT (-97.7479459 30.362441)
5797,,-97.749167,30.3636994,POINT (-97.749167 30.3636994)
5798,,-97.7130501,30.3705362,POINT (-97.7130501 30.3705362)
5799,,-97.7141078,30.3713214,POINT (-97.7141078 30.3713214)
5800,,-97.7460172,30.3308668,POINT (-97.7460172 30.3308668)
5801,,-97.7465147,30.3316215,POINT (-97.7465147 30.3316215)
5802,,-97.687273,30.3311918,POINT (-97.687273 30.3311918)
5803,,-97.6858296,30.1888174,POINT (-97.6858296 30.1888174)
5804,,-97.68478,30.19338,POINT (-97.68478 30.19338)
5805,,-97.6875162,30.1828409,POINT (-97.6875162 30.1828409)
5806,,-97.6877673,30.1829415,POINT (-97.6877673 30.1829415)
5807,,-97.6867329,30.1856198,POINT (-97.6867329 30.1856198)
5808,,-97.6858941,30.1814183,POINT (-97.6858941 30.1814183)
5809,,-97.8014734,30.1701078,POINT (-97.8014734 30.1701078)
5810,,-97.8013401,30.1700884,POINT (-97.8013401 30.1700884)
5811,,-97.8014868,30.1685548,POINT (-97.8014868 30.1685548)
5812,,-97.8014171,30.1671852,POINT (-97.8014171 30.1671852)
5813,,-97.8012822,30.1671988,POINT (-97.8012822 30.1671988)
5814,,-97.8011408,30.1654527,POINT (-97.8011408 30.1654527)
5815,,-97.8005318,30.161211,POINT (-97.8005318 30.161211)
5816,,-97.8003934,30.1611914,POINT (-97.8003934 30.1611914)
5817,,-97.8003811,30.1574922,POINT (-97.8003811 30.1574922)
5818,,-97.7869763,30.1984818,POINT (-97.7869763 30.1984818)
5819,,-97.7878688,30.1970564,POINT (-97.7878688 30.1970564)
5820,,-97.7897154,30.1980037,POINT (-97.7897154 30.1980037)
5821,,-97.7904096,30.1920513,POINT (-97.7904096 30.1920513)
5822,,-97.7493318,30.259733,POINT (-97.7493318 30.259733)
5823,,-97.7495441,30.2601282,POINT (-97.7495441 30.2601282)
5824,,-97.7484583,30.2586562,POINT (-97.7484583 30.2586562)
5825,,-97.7500751,30.2584135,POINT (-97.7500751 30.2584135)
5826,,-97.7532205,30.2533457,POINT (-97.7532205 30.2533457)
5827,,-97.7522437,30.2591266,POINT (-97.7522437 30.2591266)
5828,,-97.7543104,30.2515498,POINT (-97.7543104 30.2515498)
5829,,-97.7546776,30.2506709,POINT (-97.7546776 30.2506709)
5830,,-97.7521852,30.2495288,POINT (-97.7521852 30.2495288)
5831,,-97.75321,30.2467341,POINT (-97.75321 30.2467341)
5832,,-97.757177,30.2478668,POINT (-97.757177 30.2478668)
5833,,-97.7630611,30.236719,POINT (-97.7630611 30.236719)
5834,,-97.8035759,30.2482076,POINT (-97.8035759 30.2482076)
5835,,-97.8026503,30.2499328,POINT (-97.8026503 30.2499328)
5836,,-97.7635153,30.2359913,POINT (-97.7635153 30.2359913)
5837,,-97.7638301,30.2355106,POINT (-97.7638301 30.2355106)
5838,,-97.7639665,30.2352934,POINT (-97.7639665 30.2352934)
5839,,-97.7639059,30.2314264,POINT (-97.7639059 30.2314264)
5840,,-97.7673048,30.2299622,POINT (-97.7673048 30.2299622)
5841,,-97.7676413,30.2294278,POINT (-97.7676413 30.2294278)
5842,,-97.7680846,30.2287316,POINT (-97.7680846 30.2287316)
5843,,-97.770882,30.224267,POINT (-97.770882 30.224267)
5844,,-97.7747847,30.2180526,POINT (-97.7747847 30.2180526)
5845,,-97.6859103,30.3000977,POINT (-97.6859103 30.3000977)
5846,,-97.6856415,30.3004901,POINT (-97.6856415 30.3004901)
5847,,-97.687051,30.2981644,POINT (-97.687051 30.2981644)
5848,,-97.6865767,30.3000877,POINT (-97.6865767 30.3000877)
5849,,-97.6907785,30.3102581,POINT (-97.6907785 30.3102581)
5850,,-97.688841,30.3080187,POINT (-97.688841 30.3080187)
5851,,-97.690741,30.3104721,POINT (-97.690741 30.3104721)
5852,,-97.6911246,30.3132425,POINT (-97.6911246 30.3132425)
5853,,-97.8065653,30.2513874,POINT (-97.8065653 30.2513874)
5854,,-97.8066745,30.25108,POINT (-97.8066745 30.25108)
5855,,-97.730965,30.272017,POINT (-97.730965 30.272017)
5856,,-97.7314147,30.2719459,POINT (-97.7314147 30.2719459)
5857,,-97.7301541,30.2721453,POINT (-97.7301541 30.2721453)
5858,,-97.7562136,30.2185083,POINT (-97.7562136 30.2185083)
5859,,-97.7344655,30.3263425,POINT (-97.7344655 30.3263425)
5860,,-97.7438277,30.3646974,POINT (-97.7438277 30.3646974)
5861,,-97.6742164,30.2831684,POINT (-97.6742164 30.2831684)
5862,,-97.7009153,30.2572306,POINT (-97.7009153 30.2572306)
5863,,-97.7105957,30.2604093,POINT (-97.7105957 30.2604093)
5864,,-97.7554381,30.2564859,POINT (-97.7554381 30.2564859)
5865,,-97.7550479,30.2571124,POINT (-97.7550479 30.2571124)
5866,,-97.7207014,30.4068831,POINT (-97.7207014 30.4068831)
5867,,-97.7175854,30.4080575,POINT (-97.7175854 30.4080575)
5868,,-97.7442423,30.1970237,POINT (-97.7442423 30.1970237)
5869,,-97.7374445,30.1556827,POINT (-97.7374445 30.1556827)
5870,,-97.7197795,30.4071559,POINT (-97.7197795 30.4071559)
5871,,-97.7578921,30.2522199,POINT (-97.7578921 30.2522199)
5872,,-97.7394866,30.325825,POINT (-97.7394866 30.325825)
5873,,-97.7395931,30.3258325,POINT (-97.7395931 30.3258325)
5874,,-97.7382473,30.3252994,POINT (-97.7382473 30.3252994)
5875,,-97.6476882,30.287326,POINT (-97.6476882 30.287326)
5876,,-97.7954463,30.4650917,POINT (-97.7954463 30.4650917)
5877,,-97.7969931,30.4689199,POINT (-97.7969931 30.4689199)
5878,,-97.8312974,30.2364316,POINT (-97.8312974 30.2364316)
5879,,-97.8201604,30.2383038,POINT (-97.8201604 30.2383038)
5880,,-97.7358238,30.2304239,POINT (-97.7358238 30.2304239)
5881,,-97.7354178,30.2278341,POINT (-97.7354178 30.2278341)
5882,,-97.7346071,30.2226271,POINT (-97.7346071 30.2226271)
5883,,-97.734303,30.2166105,POINT (-97.734303 30.2166105)
5884,,-97.7302578,30.2121049,POINT (-97.7302578 30.2121049)
5885,,-97.7295579,30.2117697,POINT (-97.7295579 30.2117697)
5886,,-97.7335835,30.2138569,POINT (-97.7335835 30.2138569)
5887,,-97.7268373,30.2104669,POINT (-97.7268373 30.2104669)
5888,,-97.7254192,30.2097878,POINT (-97.7254192 30.2097878)
5889,,-97.70475,30.1974407,POINT (-97.70475 30.1974407)
5890,,-97.7014087,30.1946274,POINT (-97.7014087 30.1946274)
5891,,-97.6990457,30.1926253,POINT (-97.6990457 30.1926253)
5892,,-97.6984415,30.192062,POINT (-97.6984415 30.192062)
5893,,-97.6837703,30.1794033,POINT (-97.6837703 30.1794033)
5894,,-97.6705382,30.1731404,POINT (-97.6705382 30.1731404)
5895,,-97.6775948,30.1757824,POINT (-97.6775948 30.1757824)
5896,,-97.7830625,30.2915765,POINT (-97.7830625 30.2915765)
5897,,-97.7834469,30.2915789,POINT (-97.7834469 30.2915789)
5898,,-97.7829866,30.291438,POINT (-97.7829866 30.291438)
5899,,-97.7397354,30.3272492,POINT (-97.7397354 30.3272492)
5900,,-97.8176796,30.2402973,POINT (-97.8176796 30.2402973)
5901,,-97.726468,30.28462,POINT (-97.726468 30.28462)
5902,,-97.8832812,30.2086053,POINT (-97.8832812 30.2086053)
5903,,-97.8036485,30.1774366,POINT (-97.8036485 30.1774366)
5904,,-97.6910903,30.2375455,POINT (-97.6910903 30.2375455)
5905,,-97.6888984,30.2393208,POINT (-97.6888984 30.2393208)
5906,,-97.6970359,30.2295475,POINT (-97.6970359 30.2295475)
5907,,-97.6343604,30.2051333,POINT (-97.6343604 30.2051333)
5908,,-97.643697,30.298259,POINT (-97.643697 30.298259)
5909,,-97.6904976,30.4132787,POINT (-97.6904976 30.4132787)
5910,,-97.8568942,30.1526737,POINT (-97.8568942 30.1526737)
5911,,-97.8577751,30.1541887,POINT (-97.8577751 30.1541887)
5912,,-97.6681699,30.292704,POINT (-97.6681699 30.292704)
5913,,-97.6688697,30.2928106,POINT (-97.6688697 30.2928106)
5914,,-97.7339872,30.2686954,POINT (-97.7339872 30.2686954)
5915,,-97.7875994,30.4224732,POINT (-97.7875994 30.4224732)
5916,,-97.7518282,30.3668353,POINT (-97.7518282 30.3668353)
5917,,-97.7527652,30.3674767,POINT (-97.7527652 30.3674767)
5918,,-97.9053987,30.1849021,POINT (-97.9053987 30.1849021)
5919,,-97.762157,30.254926,POINT (-97.762157 30.254926)
5920,,-97.7342146,30.3439172,POINT (-97.7342146 30.3439172)
5921,,-97.7349043,30.3442557,POINT (-97.7349043 30.3442557)
5922,,-97.7260129,30.3538159,POINT (-97.7260129 30.3538159)
5923,,-97.7763021,30.261393,POINT (-97.7763021 30.261393)
5924,,-97.7771003,30.2611199,POINT (-97.7771003 30.2611199)
5925,,-97.6448683,30.3949717,POINT (-97.6448683 30.3949717)
5926,,-97.646824,30.395435,POINT (-97.646824 30.395435)
5927,,-97.779604,30.250847,POINT (-97.779604 30.250847)
5928,,-97.760125,30.287117,POINT (-97.760125 30.287117)
5929,,-97.725215,30.358031,POINT (-97.725215 30.358031)
5930,,-97.725814,30.358662,POINT (-97.725814 30.358662)
5931,,-97.724237,30.356578,POINT (-97.724237 30.356578)
5932,,-97.7301983,30.358616,POINT (-97.7301983 30.358616)
5933,,-97.734222,30.364264,POINT (-97.734222 30.364264)
5934,,-97.67295,30.3991743,POINT (-97.67295 30.3991743)
5935,,-97.6730186,30.3993264,POINT (-97.6730186 30.3993264)
5936,,-97.735848,30.365064,POINT (-97.735848 30.365064)
5937,,-97.7363088,30.3652825,POINT (-97.7363088 30.3652825)
5938,,-97.7374508,30.3714406,POINT (-97.7374508 30.3714406)
5939,,-97.6724778,30.3991425,POINT (-97.6724778 30.3991425)
5940,,-97.7404059,30.3621483,POINT (-97.7404059 30.3621483)
5941,,-97.7431422,30.3684856,POINT (-97.7431422 30.3684856)
5942,,-97.7432464,30.3679887,POINT (-97.7432464 30.3679887)
5943,,-97.6738891,30.3992206,POINT (-97.6738891 30.3992206)
5944,,-97.746735,30.370634,POINT (-97.746735 30.370634)
5945,,-97.6736583,30.3987531,POINT (-97.6736583 30.3987531)
5946,,-97.8464745,30.2076377,POINT (-97.8464745 30.2076377)
5947,,-97.8468001,30.2086175,POINT (-97.8468001 30.2086175)
5948,,-97.7362529,30.2537524,POINT (-97.7362529 30.2537524)
5949,,-97.7364542,30.2547983,POINT (-97.7364542 30.2547983)
5950,,-97.6750691,30.3996519,POINT (-97.6750691 30.3996519)
5951,,-97.6743256,30.399269,POINT (-97.6743256 30.399269)
5952,,-97.8104725,30.4290099,POINT (-97.8104725 30.4290099)
5953,,-97.7754394,30.4288863,POINT (-97.7754394 30.4288863)
5954,,-97.775698,30.42829,POINT (-97.775698 30.42829)
5955,,-97.7772876,30.4319375,POINT (-97.7772876 30.4319375)
5956,,-97.7764152,30.4322078,POINT (-97.7764152 30.4322078)
5957,,-97.7782988,30.4316242,POINT (-97.7782988 30.4316242)
5958,,-97.7462306,30.258921,POINT (-97.7462306 30.258921)
5959,,-97.747917,30.258127,POINT (-97.747917 30.258127)
5960,,-97.7557364,30.26034,POINT (-97.7557364 30.26034)
5961,,-97.7583484,30.2612124,POINT (-97.7583484 30.2612124)
5962,,-97.7580997,30.2607668,POINT (-97.7580997 30.2607668)
5963,,-97.7614459,30.2620449,POINT (-97.7614459 30.2620449)
5964,,-97.769759,30.2664957,POINT (-97.769759 30.2664957)
5965,,-97.7707338,30.2670724,POINT (-97.7707338 30.2670724)
5966,,-97.7688709,30.2660657,POINT (-97.7688709 30.2660657)
5967,,-97.7710193,30.2672377,POINT (-97.7710193 30.2672377)
5968,,-97.837143,30.2418535,POINT (-97.837143 30.2418535)
5969,,-97.8405907,30.2435743,POINT (-97.8405907 30.2435743)
5970,,-97.762,30.292883,POINT (-97.762 30.292883)
5971,,-97.8356278,30.2439216,POINT (-97.8356278 30.2439216)
5972,,-97.8362427,30.2444037,POINT (-97.8362427 30.2444037)
5973,,-97.8470775,30.2089395,POINT (-97.8470775 30.2089395)
5974,,-97.8489055,30.2093482,POINT (-97.8489055 30.2093482)
5975,,-97.7361653,30.2533749,POINT (-97.7361653 30.2533749)
5976,,-97.8328802,30.2431765,POINT (-97.8328802 30.2431765)
5977,,-97.682349,30.305034,POINT (-97.682349 30.305034)
5978,,-97.682875,30.305282,POINT (-97.682875 30.305282)
5979,,-97.7689067,30.2778741,POINT (-97.7689067 30.2778741)
5980,,-97.7364409,30.2780669,POINT (-97.7364409 30.2780669)
5981,,-97.7367641,30.2771711,POINT (-97.7367641 30.2771711)
5982,,-97.7359817,30.2524726,POINT (-97.7359817 30.2524726)
5983,,-97.7141676,30.4236469,POINT (-97.7141676 30.4236469)
5984,,-97.7182593,30.4233789,POINT (-97.7182593 30.4233789)
5985,,-97.7163455,30.420494,POINT (-97.7163455 30.420494)
5986,,-97.7197389,30.4234929,POINT (-97.7197389 30.4234929)
5987,,-97.7208572,30.4237424,POINT (-97.7208572 30.4237424)
5988,,-97.7218183,30.4239996,POINT (-97.7218183 30.4239996)
5989,,-97.722881,30.424289,POINT (-97.722881 30.424289)
5990,,-97.7228664,30.4285575,POINT (-97.7228664 30.4285575)
5991,,-97.7225085,30.4290845,POINT (-97.7225085 30.4290845)
5992,,-97.722388,30.4292615,POINT (-97.722388 30.4292615)
5993,,-97.7256481,30.4309758,POINT (-97.7256481 30.4309758)
5994,,-97.7366031,30.2543573,POINT (-97.7366031 30.2543573)
5995,,-97.6998599,30.3645414,POINT (-97.6998599 30.3645414)
5996,,-97.7016407,30.3653768,POINT (-97.7016407 30.3653768)
5997,,-97.7752146,30.2462832,POINT (-97.7752146 30.2462832)
5998,,-97.7691548,30.2192639,POINT (-97.7691548 30.2192639)
5999,,-97.7954718,30.3629679,POINT (-97.7954718 30.3629679)
6000,,-97.7955645,30.363081,POINT (-97.7955645 30.363081)
6001,,-97.7963389,30.4682623,POINT (-97.7963389 30.4682623)
6002,,-97.7354373,30.2500089,POINT (-97.7354373 30.2500089)
6003,,-97.736899,30.361824,POINT (-97.736899 30.361824)
6004,,-97.8498331,30.3656101,POINT (-97.8498331 30.3656101)
6005,,-97.8174576,30.2018432,POINT (-97.8174576 30.2018432)
6006,,-97.8164826,30.202528,POINT (-97.8164826 30.202528)
6007,,-97.7811614,30.2949055,POINT (-97.7811614 30.2949055)
6008,,-97.779966,30.294345,POINT (-97.779966 30.294345)
6009,,-97.635634,30.4022872,POINT (-97.635634 30.4022872)
6010,,-97.7561382,30.2641858,POINT (-97.7561382 30.2641858)
6011,,-97.7575949,30.2634883,POINT (-97.7575949 30.2634883)
6012,,-97.7353288,30.2483121,POINT (-97.7353288 30.2483121)
6013,,-97.7618805,30.2553963,POINT (-97.7618805 30.2553963)
6014,,-97.7854075,30.2413914,POINT (-97.7854075 30.2413914)
6015,,-97.7892893,30.2386623,POINT (-97.7892893 30.2386623)
6016,,-97.8068083,30.2326077,POINT (-97.8068083 30.2326077)
6017,,-97.795114,30.232792,POINT (-97.795114 30.232792)
6018,,-97.791491,30.236917,POINT (-97.791491 30.236917)
6019,,-97.7907662,30.2375706,POINT (-97.7907662 30.2375706)
6020,,-97.8005442,30.225265,POINT (-97.8005442 30.225265)
6021,,-97.7552388,30.1986404,POINT (-97.7552388 30.1986404)
6022,,-97.7548015,30.1993485,POINT (-97.7548015 30.1993485)
6023,,-97.7375446,30.3454009,POINT (-97.7375446 30.3454009)
6024,,-97.7367375,30.3450178,POINT (-97.7367375 30.3450178)
6025,,-97.7367873,30.3465911,POINT (-97.7367873 30.3465911)
6026,,-97.878568,30.2056808,POINT (-97.878568 30.2056808)
6027,,-97.8785735,30.2036692,POINT (-97.8785735 30.2036692)
6028,,-97.6963464,30.390228,POINT (-97.6963464 30.390228)
6029,,-97.7794456,30.4148162,POINT (-97.7794456 30.4148162)
6030,,-97.7793115,30.4158409,POINT (-97.7793115 30.4158409)
6031,,-97.6840016,30.1982341,POINT (-97.6840016 30.1982341)
6032,,-97.6850374,30.1934104,POINT (-97.6850374 30.1934104)
6033,,-97.6839832,30.1983475,POINT (-97.6839832 30.1983475)
6034,,-97.6834353,30.2099478,POINT (-97.6834353 30.2099478)
6035,,-97.6832253,30.2135532,POINT (-97.6832253 30.2135532)
6036,,-97.6835101,30.2015788,POINT (-97.6835101 30.2015788)
6037,,-97.6842679,30.1983829,POINT (-97.6842679 30.1983829)
6038,,-97.6884618,30.1988033,POINT (-97.6884618 30.1988033)
6039,,-97.6834356,30.2056438,POINT (-97.6834356 30.2056438)
6040,,-97.6862778,30.2092023,POINT (-97.6862778 30.2092023)
6041,,-97.7483894,30.311167,POINT (-97.7483894 30.311167)
6042,,-97.7443692,30.3211405,POINT (-97.7443692 30.3211405)
6043,,-97.7507379,30.2786048,POINT (-97.7507379 30.2786048)
6044,,-97.7490283,30.1961688,POINT (-97.7490283 30.1961688)
6045,,-97.7447275,30.3221808,POINT (-97.7447275 30.3221808)
6046,,-97.7452889,30.3257369,POINT (-97.7452889 30.3257369)
6047,,-97.7474363,30.3324261,POINT (-97.7474363 30.3324261)
6048,,-97.7410086,30.2337996,POINT (-97.7410086 30.2337996)
6049,,-97.7396538,30.235588,POINT (-97.7396538 30.235588)
6050,,-97.7484511,30.3396515,POINT (-97.7484511 30.3396515)
6051,,-97.7406041,30.3534572,POINT (-97.7406041 30.3534572)
6052,,-97.740539,30.353889,POINT (-97.740539 30.353889)
6053,,-97.7358523,30.3747846,POINT (-97.7358523 30.3747846)
6054,,-97.7500871,30.2803561,POINT (-97.7500871 30.2803561)
6055,,-97.7501463,30.2806756,POINT (-97.7501463 30.2806756)
6056,,-97.8503509,30.213016,POINT (-97.8503509 30.213016)
6057,,-97.8500548,30.2122885,POINT (-97.8500548 30.2122885)
6058,,-97.8497571,30.2115681,POINT (-97.8497571 30.2115681)
6059,,-97.8494595,30.2108399,POINT (-97.8494595 30.2108399)
6060,,-97.8491729,30.210113,POINT (-97.8491729 30.210113)
6061,,-97.8556367,30.2031116,POINT (-97.8556367 30.2031116)
6062,,-97.7538291,30.3299146,POINT (-97.7538291 30.3299146)
6063,,-97.6711748,30.4243394,POINT (-97.6711748 30.4243394)
6064,,-97.6718907,30.4245951,POINT (-97.6718907 30.4245951)
6065,,-97.6711115,30.4247459,POINT (-97.6711115 30.4247459)
6066,,-97.6992883,30.4404614,POINT (-97.6992883 30.4404614)
6067,,-97.6989563,30.4400267,POINT (-97.6989563 30.4400267)
6068,,-97.6988231,30.4403463,POINT (-97.6988231 30.4403463)
6069,,-97.6659342,30.4217451,POINT (-97.6659342 30.4217451)
6070,,-97.665839,30.4216988,POINT (-97.665839 30.4216988)
6071,,-97.6992387,30.4405801,POINT (-97.6992387 30.4405801)
6072,,-97.7001713,30.4407454,POINT (-97.7001713 30.4407454)
6073,,-97.6735777,30.3104737,POINT (-97.6735777 30.3104737)
6074,,-97.714392,30.3023383,POINT (-97.714392 30.3023383)
6075,,-97.7143283,30.3027509,POINT (-97.7143283 30.3027509)
6076,,-97.7016699,30.3652798,POINT (-97.7016699 30.3652798)
6077,,-97.7073067,30.3657297,POINT (-97.7073067 30.3657297)
6078,,-97.7067585,30.36661,POINT (-97.7067585 30.36661)
6079,,-97.7425309,30.3851058,POINT (-97.7425309 30.3851058)
6080,,-97.6644423,30.2856253,POINT (-97.6644423 30.2856253)
6081,,-97.664672,30.2860412,POINT (-97.664672 30.2860412)
6082,,-97.6647584,30.2856879,POINT (-97.6647584 30.2856879)
6083,,-97.6645286,30.2854671,POINT (-97.6645286 30.2854671)
6084,,-97.7776591,30.2336924,POINT (-97.7776591 30.2336924)
6085,,-97.7779317,30.2345853,POINT (-97.7779317 30.2345853)
6086,,-97.7554278,30.2720709,POINT (-97.7554278 30.2720709)
6087,,-97.7571396,30.2727195,POINT (-97.7571396 30.2727195)
6088,,-97.757971,30.2730346,POINT (-97.757971 30.2730346)
6089,,-97.7594452,30.2735932,POINT (-97.7594452 30.2735932)
6090,,-97.7602302,30.2738906,POINT (-97.7602302 30.2738906)
6091,,-97.7608105,30.2741105,POINT (-97.7608105 30.2741105)
6092,,-97.7609725,30.2741719,POINT (-97.7609725 30.2741719)
6093,,-97.7613822,30.2768118,POINT (-97.7613822 30.2768118)
6094,,-97.767067,30.2776357,POINT (-97.767067 30.2776357)
6095,,-97.7662654,30.2808849,POINT (-97.7662654 30.2808849)
6096,,-97.7355766,30.2619667,POINT (-97.7355766 30.2619667)
6097,,-97.7326181,30.2598894,POINT (-97.7326181 30.2598894)
6098,,-97.7286548,30.2585147,POINT (-97.7286548 30.2585147)
6099,,-97.742151,30.2627252,POINT (-97.742151 30.2627252)
6100,,-97.7520303,30.2494874,POINT (-97.7520303 30.2494874)
6101,,-97.7511146,30.2492424,POINT (-97.7511146 30.2492424)
6102,,-97.7521447,30.2464342,POINT (-97.7521447 30.2464342)
6103,,-97.740875,30.242971,POINT (-97.740875 30.242971)
6104,,-97.7318042,30.2400836,POINT (-97.7318042 30.2400836)
6105,,-97.6890645,30.3197791,POINT (-97.6890645 30.3197791)
6106,,-97.688296,30.320945,POINT (-97.688296 30.320945)
6107,,-97.710604,30.382761,POINT (-97.710604 30.382761)
6108,,-97.7097358,30.3822392,POINT (-97.7097358 30.3822392)
6109,,-97.7113813,30.38328,POINT (-97.7113813 30.38328)
6110,,-97.6888445,30.3208676,POINT (-97.6888445 30.3208676)
6111,,-97.8241745,30.2453269,POINT (-97.8241745 30.2453269)
6112,,-97.8275042,30.2425852,POINT (-97.8275042 30.2425852)
6113,,-97.7711827,30.4227157,POINT (-97.7711827 30.4227157)
6114,,-97.7714673,30.4311501,POINT (-97.7714673 30.4311501)
6115,,-97.769801,30.432023,POINT (-97.769801 30.432023)
6116,,-97.7691313,30.4326268,POINT (-97.7691313 30.4326268)
6117,,-97.7232717,30.3506986,POINT (-97.7232717 30.3506986)
6118,,-97.6860355,30.3213016,POINT (-97.6860355 30.3213016)
6119,,-97.7536599,30.280228,POINT (-97.7536599 30.280228)
6120,,-97.7562316,30.2894749,POINT (-97.7562316 30.2894749)
6121,,-97.7568327,30.2903224,POINT (-97.7568327 30.2903224)
6122,,-97.7542112,30.288923,POINT (-97.7542112 30.288923)
6123,,-97.7568948,30.2908009,POINT (-97.7568948 30.2908009)
6124,,-97.7570406,30.2905869,POINT (-97.7570406 30.2905869)
6125,,-97.7574757,30.2909661,POINT (-97.7574757 30.2909661)
6126,,-97.757739,30.29112,POINT (-97.757739 30.29112)
6127,,-97.757993,30.291249,POINT (-97.757993 30.291249)
6128,,-97.7585443,30.291504,POINT (-97.7585443 30.291504)
6129,,-97.7588227,30.2916412,POINT (-97.7588227 30.2916412)
6130,,-97.758689,30.2919793,POINT (-97.758689 30.2919793)
6131,,-97.7605368,30.2923868,POINT (-97.7605368 30.2923868)
6132,,-97.7606826,30.2924557,POINT (-97.7606826 30.2924557)
6133,,-97.7592576,30.291853,POINT (-97.7592576 30.291853)
6134,,-97.761272,30.292688,POINT (-97.761272 30.292688)
6135,,-97.7612493,30.29245,POINT (-97.7612493 30.29245)
6136,,-97.7610043,30.2925998,POINT (-97.7610043 30.2925998)
6137,,-97.6680774,30.3275934,POINT (-97.6680774 30.3275934)
6138,,-97.6708301,30.3265421,POINT (-97.6708301 30.3265421)
6139,,-97.6688335,30.3274049,POINT (-97.6688335 30.3274049)
6140,,-97.6081065,30.3349256,POINT (-97.6081065 30.3349256)
6141,,-97.8459745,30.2361651,POINT (-97.8459745 30.2361651)
6142,,-97.8425578,30.2361842,POINT (-97.8425578 30.2361842)
6143,,-97.840702,30.2364713,POINT (-97.840702 30.2364713)
6144,,-97.8659541,30.2338959,POINT (-97.8659541 30.2338959)
6145,,-97.8717112,30.2339699,POINT (-97.8717112 30.2339699)
6146,,-97.8647708,30.2338645,POINT (-97.8647708 30.2338645)
6147,,-97.8752638,30.2329845,POINT (-97.8752638 30.2329845)
6148,,-97.7793291,30.2353427,POINT (-97.7793291 30.2353427)
6149,,-97.7972339,30.4676707,POINT (-97.7972339 30.4676707)
6150,,-97.7644167,30.2834995,POINT (-97.7644167 30.2834995)
6151,,-97.7640811,30.284037,POINT (-97.7640811 30.284037)
6152,,-97.7650821,30.4324387,POINT (-97.7650821 30.4324387)
6153,,-97.7682363,30.4337468,POINT (-97.7682363 30.4337468)
6154,,-97.7683915,30.4341301,POINT (-97.7683915 30.4341301)
6155,,-97.7635596,30.4316943,POINT (-97.7635596 30.4316943)
6156,,-97.7616597,30.4307777,POINT (-97.7616597 30.4307777)
6157,,-97.7500808,30.4250802,POINT (-97.7500808 30.4250802)
6158,,-97.750637,30.425335,POINT (-97.750637 30.425335)
6159,,-97.7464707,30.4191421,POINT (-97.7464707 30.4191421)
6160,,-97.7473097,30.4190281,POINT (-97.7473097 30.4190281)
6161,,-97.746588,30.4197142,POINT (-97.746588 30.4197142)
6162,,-97.7452925,30.4128426,POINT (-97.7452925 30.4128426)
6163,,-97.7458103,30.4155687,POINT (-97.7458103 30.4155687)
6164,,-97.7450954,30.4041438,POINT (-97.7450954 30.4041438)
6165,,-97.7127047,30.3477843,POINT (-97.7127047 30.3477843)
6166,,-97.7101641,30.3463224,POINT (-97.7101641 30.3463224)
6167,,-97.715133,30.3547443,POINT (-97.715133 30.3547443)
6168,,-97.7137297,30.3490363,POINT (-97.7137297 30.3490363)
6169,,-97.6911825,30.3734276,POINT (-97.6911825 30.3734276)
6170,,-97.735222,30.378069,POINT (-97.735222 30.378069)
6171,,-97.739714,30.3809332,POINT (-97.739714 30.3809332)
6172,,-97.7472905,30.4189276,POINT (-97.7472905 30.4189276)
6173,,-97.7476562,30.4189836,POINT (-97.7476562 30.4189836)
6174,,-97.7469011,30.3944386,POINT (-97.7469011 30.3944386)
6175,,-97.7469155,30.394183,POINT (-97.7469155 30.394183)
6176,,-97.7473173,30.3941933,POINT (-97.7473173 30.3941933)
6177,,-97.7405924,30.3801868,POINT (-97.7405924 30.3801868)
6178,,-97.7406849,30.3826397,POINT (-97.7406849 30.3826397)
6179,,-97.6786903,30.3183076,POINT (-97.6786903 30.3183076)
6180,,-97.762576,30.285166,POINT (-97.762576 30.285166)
6181,,-97.7629813,30.2854511,POINT (-97.7629813 30.2854511)
6182,,-97.7624817,30.2850978,POINT (-97.7624817 30.2850978)
6183,,-97.6802675,30.4085343,POINT (-97.6802675 30.4085343)
6184,,-97.6822759,30.4093485,POINT (-97.6822759 30.4093485)
6185,,-97.7021577,30.4190758,POINT (-97.7021577 30.4190758)
6186,,-97.702255,30.4189646,POINT (-97.702255 30.4189646)
6187,,-97.7032322,30.419846,POINT (-97.7032322 30.419846)
6188,,-97.7050871,30.4209928,POINT (-97.7050871 30.4209928)
6189,,-97.7090527,30.4229886,POINT (-97.7090527 30.4229886)
6190,,-97.7135291,30.4248445,POINT (-97.7135291 30.4248445)
6191,,-97.713629,30.4246771,POINT (-97.713629 30.4246771)
6192,,-97.6787059,30.4078201,POINT (-97.6787059 30.4078201)
6193,,-97.6782472,30.4077672,POINT (-97.6782472 30.4077672)
6194,,-97.6783091,30.4073488,POINT (-97.6783091 30.4073488)
6195,,-97.6690335,30.4056048,POINT (-97.6690335 30.4056048)
6196,,-97.6730526,30.4074656,POINT (-97.6730526 30.4074656)
6197,,-97.6718575,30.4069125,POINT (-97.6718575 30.4069125)
6198,,-97.7785621,30.259541,POINT (-97.7785621 30.259541)
6199,,-97.777431,30.260903,POINT (-97.777431 30.260903)
6200,,-97.700196,30.376555,POINT (-97.700196 30.376555)
6201,,-97.7001709,30.3774427,POINT (-97.7001709 30.3774427)
6202,,-97.700992,30.3748898,POINT (-97.700992 30.3748898)
6203,,-97.7279093,30.3382294,POINT (-97.7279093 30.3382294)
6204,,-97.7862346,30.3721971,POINT (-97.7862346 30.3721971)
6205,,-97.7310717,30.2929537,POINT (-97.7310717 30.2929537)
6206,,-97.7037641,30.3728753,POINT (-97.7037641 30.3728753)
6207,,-97.7331676,30.2663674,POINT (-97.7331676 30.2663674)
6208,,-97.7156573,30.330357,POINT (-97.7156573 30.330357)
6209,,-97.7731645,30.2785235,POINT (-97.7731645 30.2785235)
6210,,-97.7746876,30.2801481,POINT (-97.7746876 30.2801481)
6211,,-97.838326,30.255107,POINT (-97.838326 30.255107)
6212,,-97.6758055,30.3782974,POINT (-97.6758055 30.3782974)
6213,,-97.676482,30.377125,POINT (-97.676482 30.377125)
6214,,-97.7649801,30.2826264,POINT (-97.7649801 30.2826264)
6215,,-97.8662816,30.2497273,POINT (-97.8662816 30.2497273)
6216,,-97.8662828,30.2499082,POINT (-97.8662828 30.2499082)
6217,,-97.8648401,30.2496914,POINT (-97.8648401 30.2496914)
6218,,-97.8665296,30.2497569,POINT (-97.8665296 30.2497569)
6219,,-97.7404009,30.2674008,POINT (-97.7404009 30.2674008)
6220,,-97.7382539,30.2731397,POINT (-97.7382539 30.2731397)
6221,,-97.7382082,30.2732618,POINT (-97.7382082 30.2732618)
6222,,-97.7370955,30.2763008,POINT (-97.7370955 30.2763008)
6223,,-97.7340302,30.2832016,POINT (-97.7340302 30.2832016)
6224,,-97.7344862,30.2900754,POINT (-97.7344862 30.2900754)
6225,,-97.7655506,30.2817705,POINT (-97.7655506 30.2817705)
6226,,-97.7990071,30.3818608,POINT (-97.7990071 30.3818608)
6227,,-97.8044243,30.1985666,POINT (-97.8044243 30.1985666)
6228,,-97.8381159,30.20198,POINT (-97.8381159 30.20198)
6229,,-97.767887,30.2786981,POINT (-97.767887 30.2786981)
6230,,-97.6716354,30.2839733,POINT (-97.6716354 30.2839733)
6231,,-97.6715132,30.2660085,POINT (-97.6715132 30.2660085)
6232,,-97.8017962,30.3946757,POINT (-97.8017962 30.3946757)
6233,,-97.8018648,30.39513,POINT (-97.8018648 30.39513)
6234,,-97.7529138,30.3294803,POINT (-97.7529138 30.3294803)
6235,,-97.7578157,30.2362071,POINT (-97.7578157 30.2362071)
6236,,-97.758488,30.236536,POINT (-97.758488 30.236536)
6237,,-97.756372,30.2355141,POINT (-97.756372 30.2355141)
6238,,-97.765892,30.2822539,POINT (-97.765892 30.2822539)
6239,,-97.82712,30.2426448,POINT (-97.82712 30.2426448)
6240,,-97.726028,30.283144,POINT (-97.726028 30.283144)
6241,,-97.7221363,30.2692236,POINT (-97.7221363 30.2692236)
6242,,-97.7192037,30.2393105,POINT (-97.7192037 30.2393105)
6243,,-97.7190459,30.2431815,POINT (-97.7190459 30.2431815)
6244,,-97.7524354,30.2149139,POINT (-97.7524354 30.2149139)
6245,,-97.721998,30.2349739,POINT (-97.721998 30.2349739)
6246,,-97.722868,30.2341405,POINT (-97.722868 30.2341405)
6247,,-97.7198405,30.2383268,POINT (-97.7198405 30.2383268)
6248,,-97.7235736,30.2337286,POINT (-97.7235736 30.2337286)
6249,,-97.710395,30.2712507,POINT (-97.710395 30.2712507)
6250,,-97.7240138,30.2351646,POINT (-97.7240138 30.2351646)
6251,,-97.7234738,30.233624,POINT (-97.7234738 30.233624)
6252,,-97.7244528,30.2328361,POINT (-97.7244528 30.2328361)
6253,,-97.7274035,30.3693066,POINT (-97.7274035 30.3693066)
6254,,-97.726834,30.371529,POINT (-97.726834 30.371529)
6255,,-97.725429,30.2312655,POINT (-97.725429 30.2312655)
6256,,-97.7541573,30.3678762,POINT (-97.7541573 30.3678762)
6257,,-97.7540894,30.3678118,POINT (-97.7540894 30.3678118)
6258,,-97.7569627,30.2076289,POINT (-97.7569627 30.2076289)
6259,,-97.7259038,30.2305475,POINT (-97.7259038 30.2305475)
6260,,-97.7357594,30.3865414,POINT (-97.7357594 30.3865414)
6261,,-97.7264385,30.229732,POINT (-97.7264385 30.229732)
6262,,-97.7262901,30.2296566,POINT (-97.7262901 30.2296566)
6263,,-97.9065742,30.1903393,POINT (-97.9065742 30.1903393)
6264,,-97.9065231,30.1902501,POINT (-97.9065231 30.1902501)
6265,,-97.9081344,30.1915875,POINT (-97.9081344 30.1915875)
6266,,-97.7522267,30.1721893,POINT (-97.7522267 30.1721893)
6267,,-97.9096859,30.1925964,POINT (-97.9096859 30.1925964)
6268,,-97.7494153,30.1760833,POINT (-97.7494153 30.1760833)
6269,,-97.7453965,30.28798,POINT (-97.7453965 30.28798)
6270,,-97.7439578,30.2954148,POINT (-97.7439578 30.2954148)
6271,,-97.7439438,30.2957274,POINT (-97.7439438 30.2957274)
6272,,-97.7469265,30.179154,POINT (-97.7469265 30.179154)
6273,,-97.7468554,30.1795795,POINT (-97.7468554 30.1795795)
6274,,-97.7464874,30.1793097,POINT (-97.7464874 30.1793097)
6275,,-97.7457456,30.1823535,POINT (-97.7457456 30.1823535)
6276,,-97.7452397,30.1831442,POINT (-97.7452397 30.1831442)
6277,,-97.7831539,30.1961811,POINT (-97.7831539 30.1961811)
6278,,-97.7829484,30.1954125,POINT (-97.7829484 30.1954125)
6279,,-97.7448551,30.1838435,POINT (-97.7448551 30.1838435)
6280,,-97.7449621,30.1844628,POINT (-97.7449621 30.1844628)
6281,,-97.7453472,30.183195,POINT (-97.7453472 30.183195)
6282,,-97.7365193,30.2558924,POINT (-97.7365193 30.2558924)
6283,,-97.7960394,30.4683558,POINT (-97.7960394 30.4683558)
6284,,-97.728991,30.281075,POINT (-97.728991 30.281075)
6285,,-97.73151,30.2757208,POINT (-97.73151 30.2757208)
6286,,-97.745894,30.1878303,POINT (-97.745894 30.1878303)
6287,,-97.6653382,30.3321542,POINT (-97.6653382 30.3321542)
6288,,-97.7569531,30.2825657,POINT (-97.7569531 30.2825657)
6289,,-97.7572354,30.2792832,POINT (-97.7572354 30.2792832)
6290,,-97.7577626,30.2795439,POINT (-97.7577626 30.2795439)
6291,,-97.7454597,30.1886512,POINT (-97.7454597 30.1886512)
6292,,-97.7324932,30.3135299,POINT (-97.7324932 30.3135299)
6293,,-97.7451898,30.189291,POINT (-97.7451898 30.189291)
6294,,-97.7447186,30.1908985,POINT (-97.7447186 30.1908985)
6295,,-97.7448419,30.1909165,POINT (-97.7448419 30.1909165)
6296,,-97.7301364,30.2794574,POINT (-97.7301364 30.2794574)
6297,,-97.744215,30.19081,POINT (-97.744215 30.19081)
6298,,-97.7586703,30.2799831,POINT (-97.7586703 30.2799831)
6299,,-97.7591267,30.2802086,POINT (-97.7591267 30.2802086)
6300,,-97.7581612,30.2797345,POINT (-97.7581612 30.2797345)
6301,,-97.7445633,30.19311,POINT (-97.7445633 30.19311)
6302,,-97.7446143,30.1939102,POINT (-97.7446143 30.1939102)
6303,,-97.9106989,30.1929796,POINT (-97.9106989 30.1929796)
6304,,-97.9049115,30.1967168,POINT (-97.9049115 30.1967168)
6305,,-97.8717122,30.2237578,POINT (-97.8717122 30.2237578)
6306,,-97.7234687,30.4119405,POINT (-97.7234687 30.4119405)
6307,,-97.723474,30.4118411,POINT (-97.723474 30.4118411)
6308,,-97.7247568,30.4118145,POINT (-97.7247568 30.4118145)
6309,,-97.7446977,30.1959429,POINT (-97.7446977 30.1959429)
6310,,-97.7441412,30.1969685,POINT (-97.7441412 30.1969685)
6311,,-97.7432251,30.1985054,POINT (-97.7432251 30.1985054)
6312,,-97.6620419,30.2110961,POINT (-97.6620419 30.2110961)
6313,,-97.73163,30.2752846,POINT (-97.73163 30.2752846)
6314,,-97.8499525,30.1832056,POINT (-97.8499525 30.1832056)
6315,,-97.8784339,30.2000153,POINT (-97.8784339 30.2000153)
6316,,-97.8818055,30.1951484,POINT (-97.8818055 30.1951484)
6317,,-97.8875314,30.19292,POINT (-97.8875314 30.19292)
6318,,-97.888307,30.192311,POINT (-97.888307 30.192311)
6319,,-97.8874391,30.1927983,POINT (-97.8874391 30.1927983)
6320,,-97.8776842,30.207563,POINT (-97.8776842 30.207563)
6321,,-97.8775125,30.2074935,POINT (-97.8775125 30.2074935)
6322,,-97.8769398,30.2092664,POINT (-97.8769398 30.2092664)
6323,,-97.742796,30.1991823,POINT (-97.742796 30.1991823)
6324,,-97.8759469,30.2145871,POINT (-97.8759469 30.2145871)
6325,,-97.876365,30.2131622,POINT (-97.876365 30.2131622)
6326,,-97.8644308,30.229977,POINT (-97.8644308 30.229977)
6327,,-97.8644949,30.2300608,POINT (-97.8644949 30.2300608)
6328,,-97.8913718,30.1900192,POINT (-97.8913718 30.1900192)
6329,,-97.8899322,30.1912111,POINT (-97.8899322 30.1912111)
6330,,-97.7421711,30.2008042,POINT (-97.7421711 30.2008042)
6331,,-97.7425068,30.1999942,POINT (-97.7425068 30.1999942)
6332,,-97.742903,30.1992324,POINT (-97.742903 30.1992324)
6333,,-97.7455917,30.4113652,POINT (-97.7455917 30.4113652)
6334,,-97.7421358,30.2015959,POINT (-97.7421358 30.2015959)
6335,,-97.7417975,30.2044527,POINT (-97.7417975 30.2044527)
6336,,-97.7269916,30.3491451,POINT (-97.7269916 30.3491451)
6337,,-97.7277525,30.3495229,POINT (-97.7277525 30.3495229)
6338,,-97.7784654,30.2349156,POINT (-97.7784654 30.2349156)
6339,,-97.7289744,30.2255288,POINT (-97.7289744 30.2255288)
6340,,-97.728422,30.2263874,POINT (-97.728422 30.2263874)
6341,,-97.7685522,30.2885022,POINT (-97.7685522 30.2885022)
6342,,-97.7673265,30.2877815,POINT (-97.7673265 30.2877815)
6343,,-97.7344775,30.1590532,POINT (-97.7344775 30.1590532)
6344,,-97.7832257,30.1946076,POINT (-97.7832257 30.1946076)
6345,,-97.6726763,30.3860944,POINT (-97.6726763 30.3860944)
6346,,-97.8437137,30.2801337,POINT (-97.8437137 30.2801337)
6347,,-97.7237152,30.2334502,POINT (-97.7237152 30.2334502)
6348,,-97.7232244,30.2334338,POINT (-97.7232244 30.2334338)
6349,,-97.7225147,30.234247,POINT (-97.7225147 30.234247)
6350,,-97.7450227,30.1849158,POINT (-97.7450227 30.1849158)
6351,,-97.811101,30.2717477,POINT (-97.811101 30.2717477)
6352,,-97.8111035,30.2724107,POINT (-97.8111035 30.2724107)
6353,,-97.8111092,30.2725663,POINT (-97.8111092 30.2725663)
6354,,-97.8112304,30.2730457,POINT (-97.8112304 30.2730457)
6355,,-97.8122543,30.2739928,POINT (-97.8122543 30.2739928)
6356,,-97.7489274,30.4233119,POINT (-97.7489274 30.4233119)
6357,,-97.7886864,30.3729653,POINT (-97.7886864 30.3729653)
6358,,-97.752,30.3290274,POINT (-97.752 30.3290274)
6359,,-97.8009428,30.4319393,POINT (-97.8009428 30.4319393)
6360,,-97.7532319,30.3134561,POINT (-97.7532319 30.3134561)
6361,,-97.7531688,30.3132499,POINT (-97.7531688 30.3132499)
6362,,-97.7471196,30.4211273,POINT (-97.7471196 30.4211273)
6363,,-97.7614082,30.2729619,POINT (-97.7614082 30.2729619)
6364,,-97.7608408,30.272726,POINT (-97.7608408 30.272726)
6365,,-97.7030116,30.3660297,POINT (-97.7030116 30.3660297)
6366,,-97.7043974,30.3709652,POINT (-97.7043974 30.3709652)
6367,,-97.7133261,30.3838756,POINT (-97.7133261 30.3838756)
6368,,-97.844185,30.257416,POINT (-97.844185 30.257416)
6369,,-97.7468809,30.3618225,POINT (-97.7468809 30.3618225)
6370,,-97.7550688,30.370308,POINT (-97.7550688 30.370308)
6371,,-97.7549157,30.3693816,POINT (-97.7549157 30.3693816)
6372,,-97.7552568,30.3702581,POINT (-97.7552568 30.3702581)
6373,,-97.7572303,30.3715734,POINT (-97.7572303 30.3715734)
6374,,-97.7551413,30.370039,POINT (-97.7551413 30.370039)
6375,,-97.7610184,30.3753803,POINT (-97.7610184 30.3753803)
6376,,-97.7601352,30.3749289,POINT (-97.7601352 30.3749289)
6377,,-97.7791702,30.431339,POINT (-97.7791702 30.431339)
6378,,-97.7800045,30.4309105,POINT (-97.7800045 30.4309105)
6379,,-97.7530036,30.4264976,POINT (-97.7530036 30.4264976)
6380,,-97.7830168,30.4282633,POINT (-97.7830168 30.4282633)
6381,,-97.788367,30.422365,POINT (-97.788367 30.422365)
6382,,-97.7876043,30.4223492,POINT (-97.7876043 30.4223492)
6383,,-97.7808591,30.4304062,POINT (-97.7808591 30.4304062)
6384,,-97.744041,30.3612042,POINT (-97.744041 30.3612042)
6385,,-97.7502159,30.3649898,POINT (-97.7502159 30.3649898)
6386,,-97.7497591,30.364276,POINT (-97.7497591 30.364276)
6387,,-97.7495612,30.3645974,POINT (-97.7495612 30.3645974)
6388,,-97.7530938,30.3669376,POINT (-97.7530938 30.3669376)
6389,,-97.7511733,30.3657555,POINT (-97.7511733 30.3657555)
6390,,-97.7397348,30.376782,POINT (-97.7397348 30.376782)
6391,,-97.7405968,30.3741617,POINT (-97.7405968 30.3741617)
6392,,-97.739191,30.3198427,POINT (-97.739191 30.3198427)
6393,,-97.7370612,30.3247356,POINT (-97.7370612 30.3247356)
6394,,-97.7308059,30.3325262,POINT (-97.7308059 30.3325262)
6395,,-97.7306547,30.3334497,POINT (-97.7306547 30.3334497)
6396,,-97.7303648,30.3342966,POINT (-97.7303648 30.3342966)
6397,,-97.7299056,30.3350618,POINT (-97.7299056 30.3350618)
6398,,-97.7259025,30.3413844,POINT (-97.7259025 30.3413844)
6399,,-97.723317,30.3514698,POINT (-97.723317 30.3514698)
6400,,-97.7250334,30.3533492,POINT (-97.7250334 30.3533492)
6401,,-97.7067912,30.3566808,POINT (-97.7067912 30.3566808)
6402,,-97.653892,30.3029289,POINT (-97.653892 30.3029289)
6403,,-97.817737,30.274138,POINT (-97.817737 30.274138)
6404,,-97.817845,30.2716585,POINT (-97.817845 30.2716585)
6405,,-97.766835,30.28325,POINT (-97.766835 30.28325)
6406,,-97.7424241,30.2743312,POINT (-97.7424241 30.2743312)
6407,,-97.7426901,30.2735777,POINT (-97.7426901 30.2735777)
6408,,-97.7055071,30.3692475,POINT (-97.7055071 30.3692475)
6409,,-97.7048253,30.3703077,POINT (-97.7048253 30.3703077)
6410,,-97.7062883,30.3696203,POINT (-97.7062883 30.3696203)
6411,,-97.7237285,30.3833531,POINT (-97.7237285 30.3833531)
6412,,-97.7240696,30.3834694,POINT (-97.7240696 30.3834694)
6413,,-97.7240113,30.3837447,POINT (-97.7240113 30.3837447)
6414,,-97.7868776,30.185801,POINT (-97.7868776 30.185801)
6415,,-97.8093269,30.428159,POINT (-97.8093269 30.428159)
6416,,-97.808556,30.4289568,POINT (-97.808556 30.4289568)
6417,,-97.805712,30.442377,POINT (-97.805712 30.442377)
6418,,-97.7108374,30.4098603,POINT (-97.7108374 30.4098603)
6419,,-97.7108142,30.4102252,POINT (-97.7108142 30.4102252)
6420,,-97.711039,30.41084,POINT (-97.711039 30.41084)
6421,,-97.7095244,30.4108224,POINT (-97.7095244 30.4108224)
6422,,-97.7326653,30.3001104,POINT (-97.7326653 30.3001104)
6423,,-97.7321121,30.2998441,POINT (-97.7321121 30.2998441)
6424,,-97.7202015,30.2943236,POINT (-97.7202015 30.2943236)
6425,,-97.721083,30.2929616,POINT (-97.721083 30.2929616)
6426,,-97.7064866,30.3074996,POINT (-97.7064866 30.3074996)
6427,,-97.7075203,30.3059969,POINT (-97.7075203 30.3059969)
6428,,-97.7028824,30.3057851,POINT (-97.7028824 30.3057851)
6429,,-97.707801,30.2756923,POINT (-97.707801 30.2756923)
6430,,-97.707525,30.2757321,POINT (-97.707525 30.2757321)
6431,,-97.7077985,30.2754953,POINT (-97.7077985 30.2754953)
6432,,-97.7081151,30.2756398,POINT (-97.7081151 30.2756398)
6433,,-97.759231,30.272076,POINT (-97.759231 30.272076)
6434,,-97.8823808,30.1871735,POINT (-97.8823808 30.1871735)
6435,,-97.8829209,30.186429,POINT (-97.8829209 30.186429)
6436,,-97.8383621,30.2040856,POINT (-97.8383621 30.2040856)
6437,,-97.8380567,30.2037084,POINT (-97.8380567 30.2037084)
6438,,-97.6908223,30.3169583,POINT (-97.6908223 30.3169583)
6439,,-97.6755972,30.3769411,POINT (-97.6755972 30.3769411)
6440,,-97.8310827,30.2127961,POINT (-97.8310827 30.2127961)
6441,,-97.8340668,30.2169407,POINT (-97.8340668 30.2169407)
6442,,-97.8351015,30.2183169,POINT (-97.8351015 30.2183169)
6443,,-97.7108595,30.3360694,POINT (-97.7108595 30.3360694)
6444,,-97.7885478,30.3728322,POINT (-97.7885478 30.3728322)
6445,,-97.7167582,30.3335955,POINT (-97.7167582 30.3335955)
6446,,-97.8452637,30.1907985,POINT (-97.8452637 30.1907985)
6447,,-97.8467012,30.1885377,POINT (-97.8467012 30.1885377)
6448,,-97.6938774,30.3118484,POINT (-97.6938774 30.3118484)
6449,,-97.6701218,30.3058122,POINT (-97.6701218 30.3058122)
6450,,-97.6697973,30.3067176,POINT (-97.6697973 30.3067176)
6451,,-97.6731849,30.3006319,POINT (-97.6731849 30.3006319)
6452,,-97.7486701,30.2522913,POINT (-97.7486701 30.2522913)
6453,,-97.747872,30.254527,POINT (-97.747872 30.254527)
6454,,-97.7487141,30.2521655,POINT (-97.7487141 30.2521655)
6455,,-97.7490184,30.2513378,POINT (-97.7490184 30.2513378)
6456,,-97.779986,30.250239,POINT (-97.779986 30.250239)
6457,,-97.7804179,30.2496401,POINT (-97.7804179 30.2496401)
6458,,-97.7541218,30.226749,POINT (-97.7541218 30.226749)
6459,,-97.7531359,30.2262827,POINT (-97.7531359 30.2262827)
6460,,-97.75109,30.328578,POINT (-97.75109 30.328578)
6461,,-97.749095,30.2511332,POINT (-97.749095 30.2511332)
6462,,-97.749513,30.249991,POINT (-97.749513 30.249991)
6463,,-97.7968336,30.2353596,POINT (-97.7968336 30.2353596)
6464,,-97.7174589,30.2614721,POINT (-97.7174589 30.2614721)
6465,,-97.7176066,30.2614957,POINT (-97.7176066 30.2614957)
6466,,-97.7172167,30.2614376,POINT (-97.7172167 30.2614376)
6467,,-97.7495708,30.2498352,POINT (-97.7495708 30.2498352)
6468,,-97.828144,30.217651,POINT (-97.828144 30.217651)
6469,,-97.8289533,30.2163152,POINT (-97.8289533 30.2163152)
6470,,-97.8374022,30.2031135,POINT (-97.8374022 30.2031135)
6471,,-97.8372994,30.2030679,POINT (-97.8372994 30.2030679)
6472,,-97.8538709,30.1465419,POINT (-97.8538709 30.1465419)
6473,,-97.8304677,30.2137569,POINT (-97.8304677 30.2137569)
6474,,-97.8303507,30.2137011,POINT (-97.8303507 30.2137011)
6475,,-97.736018,30.155019,POINT (-97.736018 30.155019)
6476,,-97.7365602,30.1552651,POINT (-97.7365602 30.1552651)
6477,,-97.7499328,30.2489152,POINT (-97.7499328 30.2489152)
6478,,-97.7097242,30.289909,POINT (-97.7097242 30.289909)
6479,,-97.750625,30.247024,POINT (-97.750625 30.247024)
6480,,-97.7409769,30.3730903,POINT (-97.7409769 30.3730903)
6481,,-97.742598,30.369745,POINT (-97.742598 30.369745)
6482,,-97.7509677,30.2461031,POINT (-97.7509677 30.2461031)
6483,,-97.7498206,30.245774,POINT (-97.7498206 30.245774)
6484,,-97.7240469,30.2741515,POINT (-97.7240469 30.2741515)
6485,,-97.7240352,30.2740945,POINT (-97.7240352 30.2740945)
6486,,-97.7979577,30.2336699,POINT (-97.7979577 30.2336699)
6487,,-97.7315048,30.2729033,POINT (-97.7315048 30.2729033)
6488,,-97.7313149,30.2733964,POINT (-97.7313149 30.2733964)
6489,,-97.677892,30.3132084,POINT (-97.677892 30.3132084)
6490,,-97.75167,30.244249,POINT (-97.75167 30.244249)
6491,,-97.7127645,30.2913585,POINT (-97.7127645 30.2913585)
6492,,-97.7519606,30.2434979,POINT (-97.7519606 30.2434979)
6493,,-97.7586138,30.2924537,POINT (-97.7586138 30.2924537)
6494,,-97.8054248,30.4854963,POINT (-97.8054248 30.4854963)
6495,,-97.7963103,30.2334297,POINT (-97.7963103 30.2334297)
6496,,-97.7603537,30.283549,POINT (-97.7603537 30.283549)
6497,,-97.7521838,30.2428937,POINT (-97.7521838 30.2428937)
6498,,-97.786993,30.258369,POINT (-97.786993 30.258369)
6499,,-97.7880333,30.2576414,POINT (-97.7880333 30.2576414)
6500,,-97.7885525,30.2574889,POINT (-97.7885525 30.2574889)
6501,,-97.7888517,30.2574599,POINT (-97.7888517 30.2574599)
6502,,-97.8068011,30.1112098,POINT (-97.8068011 30.1112098)
6503,,-97.8102912,30.1063475,POINT (-97.8102912 30.1063475)
6504,,-97.7813316,30.2482877,POINT (-97.7813316 30.2482877)
6505,,-97.7808794,30.2489403,POINT (-97.7808794 30.2489403)
6506,,-97.7525537,30.2416938,POINT (-97.7525537 30.2416938)
6507,,-97.788736,30.253284,POINT (-97.788736 30.253284)
6508,,-97.703531,30.34693,POINT (-97.703531 30.34693)
6509,,-97.6981269,30.3432003,POINT (-97.6981269 30.3432003)
6510,,-97.7526526,30.2410825,POINT (-97.7526526 30.2410825)
6511,,-97.7549381,30.2371899,POINT (-97.7549381 30.2371899)
6512,,-97.7780184,30.2602168,POINT (-97.7780184 30.2602168)
6513,,-97.6637923,30.3158789,POINT (-97.6637923 30.3158789)
6514,,-97.7581087,30.2330694,POINT (-97.7581087 30.2330694)
6515,,-97.73729,30.3803152,POINT (-97.73729 30.3803152)
6516,,-97.7356535,30.3826541,POINT (-97.7356535 30.3826541)
6517,,-97.7354312,30.384845,POINT (-97.7354312 30.384845)
6518,,-97.7394279,30.3752866,POINT (-97.7394279 30.3752866)
6519,,-97.7051461,30.4172976,POINT (-97.7051461 30.4172976)
6520,,-97.7039285,30.4199442,POINT (-97.7039285 30.4199442)
6521,,-97.7013795,30.428302,POINT (-97.7013795 30.428302)
6522,,-97.7581664,30.2329759,POINT (-97.7581664 30.2329759)
6523,,-97.6452659,30.2923394,POINT (-97.6452659 30.2923394)
6524,,-97.6429285,30.2950993,POINT (-97.6429285 30.2950993)
6525,,-97.758468,30.2324907,POINT (-97.758468 30.2324907)
6526,,-97.7011144,30.2876502,POINT (-97.7011144 30.2876502)
6527,,-97.7003342,30.2882016,POINT (-97.7003342 30.2882016)
6528,,-97.7768867,30.2391642,POINT (-97.7768867 30.2391642)
6529,,-97.7771052,30.239268,POINT (-97.7771052 30.239268)
6530,,-97.7589174,30.2317747,POINT (-97.7589174 30.2317747)
6531,,-97.7223975,30.3382012,POINT (-97.7223975 30.3382012)
6532,,-97.6628936,30.317011,POINT (-97.6628936 30.317011)
6533,,-97.7593583,30.231066,POINT (-97.7593583 30.231066)
6534,,-97.788819,30.364682,POINT (-97.788819 30.364682)
6535,,-97.785624,30.3715451,POINT (-97.785624 30.3715451)
6536,,-97.7883675,30.3623968,POINT (-97.7883675 30.3623968)
6537,,-97.7039644,30.346108,POINT (-97.7039644 30.346108)
6538,,-97.7598127,30.2303437,POINT (-97.7598127 30.2303437)
6539,,-97.7087807,30.2894632,POINT (-97.7087807 30.2894632)
6540,,-97.8013727,30.2243737,POINT (-97.8013727 30.2243737)
6541,,-97.761191,30.2280595,POINT (-97.761191 30.2280595)
6542,,-97.7376253,30.2312037,POINT (-97.7376253 30.2312037)
6543,,-97.7123554,30.2911637,POINT (-97.7123554 30.2911637)
6544,,-97.663572,30.315283,POINT (-97.663572 30.315283)
6545,,-97.6639236,30.3148837,POINT (-97.6639236 30.3148837)
6546,,-97.7478357,30.2881569,POINT (-97.7478357 30.2881569)
6547,,-97.7467824,30.2880864,POINT (-97.7467824 30.2880864)
6548,,-97.6380812,30.2025974,POINT (-97.6380812 30.2025974)
6549,,-97.6388589,30.2029934,POINT (-97.6388589 30.2029934)
6550,,-97.7615253,30.2274431,POINT (-97.7615253 30.2274431)
6551,,-97.725459,30.3774034,POINT (-97.725459 30.3774034)
6552,,-97.7616575,30.2271912,POINT (-97.7616575 30.2271912)
6553,,-97.7617956,30.2269126,POINT (-97.7617956 30.2269126)
6554,,-97.69799,30.3239,POINT (-97.69799 30.3239)
6555,,-97.6952115,30.324344,POINT (-97.6952115 30.324344)
6556,,-97.5796163,30.3238784,POINT (-97.5796163 30.3238784)
6557,,-97.580869,30.322936,POINT (-97.580869 30.322936)
6558,,-97.5841996,30.328627,POINT (-97.5841996 30.328627)
6559,,-97.5779642,30.3251801,POINT (-97.5779642 30.3251801)
6560,,-97.814981,30.202843,POINT (-97.814981 30.202843)
6561,,-97.6633967,30.3147687,POINT (-97.6633967 30.3147687)
6562,,-97.7622881,30.225907,POINT (-97.7622881 30.225907)
6563,,-97.7625405,30.2253986,POINT (-97.7625405 30.2253986)
6564,,-97.7290766,30.2576074,POINT (-97.7290766 30.2576074)
6565,,-97.7290117,30.257747,POINT (-97.7290117 30.257747)
6566,,-97.7293747,30.2569661,POINT (-97.7293747 30.2569661)
6567,,-97.7361696,30.2600675,POINT (-97.7361696 30.2600675)
6568,,-97.735787,30.2609885,POINT (-97.735787 30.2609885)
6569,,-97.763127,30.224274,POINT (-97.763127 30.224274)
6570,,-97.7225939,30.3155394,POINT (-97.7225939 30.3155394)
6571,,-97.7224323,30.315461,POINT (-97.7224323 30.315461)
6572,,-97.7217074,30.3150946,POINT (-97.7217074 30.3150946)
6573,,-97.6731875,30.2935775,POINT (-97.6731875 30.2935775)
6574,,-97.6731469,30.2934892,POINT (-97.6731469 30.2934892)
6575,,-97.6751051,30.2928928,POINT (-97.6751051 30.2928928)
6576,,-97.6778236,30.2936085,POINT (-97.6778236 30.2936085)
6577,,-97.6784126,30.2924016,POINT (-97.6784126 30.2924016)
6578,,-97.6768128,30.2951935,POINT (-97.6768128 30.2951935)
6579,,-97.6773949,30.2934107,POINT (-97.6773949 30.2934107)
6580,,-97.6811475,30.2951987,POINT (-97.6811475 30.2951987)
6581,,-97.7634181,30.2237632,POINT (-97.7634181 30.2237632)
6582,,-97.6923471,30.3014207,POINT (-97.6923471 30.3014207)
6583,,-97.7007946,30.3048401,POINT (-97.7007946 30.3048401)
6584,,-97.6999483,30.3023776,POINT (-97.6999483 30.3023776)
6585,,-97.6920731,30.3014142,POINT (-97.6920731 30.3014142)
6586,,-97.7636207,30.2234076,POINT (-97.7636207 30.2234076)
6587,,-97.7639056,30.2236024,POINT (-97.7639056 30.2236024)
6588,,-97.6757241,30.2927704,POINT (-97.6757241 30.2927704)
6589,,-97.6750814,30.292784,POINT (-97.6750814 30.292784)
6590,,-97.6750954,30.2928407,POINT (-97.6750954 30.2928407)
6591,,-97.668235,30.2926014,POINT (-97.668235 30.2926014)
6592,,-97.6681009,30.2926026,POINT (-97.6681009 30.2926026)
6593,,-97.7642105,30.2224895,POINT (-97.7642105 30.2224895)
6594,,-97.672628,30.310023,POINT (-97.672628 30.310023)
6595,,-97.671024,30.309093,POINT (-97.671024 30.309093)
6596,,-97.7038752,30.3323071,POINT (-97.7038752 30.3323071)
6597,,-97.7022369,30.3277919,POINT (-97.7022369 30.3277919)
6598,,-97.7016434,30.325808,POINT (-97.7016434 30.325808)
6599,,-97.697944,30.324007,POINT (-97.697944 30.324007)
6600,,-97.6980585,30.3240407,POINT (-97.6980585 30.3240407)
6601,,-97.693717,30.3239138,POINT (-97.693717 30.3239138)
6602,,-97.6942871,30.3230062,POINT (-97.6942871 30.3230062)
6603,,-97.7644511,30.2221074,POINT (-97.7644511 30.2221074)
6604,,-97.6936596,30.324011,POINT (-97.6936596 30.324011)
6605,,-97.702946,30.328308,POINT (-97.702946 30.328308)
6606,,-97.7648415,30.2214506,POINT (-97.7648415 30.2214506)
6607,,-97.7655407,30.2203621,POINT (-97.7655407 30.2203621)
6608,,-97.766878,30.218205,POINT (-97.766878 30.218205)
6609,,-97.663333,30.314582,POINT (-97.663333 30.314582)
6610,,-97.7673177,30.2175276,POINT (-97.7673177 30.2175276)
6611,,-97.7211861,30.3176887,POINT (-97.7211861 30.3176887)
6612,,-97.7203026,30.3172575,POINT (-97.7203026 30.3172575)
6613,,-97.7244739,30.3187516,POINT (-97.7244739 30.3187516)
6614,,-97.7320922,30.2660347,POINT (-97.7320922 30.2660347)
6615,,-97.7317329,30.26591,POINT (-97.7317329 30.26591)
6616,,-97.7310863,30.2656858,POINT (-97.7310863 30.2656858)
6617,,-97.7687944,30.2152116,POINT (-97.7687944 30.2152116)
6618,,-97.806661,30.1130756,POINT (-97.806661 30.1130756)
6619,,-97.8013848,30.1260719,POINT (-97.8013848 30.1260719)
6620,,-97.7612971,30.2016643,POINT (-97.7612971 30.2016643)
6621,,-97.7370493,30.2575602,POINT (-97.7370493 30.2575602)
6622,,-97.7306845,30.2766393,POINT (-97.7306845 30.2766393)
6623,,-97.7297968,30.2785283,POINT (-97.7297968 30.2785283)
6624,,-97.770382,30.2127128,POINT (-97.770382 30.2127128)
6625,,-97.7066578,30.3221456,POINT (-97.7066578 30.3221456)
6626,,-97.7055214,30.3266475,POINT (-97.7055214 30.3266475)
6627,,-97.7046722,30.3315632,POINT (-97.7046722 30.3315632)
6628,,-97.6741944,30.4003688,POINT (-97.6741944 30.4003688)
6629,,-97.6802003,30.3707572,POINT (-97.6802003 30.3707572)
6630,,-97.7054361,30.3302001,POINT (-97.7054361 30.3302001)
6631,,-97.7062798,30.3278974,POINT (-97.7062798 30.3278974)
6632,,-97.7084419,30.313467,POINT (-97.7084419 30.313467)
6633,,-97.7086649,30.312902,POINT (-97.7086649 30.312902)
6634,,-97.7105878,30.3097764,POINT (-97.7105878 30.3097764)
6635,,-97.7326659,30.2722272,POINT (-97.7326659 30.2722272)
6636,,-97.7326084,30.2714595,POINT (-97.7326084 30.2714595)
6637,,-97.7875973,30.1647991,POINT (-97.7875973 30.1647991)
6638,,-97.791328,30.154397,POINT (-97.791328 30.154397)
6639,,-97.7713962,30.2111211,POINT (-97.7713962 30.2111211)
6640,,-97.7722469,30.2097921,POINT (-97.7722469 30.2097921)
6641,,-97.7707651,30.2121132,POINT (-97.7707651 30.2121132)
6642,,-97.7728333,30.2088791,POINT (-97.7728333 30.2088791)
6643,,-97.7736578,30.2074585,POINT (-97.7736578 30.2074585)
6644,,-97.798845,30.2003203,POINT (-97.798845 30.2003203)
6645,,-97.7998624,30.2007954,POINT (-97.7998624 30.2007954)
6646,,-97.803783,30.1982667,POINT (-97.803783 30.1982667)
6647,,-97.7303016,30.2654137,POINT (-97.7303016 30.2654137)
6648,,-97.7742778,30.2062147,POINT (-97.7742778 30.2062147)
6649,,-97.6648835,30.2852292,POINT (-97.6648835 30.2852292)
6650,,-97.6648024,30.2855182,POINT (-97.6648024 30.2855182)
6651,,-97.7745177,30.2056107,POINT (-97.7745177 30.2056107)
6652,,-97.8443566,30.206423,POINT (-97.8443566 30.206423)
6653,,-97.7751577,30.2039266,POINT (-97.7751577 30.2039266)
6654,,-97.7753441,30.2032884,POINT (-97.7753441 30.2032884)
6655,,-97.6779105,30.4077494,POINT (-97.6779105 30.4077494)
6656,,-97.6765308,30.4078415,POINT (-97.6765308 30.4078415)
6657,,-97.7749624,30.2044622,POINT (-97.7749624 30.2044622)
6658,,-97.7285151,30.3498931,POINT (-97.7285151 30.3498931)
6659,,-97.7294518,30.3503941,POINT (-97.7294518 30.3503941)
6660,,-97.7255441,30.3545372,POINT (-97.7255441 30.3545372)
6661,,-97.7756176,30.202309,POINT (-97.7756176 30.202309)
6662,,-97.7755911,30.2024037,POINT (-97.7755911 30.2024037)
6663,,-97.7251446,30.3551756,POINT (-97.7251446 30.3551756)
6664,,-97.724658,30.355899,POINT (-97.724658 30.355899)
6665,,-97.7761418,30.2003163,POINT (-97.7761418 30.2003163)
6666,,-97.7786596,30.2758402,POINT (-97.7786596 30.2758402)
6667,,-97.7598182,30.2486972,POINT (-97.7598182 30.2486972)
6668,,-97.7600815,30.2487737,POINT (-97.7600815 30.2487737)
6669,,-97.7587138,30.2483482,POINT (-97.7587138 30.2483482)
6670,,-97.7766001,30.1986754,POINT (-97.7766001 30.1986754)
6671,,-97.7767634,30.198147,POINT (-97.7767634 30.198147)
6672,,-97.7574073,30.2529858,POINT (-97.7574073 30.2529858)
6673,,-97.754627,30.2577753,POINT (-97.754627 30.2577753)
6674,,-97.799255,30.4727626,POINT (-97.799255 30.4727626)
6675,,-97.7991178,30.4724584,POINT (-97.7991178 30.4724584)
6676,,-97.7887811,30.4708702,POINT (-97.7887811 30.4708702)
6677,,-97.780441,30.4734553,POINT (-97.780441 30.4734553)
6678,,-97.7769008,30.1977427,POINT (-97.7769008 30.1977427)
6679,,-97.7581801,30.2716849,POINT (-97.7581801 30.2716849)
6680,,-97.7762601,30.1979595,POINT (-97.7762601 30.1979595)
6681,,-97.7771619,30.1970674,POINT (-97.7771619 30.1970674)
6682,,-97.7610346,30.2773577,POINT (-97.7610346 30.2773577)
6683,,-97.7788156,30.1930844,POINT (-97.7788156 30.1930844)
6684,,-97.7832771,30.1944908,POINT (-97.7832771 30.1944908)
6685,,-97.7784173,30.197281,POINT (-97.7784173 30.197281)
6686,,-97.726921,30.282986,POINT (-97.726921 30.282986)
6687,,-97.7293135,30.2811543,POINT (-97.7293135 30.2811543)
6688,,-97.7250272,30.2859428,POINT (-97.7250272 30.2859428)
6689,,-97.779555,30.1911644,POINT (-97.779555 30.1911644)
6690,,-97.7799543,30.1898804,POINT (-97.7799543 30.1898804)
6691,,-97.6986514,30.2890539,POINT (-97.6986514 30.2890539)
6692,,-97.6910328,30.2944937,POINT (-97.6910328 30.2944937)
6693,,-97.7788722,30.1929492,POINT (-97.7788722 30.1929492)
6694,,-97.6661149,30.285424,POINT (-97.6661149 30.285424)
6695,,-97.7802082,30.1890924,POINT (-97.7802082 30.1890924)
6696,,-97.6702225,30.3071221,POINT (-97.6702225 30.3071221)
6697,,-97.6684349,30.3092532,POINT (-97.6684349 30.3092532)
6698,,-97.7761669,30.4056855,POINT (-97.7761669 30.4056855)
6699,,-97.776427,30.40659,POINT (-97.776427 30.40659)
6700,,-97.7810031,30.1865684,POINT (-97.7810031 30.1865684)
6701,,-97.7820056,30.1833735,POINT (-97.7820056 30.1833735)
6702,,-97.7854941,30.1831027,POINT (-97.7854941 30.1831027)
6703,,-97.783216,30.179563,POINT (-97.783216 30.179563)
6704,,-97.65354,30.3282797,POINT (-97.65354 30.3282797)
6705,,-97.6504742,30.3284916,POINT (-97.6504742 30.3284916)
6706,,-97.7848337,30.174408,POINT (-97.7848337 30.174408)
6707,,-97.7300848,30.2653384,POINT (-97.7300848 30.2653384)
6708,,-97.7251347,30.2636222,POINT (-97.7251347 30.2636222)
6709,,-97.7271057,30.2643058,POINT (-97.7271057 30.2643058)
6710,,-97.7241684,30.2632871,POINT (-97.7241684 30.2632871)
6711,,-97.7882195,30.1741141,POINT (-97.7882195 30.1741141)
6712,,-97.6975856,30.2533286,POINT (-97.6975856 30.2533286)
6713,,-97.766191,30.287106,POINT (-97.766191 30.287106)
6714,,-97.7447033,30.2629796,POINT (-97.7447033 30.2629796)
6715,,-97.6948347,30.3468872,POINT (-97.6948347 30.3468872)
6716,,-97.6935036,30.3490554,POINT (-97.6935036 30.3490554)
6717,,-97.746875,30.257144,POINT (-97.746875 30.257144)
6718,,-97.674154,30.382775,POINT (-97.674154 30.382775)
6719,,-97.6743737,30.3819039,POINT (-97.6743737 30.3819039)
6720,,-97.7476315,30.2551704,POINT (-97.7476315 30.2551704)
6721,,-97.7420588,30.3137442,POINT (-97.7420588 30.3137442)
6722,,-97.7442153,30.2541306,POINT (-97.7442153 30.2541306)
6723,,-97.7539996,30.3196036,POINT (-97.7539996 30.3196036)
6724,,-97.754514,30.318805,POINT (-97.754514 30.318805)
6725,,-97.8817238,30.1922531,POINT (-97.8817238 30.1922531)
6726,,-97.8802638,30.1920727,POINT (-97.8802638 30.1920727)
6727,,-97.7870719,30.1667902,POINT (-97.7870719 30.1667902)
6728,,-97.8524734,30.4066613,POINT (-97.8524734 30.4066613)
6729,,-97.8525312,30.4065576,POINT (-97.8525312 30.4065576)
6730,,-97.8522709,30.4070779,POINT (-97.8522709 30.4070779)
6731,,-97.8266388,30.2427194,POINT (-97.8266388 30.2427194)
6732,,-97.7409501,30.3350078,POINT (-97.7409501 30.3350078)
6733,,-97.6637843,30.289627,POINT (-97.6637843 30.289627)
6734,,-97.6742689,30.298977,POINT (-97.6742689 30.298977)
6735,,-97.766153,30.1825721,POINT (-97.766153 30.1825721)
6736,,-97.7153574,30.3149861,POINT (-97.7153574 30.3149861)
6737,,-97.7158672,30.3150929,POINT (-97.7158672 30.3150929)
6738,,-97.7160041,30.3148783,POINT (-97.7160041 30.3148783)
6739,,-97.7300655,30.3753169,POINT (-97.7300655 30.3753169)
6740,,-97.732884,30.3767435,POINT (-97.732884 30.3767435)
6741,,-97.7954057,30.198529,POINT (-97.7954057 30.198529)
6742,,-97.7950568,30.1993092,POINT (-97.7950568 30.1993092)
6743,,-97.7560312,30.270884,POINT (-97.7560312 30.270884)
6744,,-97.7547528,30.2703521,POINT (-97.7547528 30.2703521)
6745,,-97.7671793,30.282645,POINT (-97.7671793 30.282645)
6746,,-97.7623466,30.2898282,POINT (-97.7623466 30.2898282)
6747,,-97.6565125,30.3739533,POINT (-97.6565125 30.3739533)
6748,,-97.6552772,30.3713147,POINT (-97.6552772 30.3713147)
6749,,-97.7370943,30.2549449,POINT (-97.7370943 30.2549449)
6750,,-97.687052,30.2789439,POINT (-97.687052 30.2789439)
6751,,-97.6849868,30.2781365,POINT (-97.6849868 30.2781365)
6752,,-97.6640609,30.2148637,POINT (-97.6640609 30.2148637)
6753,,-97.663397,30.2151082,POINT (-97.663397 30.2151082)
6754,,-97.7186471,30.3735013,POINT (-97.7186471 30.3735013)
6755,,-97.718381,30.37326,POINT (-97.718381 30.37326)
6756,,-97.7175719,30.3728607,POINT (-97.7175719 30.3728607)
6757,,-97.679923,30.290066,POINT (-97.679923 30.290066)
6758,,-97.6475318,30.3957741,POINT (-97.6475318 30.3957741)
6759,,-97.7356156,30.3789138,POINT (-97.7356156 30.3789138)
6760,,-97.6999804,30.3780497,POINT (-97.6999804 30.3780497)
6761,,-97.759073,30.283075,POINT (-97.759073 30.283075)
6762,,-97.7602503,30.283501,POINT (-97.7602503 30.283501)
6763,,-97.757816,30.282774,POINT (-97.757816 30.282774)
6764,,-97.6986575,30.3423691,POINT (-97.6986575 30.3423691)
6765,,-97.6970815,30.3906145,POINT (-97.6970815 30.3906145)
6766,,-97.7227229,30.2895594,POINT (-97.7227229 30.2895594)
6767,,-97.7222613,30.290282,POINT (-97.7222613 30.290282)
6768,,-97.7883739,30.4713709,POINT (-97.7883739 30.4713709)
6769,,-97.7944294,30.4696885,POINT (-97.7944294 30.4696885)
6770,,-97.6998909,30.3383387,POINT (-97.6998909 30.3383387)
6771,,-97.7234493,30.2893025,POINT (-97.7234493 30.2893025)
6772,,-97.7238853,30.2885958,POINT (-97.7238853 30.2885958)
6773,,-97.6755272,30.2972049,POINT (-97.6755272 30.2972049)
6774,,-97.6758938,30.2966344,POINT (-97.6758938 30.2966344)
6775,,-97.7133418,30.347141,POINT (-97.7133418 30.347141)
6776,,-97.7134439,30.3469393,POINT (-97.7134439 30.3469393)
6777,,-97.7135366,30.3473915,POINT (-97.7135366 30.3473915)
6778,,-97.7132184,30.3473899,POINT (-97.7132184 30.3473899)
6779,,-97.7124394,30.347004,POINT (-97.7124394 30.347004)
6780,,-97.7122056,30.3468408,POINT (-97.7122056 30.3468408)
6781,,-97.7119551,30.3477451,POINT (-97.7119551 30.3477451)
6782,,-97.7118353,30.3479503,POINT (-97.7118353 30.3479503)
6783,,-97.7115123,30.3484769,POINT (-97.7115123 30.3484769)
6784,,-97.7096416,30.3503299,POINT (-97.7096416 30.3503299)
6785,,-97.78858,30.2381478,POINT (-97.78858 30.2381478)
6786,,-97.7204188,30.2137566,POINT (-97.7204188 30.2137566)
6787,,-97.7273675,30.2145215,POINT (-97.7273675 30.2145215)
6788,,-97.7213398,30.292565,POINT (-97.7213398 30.292565)
6789,,-97.720653,30.29276,POINT (-97.720653 30.29276)
6790,,-97.7543526,30.2000532,POINT (-97.7543526 30.2000532)
6791,,-97.7158501,30.3288785,POINT (-97.7158501 30.3288785)
6792,,-97.828542,30.1935195,POINT (-97.828542 30.1935195)
6793,,-97.6796455,30.3194492,POINT (-97.6796455 30.3194492)
6794,,-97.840192,30.256329,POINT (-97.840192 30.256329)
6795,,-97.8402683,30.2569848,POINT (-97.8402683 30.2569848)
6796,,-97.8294129,30.1939695,POINT (-97.8294129 30.1939695)
6797,,-97.7279124,30.3280842,POINT (-97.7279124 30.3280842)
6798,,-97.8025197,30.4308392,POINT (-97.8025197 30.4308392)
6799,,-97.6789231,30.2915921,POINT (-97.6789231 30.2915921)
6800,,-97.8717191,30.1895375,POINT (-97.8717191 30.1895375)
6801,,-97.871669,30.1894433,POINT (-97.871669 30.1894433)
6802,,-97.871489,30.1888371,POINT (-97.871489 30.1888371)
6803,,-97.8715871,30.1894793,POINT (-97.8715871 30.1894793)
6804,,-97.8705269,30.1855857,POINT (-97.8705269 30.1855857)
6805,,-97.8831605,30.1925103,POINT (-97.8831605 30.1925103)
6806,,-97.8831262,30.192578,POINT (-97.8831262 30.192578)
6807,,-97.880252,30.192144,POINT (-97.880252 30.192144)
6808,,-97.8812455,30.1887606,POINT (-97.8812455 30.1887606)
6809,,-97.8241399,30.2838798,POINT (-97.8241399 30.2838798)
6810,,-97.8281712,30.2908097,POINT (-97.8281712 30.2908097)
6811,,-97.8473429,30.4167568,POINT (-97.8473429 30.4167568)
6812,,-97.7281473,30.2724501,POINT (-97.7281473 30.2724501)
6813,,-97.7288736,30.2723368,POINT (-97.7288736 30.2723368)
6814,,-97.7333381,30.2583407,POINT (-97.7333381 30.2583407)
6815,,-97.73304,30.258982,POINT (-97.73304 30.258982)
6816,,-97.729616,30.2722162,POINT (-97.729616 30.2722162)
6817,,-97.7472461,30.1986885,POINT (-97.7472461 30.1986885)
6818,,-97.689178,30.322684,POINT (-97.689178 30.322684)
6819,,-97.6894107,30.3232249,POINT (-97.6894107 30.3232249)
6820,,-97.6896108,30.3218853,POINT (-97.6896108 30.3218853)
6821,,-97.6890426,30.3208525,POINT (-97.6890426 30.3208525)
6822,,-97.700594,30.3396139,POINT (-97.700594 30.3396139)
6823,,-97.7009059,30.3399471,POINT (-97.7009059 30.3399471)
6824,,-97.7064729,30.3212979,POINT (-97.7064729 30.3212979)
6825,,-97.7107443,30.3225445,POINT (-97.7107443 30.3225445)
6826,,-97.7110814,30.3219993,POINT (-97.7110814 30.3219993)
6827,,-97.709832,30.323939,POINT (-97.709832 30.323939)
6828,,-97.745805,30.3572691,POINT (-97.745805 30.3572691)
6829,,-97.744001,30.3613,POINT (-97.744001 30.3613)
6830,,-97.7438741,30.3616022,POINT (-97.7438741 30.3616022)
6831,,-97.7160956,30.4090859,POINT (-97.7160956 30.4090859)
6832,,-97.7164367,30.4090302,POINT (-97.7164367 30.4090302)
6833,,-97.7158154,30.4078256,POINT (-97.7158154 30.4078256)
6834,,-97.7160743,30.409301,POINT (-97.7160743 30.409301)
6835,,-97.734904,30.390311,POINT (-97.734904 30.390311)
6836,,-97.7365436,30.3838127,POINT (-97.7365436 30.3838127)
6837,,-97.7370107,30.3826848,POINT (-97.7370107 30.3826848)
6838,,-97.7276339,30.4022371,POINT (-97.7276339 30.4022371)
6839,,-97.7276894,30.4018678,POINT (-97.7276894 30.4018678)
6840,,-97.7158334,30.4074906,POINT (-97.7158334 30.4074906)
6841,,-97.7350419,30.3849746,POINT (-97.7350419 30.3849746)
6842,,-97.732361,30.394662,POINT (-97.732361 30.394662)
6843,,-97.7538776,30.3406695,POINT (-97.7538776 30.3406695)
6844,,-97.7547183,30.3394488,POINT (-97.7547183 30.3394488)
6845,,-97.7558721,30.3333324,POINT (-97.7558721 30.3333324)
6846,,-97.7489007,30.3523986,POINT (-97.7489007 30.3523986)
6847,,-97.7495469,30.3499778,POINT (-97.7495469 30.3499778)
6848,,-97.7157824,30.4086788,POINT (-97.7157824 30.4086788)
6849,,-97.7073922,30.413915,POINT (-97.7073922 30.413915)
6850,,-97.7492861,30.3507606,POINT (-97.7492861 30.3507606)
6851,,-97.7439975,30.2166119,POINT (-97.7439975 30.2166119)
6852,,-97.805805,30.431295,POINT (-97.805805 30.431295)
6853,,-97.8038899,30.4308827,POINT (-97.8038899 30.4308827)
6854,,-97.6704859,30.428027,POINT (-97.6704859 30.428027)
6855,,-97.6700719,30.4301284,POINT (-97.6700719 30.4301284)
6856,,-97.6769338,30.3771549,POINT (-97.6769338 30.3771549)
6857,,-97.6787373,30.3735834,POINT (-97.6787373 30.3735834)
6858,,-97.6767649,30.3772522,POINT (-97.6767649 30.3772522)
6859,,-97.674022,30.3800368,POINT (-97.674022 30.3800368)
6860,,-97.6667467,30.3728206,POINT (-97.6667467 30.3728206)
6861,,-97.7579135,30.282467,POINT (-97.7579135 30.282467)
6862,,-97.7522792,30.2801019,POINT (-97.7522792 30.2801019)
6863,,-97.7532753,30.2802252,POINT (-97.7532753 30.2802252)
6864,,-97.7408768,30.2772427,POINT (-97.7408768 30.2772427)
6865,,-97.7396273,30.3253934,POINT (-97.7396273 30.3253934)
6866,,-97.7882919,30.3620588,POINT (-97.7882919 30.3620588)
6867,,-97.7881938,30.3725958,POINT (-97.7881938 30.3725958)
6868,,-97.7891605,30.3776291,POINT (-97.7891605 30.3776291)
6869,,-97.7890506,30.3782764,POINT (-97.7890506 30.3782764)
6870,,-97.8020413,30.2517126,POINT (-97.8020413 30.2517126)
6871,,-97.6986154,30.251375,POINT (-97.6986154 30.251375)
6872,,-97.6981402,30.2513383,POINT (-97.6981402 30.2513383)
6873,,-97.8016721,30.4214451,POINT (-97.8016721 30.4214451)
6874,,-97.8015659,30.4230085,POINT (-97.8015659 30.4230085)
6875,,-97.8015651,30.4206537,POINT (-97.8015651 30.4206537)
6876,,-97.700448,30.251553,POINT (-97.700448 30.251553)
6877,,-97.7060144,30.3230749,POINT (-97.7060144 30.3230749)
6878,,-97.6967874,30.321947,POINT (-97.6967874 30.321947)
6879,,-97.7001925,30.3221778,POINT (-97.7001925 30.3221778)
6880,,-97.698492,30.3222146,POINT (-97.698492 30.3222146)
6881,,-97.6777666,30.3242883,POINT (-97.6777666 30.3242883)
6882,,-97.6969239,30.3209055,POINT (-97.6969239 30.3209055)
6883,,-97.6962834,30.3208288,POINT (-97.6962834 30.3208288)
6884,,-97.6955113,30.3207335,POINT (-97.6955113 30.3207335)
6885,,-97.6951556,30.3207195,POINT (-97.6951556 30.3207195)
6886,,-97.6804436,30.3227703,POINT (-97.6804436 30.3227703)
6887,,-97.7220504,30.4117508,POINT (-97.7220504 30.4117508)
6888,,-97.7221069,30.4116533,POINT (-97.7221069 30.4116533)
6889,,-97.7210124,30.4132163,POINT (-97.7210124 30.4132163)
6890,,-97.7188606,30.4102334,POINT (-97.7188606 30.4102334)
6891,,-97.718866,30.4103514,POINT (-97.718866 30.4103514)
6892,,-97.7171584,30.4102566,POINT (-97.7171584 30.4102566)
6893,,-97.7162549,30.4093792,POINT (-97.7162549 30.4093792)
6894,,-97.7156211,30.4066475,POINT (-97.7156211 30.4066475)
6895,,-97.7158551,30.405374,POINT (-97.7158551 30.405374)
6896,,-97.7160682,30.4049641,POINT (-97.7160682 30.4049641)
6897,,-97.7288002,30.4115831,POINT (-97.7288002 30.4115831)
6898,,-97.7163106,30.4098223,POINT (-97.7163106 30.4098223)
6899,,-97.7164356,30.4097659,POINT (-97.7164356 30.4097659)
6900,,-97.7171199,30.4103606,POINT (-97.7171199 30.4103606)
6901,,-97.7206854,30.4111078,POINT (-97.7206854 30.4111078)
6902,,-97.7297155,30.4115473,POINT (-97.7297155 30.4115473)
6903,,-97.7309407,30.4121308,POINT (-97.7309407 30.4121308)
6904,,-97.7061808,30.3300136,POINT (-97.7061808 30.3300136)
6905,,-97.7065759,30.330231,POINT (-97.7065759 30.330231)
6906,,-97.7059947,30.3298972,POINT (-97.7059947 30.3298972)
6907,,-97.6966574,30.2527097,POINT (-97.6966574 30.2527097)
6908,,-97.8284593,30.2920472,POINT (-97.8284593 30.2920472)
6909,,-97.8284249,30.2908605,POINT (-97.8284249 30.2908605)
6910,,-97.8276155,30.2946568,POINT (-97.8276155 30.2946568)
6911,,-97.8036095,30.2472002,POINT (-97.8036095 30.2472002)
6912,,-97.8040116,30.2477265,POINT (-97.8040116 30.2477265)
6913,,-97.7996802,30.2389697,POINT (-97.7996802 30.2389697)
6914,,-97.7976419,30.2345469,POINT (-97.7976419 30.2345469)
6915,,-97.7938309,30.2325456,POINT (-97.7938309 30.2325456)
6916,,-97.6966554,30.2547736,POINT (-97.6966554 30.2547736)
6917,,-97.6422129,30.2957237,POINT (-97.6422129 30.2957237)
6918,,-97.6955389,30.2564826,POINT (-97.6955389 30.2564826)
6919,,-97.68328,30.222798,POINT (-97.68328 30.222798)
6920,,-97.6833894,30.219029,POINT (-97.6833894 30.219029)
6921,,-97.6973423,30.2773486,POINT (-97.6973423 30.2773486)
6922,,-97.6694033,30.4399024,POINT (-97.6694033 30.4399024)
6923,,-97.6678091,30.4406622,POINT (-97.6678091 30.4406622)
6924,,-97.7219127,30.2908176,POINT (-97.7219127 30.2908176)
6925,,-97.7112027,30.3079754,POINT (-97.7112027 30.3079754)
6926,,-97.7115667,30.3069847,POINT (-97.7115667 30.3069847)
6927,,-97.7109736,30.3079058,POINT (-97.7109736 30.3079058)
6928,,-97.7075545,30.3058949,POINT (-97.7075545 30.3058949)
6929,,-97.7327989,30.2718717,POINT (-97.7327989 30.2718717)
6930,,-97.7328337,30.2717785,POINT (-97.7328337 30.2717785)
6931,,-97.733897,30.2720721,POINT (-97.733897 30.2720721)
6932,,-97.7143207,30.300842,POINT (-97.7143207 30.300842)
6933,,-97.6497864,30.3293724,POINT (-97.6497864 30.3293724)
6934,,-97.6541545,30.3287875,POINT (-97.6541545 30.3287875)
6935,,-97.751731,30.2787058,POINT (-97.751731 30.2787058)
6936,,-97.730459,30.276064,POINT (-97.730459 30.276064)
6937,,-97.7302876,30.2764591,POINT (-97.7302876 30.2764591)
6938,,-97.7518533,30.2789563,POINT (-97.7518533 30.2789563)
6939,,-97.6731064,30.3872108,POINT (-97.6731064 30.3872108)
6940,,-97.6542871,30.3290444,POINT (-97.6542871 30.3290444)
6941,,-97.7551068,30.3174305,POINT (-97.7551068 30.3174305)
6942,,-97.8017896,30.4251548,POINT (-97.8017896 30.4251548)
6943,,-97.8032313,30.4268839,POINT (-97.8032313 30.4268839)
6944,,-97.7766278,30.1585475,POINT (-97.7766278 30.1585475)
6945,,-97.779697,30.1577008,POINT (-97.779697 30.1577008)
6946,,-97.7767946,30.1602227,POINT (-97.7767946 30.1602227)
6947,,-97.8313865,30.236746,POINT (-97.8313865 30.236746)
6948,,-97.8462514,30.2364281,POINT (-97.8462514 30.2364281)
6949,,-97.711967,30.3074876,POINT (-97.711967 30.3074876)
6950,,-97.7104352,30.31083,POINT (-97.7104352 30.31083)
6951,,-97.7106828,30.3106961,POINT (-97.7106828 30.3106961)
6952,,-97.7089772,30.310842,POINT (-97.7089772 30.310842)
6953,,-97.7092842,30.3119813,POINT (-97.7092842 30.3119813)
6954,,-97.7097455,30.3114035,POINT (-97.7097455 30.3114035)
6955,,-97.7075307,30.3211374,POINT (-97.7075307 30.3211374)
6956,,-97.6895072,30.3568559,POINT (-97.6895072 30.3568559)
6957,,-97.6935875,30.3500883,POINT (-97.6935875 30.3500883)
6958,,-97.683435,30.3661145,POINT (-97.683435 30.3661145)
6959,,-97.6852382,30.3632644,POINT (-97.6852382 30.3632644)
6960,,-97.680913,30.370137,POINT (-97.680913 30.370137)
6961,,-97.6815901,30.3690441,POINT (-97.6815901 30.3690441)
6962,,-97.7319073,30.271868,POINT (-97.7319073 30.271868)
6963,,-97.7317588,30.2722419,POINT (-97.7317588 30.2722419)
6964,,-97.7311011,30.274165,POINT (-97.7311011 30.274165)
6965,,-97.716781,30.29995,POINT (-97.716781 30.29995)
6966,,-97.71734,30.2990696,POINT (-97.71734 30.2990696)
6967,,-97.7012083,30.3364922,POINT (-97.7012083 30.3364922)
6968,,-97.6923025,30.3509424,POINT (-97.6923025 30.3509424)
6969,,-97.680313,30.369811,POINT (-97.680313 30.369811)
6970,,-97.6716031,30.3907162,POINT (-97.6716031 30.3907162)
6971,,-97.6712823,30.4237739,POINT (-97.6712823 30.4237739)
6972,,-97.8375789,30.2214469,POINT (-97.8375789 30.2214469)
6973,,-97.8521452,30.2249029,POINT (-97.8521452 30.2249029)
6974,,-97.8653189,30.2357953,POINT (-97.8653189 30.2357953)
6975,,-97.864643,30.2369702,POINT (-97.864643 30.2369702)
6976,,-97.8647684,30.2370802,POINT (-97.8647684 30.2370802)
6977,,-97.8640752,30.237367,POINT (-97.8640752 30.237367)
6978,,-97.8614242,30.2411965,POINT (-97.8614242 30.2411965)
6979,,-97.861408,30.2410932,POINT (-97.861408 30.2410932)
6980,,-97.8665353,30.2499373,POINT (-97.8665353 30.2499373)
6981,,-97.8663148,30.2513247,POINT (-97.8663148 30.2513247)
6982,,-97.8656253,30.2543683,POINT (-97.8656253 30.2543683)
6983,,-97.8654952,30.2545199,POINT (-97.8654952 30.2545199)
6984,,-97.8639747,30.252961,POINT (-97.8639747 30.252961)
6985,,-97.781004,30.1940728,POINT (-97.781004 30.1940728)
6986,,-97.793635,30.1991878,POINT (-97.793635 30.1991878)
6987,,-97.7950403,30.1994343,POINT (-97.7950403 30.1994343)
6988,,-97.7978708,30.2001266,POINT (-97.7978708 30.2001266)
6989,,-97.8098543,30.2043506,POINT (-97.8098543 30.2043506)
6990,,-97.8099071,30.2041656,POINT (-97.8099071 30.2041656)
6991,,-97.8125038,30.2059183,POINT (-97.8125038 30.2059183)
6992,,-97.8654691,30.2357953,POINT (-97.8654691 30.2357953)
6993,,-97.8627927,30.2435054,POINT (-97.8627927 30.2435054)
6994,,-97.8659734,30.2479896,POINT (-97.8659734 30.2479896)
6995,,-97.8664016,30.2478465,POINT (-97.8664016 30.2478465)
6996,,-97.7291306,30.2882418,POINT (-97.7291306 30.2882418)
6997,,-97.7289244,30.2880958,POINT (-97.7289244 30.2880958)
6998,,-97.6409121,30.2975973,POINT (-97.6409121 30.2975973)
6999,,-97.6409528,30.2974973,POINT (-97.6409528 30.2974973)
7000,,-97.6416867,30.297813,POINT (-97.6416867 30.297813)
7001,,-97.8303815,30.2368118,POINT (-97.8303815 30.2368118)
7002,,-97.7043589,30.3665494,POINT (-97.7043589 30.3665494)
7003,,-97.7030763,30.3659412,POINT (-97.7030763 30.3659412)
7004,,-97.6955989,30.3624728,POINT (-97.6955989 30.3624728)
7005,,-97.7062846,30.3673478,POINT (-97.7062846 30.3673478)
7006,,-97.7072893,30.3679508,POINT (-97.7072893 30.3679508)
7007,,-97.7090122,30.3685517,POINT (-97.7090122 30.3685517)
7008,,-97.7097981,30.3689343,POINT (-97.7097981 30.3689343)
7009,,-97.7098602,30.3688365,POINT (-97.7098602 30.3688365)
7010,,-97.7090735,30.3684583,POINT (-97.7090735 30.3684583)
7011,,-97.71236,30.3700561,POINT (-97.71236 30.3700561)
7012,,-97.711534,30.3696548,POINT (-97.711534 30.3696548)
7013,,-97.7196293,30.3743269,POINT (-97.7196293 30.3743269)
7014,,-97.7197481,30.3744781,POINT (-97.7197481 30.3744781)
7015,,-97.7192116,30.3737933,POINT (-97.7192116 30.3737933)
7016,,-97.7196644,30.3751092,POINT (-97.7196644 30.3751092)
7017,,-97.6956639,30.3623797,POINT (-97.6956639 30.3623797)
7018,,-97.6943458,30.3614811,POINT (-97.6943458 30.3614811)
7019,,-97.7051323,30.3668667,POINT (-97.7051323 30.3668667)
7020,,-97.7073449,30.3678493,POINT (-97.7073449 30.3678493)
7021,,-97.7082365,30.3681108,POINT (-97.7082365 30.3681108)
7022,,-97.7028107,30.4261319,POINT (-97.7028107 30.4261319)
7023,,-97.7040655,30.4223166,POINT (-97.7040655 30.4223166)
7024,,-97.6618166,30.3029043,POINT (-97.6618166 30.3029043)
7025,,-97.6612733,30.3026974,POINT (-97.6612733 30.3026974)
7026,,-97.6623812,30.3035427,POINT (-97.6623812 30.3035427)
7027,,-97.6603235,30.3026068,POINT (-97.6603235 30.3026068)
7028,,-97.657168,30.302944,POINT (-97.657168 30.302944)
7029,,-97.660294,30.3029665,POINT (-97.660294 30.3029665)
7030,,-97.7362332,30.3812829,POINT (-97.7362332 30.3812829)
7031,,-97.7572985,30.27136,POINT (-97.7572985 30.27136)
7032,,-97.6420963,30.2046381,POINT (-97.6420963 30.2046381)
7033,,-97.6459113,30.206565,POINT (-97.6459113 30.206565)
7034,,-97.8861369,30.2105178,POINT (-97.8861369 30.2105178)
7035,,-97.8865572,30.2108204,POINT (-97.8865572 30.2108204)
7036,,-97.7391633,30.378244,POINT (-97.7391633 30.378244)
7037,,-97.7497529,30.3266486,POINT (-97.7497529 30.3266486)
7038,,-97.7084463,30.2893029,POINT (-97.7084463 30.2893029)
7039,,-97.7167446,30.3155159,POINT (-97.7167446 30.3155159)
7040,,-97.7086229,30.3109557,POINT (-97.7086229 30.3109557)
7041,,-97.7088628,30.3112134,POINT (-97.7088628 30.3112134)
7042,,-97.7397057,30.3258314,POINT (-97.7397057 30.3258314)
7043,,-97.7332842,30.3521656,POINT (-97.7332842 30.3521656)
7044,,-97.7335159,30.3524241,POINT (-97.7335159 30.3524241)
7045,,-97.7330041,30.3526041,POINT (-97.7330041 30.3526041)
7046,,-97.7307719,30.3565288,POINT (-97.7307719 30.3565288)
7047,,-97.7311867,30.3563473,POINT (-97.7311867 30.3563473)
7048,,-97.6957816,30.4455004,POINT (-97.6957816 30.4455004)
7049,,-97.6957493,30.4456184,POINT (-97.6957493 30.4456184)
7050,,-97.738234,30.3597875,POINT (-97.738234 30.3597875)
7051,,-97.7370292,30.3590403,POINT (-97.7370292 30.3590403)
7052,,-97.7811747,30.2277324,POINT (-97.7811747 30.2277324)
7053,,-97.7775845,30.2275913,POINT (-97.7775845 30.2275913)
7054,,-97.7077998,30.3213364,POINT (-97.7077998 30.3213364)
7055,,-97.707802,30.3223624,POINT (-97.707802 30.3223624)
7056,,-97.7043269,30.2762494,POINT (-97.7043269 30.2762494)
7057,,-97.6490253,30.3592685,POINT (-97.6490253 30.3592685)
7058,,-97.6479314,30.3594258,POINT (-97.6479314 30.3594258)
7059,,-97.6487386,30.3577786,POINT (-97.6487386 30.3577786)
7060,,-97.6506762,30.3651657,POINT (-97.6506762 30.3651657)
7061,,-97.7853967,30.2281243,POINT (-97.7853967 30.2281243)
7062,,-97.7514492,30.2014767,POINT (-97.7514492 30.2014767)
7063,,-97.8521098,30.235024,POINT (-97.8521098 30.235024)
7064,,-97.6896012,30.2785487,POINT (-97.6896012 30.2785487)
7065,,-97.8521793,30.2356967,POINT (-97.8521793 30.2356967)
7066,,-97.8822775,30.1871231,POINT (-97.8822775 30.1871231)
7067,,-97.781397,30.227472,POINT (-97.781397 30.227472)
7068,,-97.6700132,30.4340953,POINT (-97.6700132 30.4340953)
7069,,-97.6705006,30.4314585,POINT (-97.6705006 30.4314585)
7070,,-97.6765358,30.2223325,POINT (-97.6765358 30.2223325)
7071,,-97.6326292,30.1992856,POINT (-97.6326292 30.1992856)
7072,,-97.6221767,30.2043048,POINT (-97.6221767 30.2043048)
7073,,-97.6320957,30.1998465,POINT (-97.6320957 30.1998465)
7074,,-97.6374963,30.202298,POINT (-97.6374963 30.202298)
7075,,-97.6365455,30.2014287,POINT (-97.6365455 30.2014287)
7076,,-97.7810714,30.1939655,POINT (-97.7810714 30.1939655)
7077,,-97.7087297,30.3879385,POINT (-97.7087297 30.3879385)
7078,,-97.8022808,30.4673923,POINT (-97.8022808 30.4673923)
7079,,-97.8037191,30.4669375,POINT (-97.8037191 30.4669375)
7080,,-97.7861691,30.2284988,POINT (-97.7861691 30.2284988)
7081,,-97.711285,30.3214093,POINT (-97.711285 30.3214093)
7082,,-97.765544,30.286747,POINT (-97.765544 30.286747)
7083,,-97.6552423,30.3281831,POINT (-97.6552423 30.3281831)
7084,,-97.6545433,30.3282157,POINT (-97.6545433 30.3282157)
7085,,-97.6548069,30.3290104,POINT (-97.6548069 30.3290104)
7086,,-97.6555491,30.3277071,POINT (-97.6555491 30.3277071)
7087,,-97.6699099,30.3067408,POINT (-97.6699099 30.3067408)
7088,,-97.6696873,30.3072479,POINT (-97.6696873 30.3072479)
7089,,-97.8009766,30.1279169,POINT (-97.8009766 30.1279169)
7090,,-97.7444121,30.2087944,POINT (-97.7444121 30.2087944)
7091,,-97.6587764,30.3772713,POINT (-97.6587764 30.3772713)
7092,,-97.7415908,30.2074332,POINT (-97.7415908 30.2074332)
7093,,-97.736275,30.204843,POINT (-97.736275 30.204843)
7094,,-97.7393949,30.2063486,POINT (-97.7393949 30.2063486)
7095,,-97.7325346,30.3568564,POINT (-97.7325346 30.3568564)
7096,,-97.7324507,30.3568156,POINT (-97.7324507 30.3568156)
7097,,-97.713978,30.348013,POINT (-97.713978 30.348013)
7098,,-97.7144079,30.3483294,POINT (-97.7144079 30.3483294)
7099,,-97.713452,30.348032,POINT (-97.713452 30.348032)
7100,,-97.8029502,30.1236007,POINT (-97.8029502 30.1236007)
7101,,-97.779943,30.4308095,POINT (-97.779943 30.4308095)
7102,,-97.8044538,30.1191996,POINT (-97.8044538 30.1191996)
7103,,-97.6287874,30.3745974,POINT (-97.6287874 30.3745974)
7104,,-97.6509337,30.3882296,POINT (-97.6509337 30.3882296)
7105,,-97.6486834,30.3869437,POINT (-97.6486834 30.3869437)
7106,,-97.6522555,30.3876408,POINT (-97.6522555 30.3876408)
7107,,-97.6573383,30.4021684,POINT (-97.6573383 30.4021684)
7108,,-97.657199,30.402363,POINT (-97.657199 30.402363)
7109,,-97.6550438,30.3995054,POINT (-97.6550438 30.3995054)
7110,,-97.6711353,30.4068305,POINT (-97.6711353 30.4068305)
7111,,-97.6714461,30.4070051,POINT (-97.6714461 30.4070051)
7112,,-97.6715858,30.406773,POINT (-97.6715858 30.406773)
7113,,-97.6722477,30.4074076,POINT (-97.6722477 30.4074076)
7114,,-97.6736928,30.4084438,POINT (-97.6736928 30.4084438)
7115,,-97.673387,30.4077186,POINT (-97.673387 30.4077186)
7116,,-97.650747,30.3884172,POINT (-97.650747 30.3884172)
7117,,-97.653461,30.3945205,POINT (-97.653461 30.3945205)
7118,,-97.6072465,30.3669283,POINT (-97.6072465 30.3669283)
7119,,-97.6071081,30.3671569,POINT (-97.6071081 30.3671569)
7120,,-97.6535837,30.2104758,POINT (-97.6535837 30.2104758)
7121,,-97.6553552,30.2113724,POINT (-97.6553552 30.2113724)
7122,,-97.7542648,30.2634857,POINT (-97.7542648 30.2634857)
7123,,-97.7519598,30.2622652,POINT (-97.7519598 30.2622652)
7124,,-97.761668,30.440152,POINT (-97.761668 30.440152)
7125,,-97.7609305,30.4384254,POINT (-97.7609305 30.4384254)
7126,,-97.7618961,30.4404488,POINT (-97.7618961 30.4404488)
7127,,-97.736718,30.2524598,POINT (-97.736718 30.2524598)
7128,,-97.735739,30.252413,POINT (-97.735739 30.252413)
7129,,-97.7671014,30.4983995,POINT (-97.7671014 30.4983995)
7130,,-97.7705089,30.4994275,POINT (-97.7705089 30.4994275)
7131,,-97.7645144,30.4473846,POINT (-97.7645144 30.4473846)
7132,,-97.7651701,30.4462271,POINT (-97.7651701 30.4462271)
7133,,-97.764123,30.447977,POINT (-97.764123 30.447977)
7134,,-97.7726943,30.4333126,POINT (-97.7726943 30.4333126)
7135,,-97.7709147,30.4338184,POINT (-97.7709147 30.4338184)
7136,,-97.775554,30.4324826,POINT (-97.775554 30.4324826)
7137,,-97.7817106,30.4967216,POINT (-97.7817106 30.4967216)
7138,,-97.7843714,30.4958267,POINT (-97.7843714 30.4958267)
7139,,-97.7684666,30.4332815,POINT (-97.7684666 30.4332815)
7140,,-97.8206518,30.4564537,POINT (-97.8206518 30.4564537)
7141,,-97.8199703,30.4559516,POINT (-97.8199703 30.4559516)
7142,,-97.8214643,30.4570129,POINT (-97.8214643 30.4570129)
7143,,-97.737992,30.2895495,POINT (-97.737992 30.2895495)
7144,,-97.7389545,30.2896181,POINT (-97.7389545 30.2896181)
7145,,-97.8222824,30.4574753,POINT (-97.8222824 30.4574753)
7146,,-97.815215,30.459858,POINT (-97.815215 30.459858)
7147,,-97.8142676,30.4591076,POINT (-97.8142676 30.4591076)
7148,,-97.7402759,30.2897176,POINT (-97.7402759 30.2897176)
7149,,-97.7391357,30.2896299,POINT (-97.7391357 30.2896299)
7150,,-97.7733823,30.4541681,POINT (-97.7733823 30.4541681)
7151,,-97.7742774,30.4538792,POINT (-97.7742774 30.4538792)
7152,,-97.8086263,30.4534216,POINT (-97.8086263 30.4534216)
7153,,-97.8120362,30.4546223,POINT (-97.8120362 30.4546223)
7154,,-97.8079003,30.4542431,POINT (-97.8079003 30.4542431)
7155,,-97.8092164,30.4526794,POINT (-97.8092164 30.4526794)
7156,,-97.8133478,30.4544142,POINT (-97.8133478 30.4544142)
7157,,-97.814638,30.4541899,POINT (-97.814638 30.4541899)
7158,,-97.815625,30.4540235,POINT (-97.815625 30.4540235)
7159,,-97.816358,30.454069,POINT (-97.816358 30.454069)
7160,,-97.8171283,30.4543069,POINT (-97.8171283 30.4543069)
7161,,-97.8178718,30.4545666,POINT (-97.8178718 30.4545666)
7162,,-97.8185561,30.454914,POINT (-97.8185561 30.454914)
7163,,-97.8192836,30.4554476,POINT (-97.8192836 30.4554476)
7164,,-97.8230429,30.4580932,POINT (-97.8230429 30.4580932)
7165,,-97.8231199,30.4580189,POINT (-97.8231199 30.4580189)
7166,,-97.8199765,30.4608396,POINT (-97.8199765 30.4608396)
7167,,-97.8119623,30.4473872,POINT (-97.8119623 30.4473872)
7168,,-97.8118296,30.4481502,POINT (-97.8118296 30.4481502)
7169,,-97.7451543,30.2267294,POINT (-97.7451543 30.2267294)
7170,,-97.8116629,30.4488868,POINT (-97.8116629 30.4488868)
7171,,-97.811573,30.4492198,POINT (-97.811573 30.4492198)
7172,,-97.8114697,30.4496348,POINT (-97.8114697 30.4496348)
7173,,-97.8111878,30.4503926,POINT (-97.8111878 30.4503926)
7174,,-97.8109196,30.4510701,POINT (-97.8109196 30.4510701)
7175,,-97.8105441,30.4517222,POINT (-97.8105441 30.4517222)
7176,,-97.809848,30.452201,POINT (-97.809848 30.452201)
7177,,-97.8076498,30.4544906,POINT (-97.8076498 30.4544906)
7178,,-97.8075704,30.4545691,POINT (-97.8075704 30.4545691)
7179,,-97.8070652,30.455791,POINT (-97.8070652 30.455791)
7180,,-97.8070396,30.4558882,POINT (-97.8070396 30.4558882)
7181,,-97.8045827,30.4562674,POINT (-97.8045827 30.4562674)
7182,,-97.8133637,30.4588487,POINT (-97.8133637 30.4588487)
7183,,-97.8124147,30.4587182,POINT (-97.8124147 30.4587182)
7184,,-97.7785417,30.4525365,POINT (-97.7785417 30.4525365)
7185,,-97.7779677,30.4527193,POINT (-97.7779677 30.4527193)
7186,,-97.7800826,30.4520294,POINT (-97.7800826 30.4520294)
7187,,-97.802795,30.4696217,POINT (-97.802795 30.4696217)
7188,,-97.8028969,30.4695394,POINT (-97.8028969 30.4695394)
7189,,-97.8020981,30.470743,POINT (-97.8020981 30.470743)
7190,,-97.8019896,30.4707136,POINT (-97.8019896 30.4707136)
7191,,-97.8021685,30.4720172,POINT (-97.8021685 30.4720172)
7192,,-97.8021207,30.4718762,POINT (-97.8021207 30.4718762)
7193,,-97.8043051,30.4748182,POINT (-97.8043051 30.4748182)
7194,,-97.8042028,30.4747844,POINT (-97.8042028 30.4747844)
7195,,-97.7948395,30.4656653,POINT (-97.7948395 30.4656653)
7196,,-97.794726,30.4656996,POINT (-97.794726 30.4656996)
7197,,-97.7426654,30.2309269,POINT (-97.7426654 30.2309269)
7198,,-97.8076269,30.45949,POINT (-97.8076269 30.45949)
7199,,-97.8082009,30.4598877,POINT (-97.8082009 30.4598877)
7200,,-97.8074755,30.4589549,POINT (-97.8074755 30.4589549)
7201,,-97.8095877,30.4621238,POINT (-97.8095877 30.4621238)
7202,,-97.8098359,30.4624923,POINT (-97.8098359 30.4624923)
7203,,-97.8093585,30.4617571,POINT (-97.8093585 30.4617571)
7204,,-97.8026569,30.4575645,POINT (-97.8026569 30.4575645)
7205,,-97.8017744,30.4576893,POINT (-97.8017744 30.4576893)
7206,,-97.8077621,30.4582706,POINT (-97.8077621 30.4582706)
7207,,-97.808874,30.4569731,POINT (-97.808874 30.4569731)
7208,,-97.8106185,30.4638864,POINT (-97.8106185 30.4638864)
7209,,-97.8080651,30.4646879,POINT (-97.8080651 30.4646879)
7210,,-97.8140248,30.4628039,POINT (-97.8140248 30.4628039)
7211,,-97.8177495,30.4616202,POINT (-97.8177495 30.4616202)
7212,,-97.8176462,30.461653,POINT (-97.8176462 30.461653)
7213,,-97.8160293,30.4621669,POINT (-97.8160293 30.4621669)
7214,,-97.8026539,30.4663498,POINT (-97.8026539 30.4663498)
7215,,-97.7978943,30.467804,POINT (-97.7978943 30.467804)
7216,,-97.763225,30.2716378,POINT (-97.763225 30.2716378)
7217,,-97.763099,30.2715055,POINT (-97.763099 30.2715055)
7218,,-97.7670272,30.4447754,POINT (-97.7670272 30.4447754)
7219,,-97.765855,30.4456749,POINT (-97.765855 30.4456749)
7220,,-97.7683119,30.4439846,POINT (-97.7683119 30.4439846)
7221,,-97.8077054,30.4585396,POINT (-97.8077054 30.4585396)
7222,,-97.7953308,30.4802775,POINT (-97.7953308 30.4802775)
7223,,-97.7955604,30.4802051,POINT (-97.7955604 30.4802051)
7224,,-97.7632705,30.2713732,POINT (-97.7632705 30.2713732)
7225,,-97.7719984,30.4382538,POINT (-97.7719984 30.4382538)
7226,,-97.7702844,30.4354876,POINT (-97.7702844 30.4354876)
7227,,-97.7733873,30.4413073,POINT (-97.7733873 30.4413073)
7228,,-97.7734552,30.4414086,POINT (-97.7734552 30.4414086)
7229,,-97.7764518,30.4407278,POINT (-97.7764518 30.4407278)
7230,,-97.7757972,30.4434056,POINT (-97.7757972 30.4434056)
7231,,-97.777482,30.4446155,POINT (-97.777482 30.4446155)
7232,,-97.7779039,30.4449139,POINT (-97.7779039 30.4449139)
7233,,-97.7801225,30.4465798,POINT (-97.7801225 30.4465798)
7234,,-97.780978,30.447194,POINT (-97.780978 30.447194)
7235,,-97.7852499,30.4503868,POINT (-97.7852499 30.4503868)
7236,,-97.7821932,30.4513738,POINT (-97.7821932 30.4513738)
7237,,-97.7875867,30.4521089,POINT (-97.7875867 30.4521089)
7238,,-97.7890472,30.4491734,POINT (-97.7890472 30.4491734)
7239,,-97.7890732,30.4532057,POINT (-97.7890732 30.4532057)
7240,,-97.7912603,30.4548125,POINT (-97.7912603 30.4548125)
7241,,-97.8037215,30.4548023,POINT (-97.8037215 30.4548023)
7242,,-97.803522,30.454053,POINT (-97.803522 30.454053)
7243,,-97.762279,30.4407191,POINT (-97.762279 30.4407191)
7244,,-97.7645355,30.2715446,POINT (-97.7645355 30.2715446)
7245,,-97.7791099,30.49701,POINT (-97.7791099 30.49701)
7246,,-97.6645961,30.2157625,POINT (-97.6645961 30.2157625)
7247,,-97.6641735,30.2155306,POINT (-97.6641735 30.2155306)
7248,,-97.8113727,30.4713677,POINT (-97.8113727 30.4713677)
7249,,-97.8113978,30.4712247,POINT (-97.8113978 30.4712247)
7250,,-97.8106034,30.4683805,POINT (-97.8106034 30.4683805)
7251,,-97.8104769,30.468445,POINT (-97.8104769 30.468445)
7252,,-97.8096108,30.4672511,POINT (-97.8096108 30.4672511)
7253,,-97.6642235,30.214832,POINT (-97.6642235 30.214832)
7254,,-97.6639337,30.2153999,POINT (-97.6639337 30.2153999)
7255,,-97.6638253,30.215342,POINT (-97.6638253 30.215342)
7256,,-97.7804875,30.4743596,POINT (-97.7804875 30.4743596)
7257,,-97.7823393,30.4736143,POINT (-97.7823393 30.4736143)
7258,,-97.8027783,30.451673,POINT (-97.8027783 30.451673)
7259,,-97.8024001,30.4507088,POINT (-97.8024001 30.4507088)
7260,,-97.8029795,30.4524753,POINT (-97.8029795 30.4524753)
7261,,-97.7706466,30.4994308,POINT (-97.7706466 30.4994308)
7262,,-97.7635296,30.2711511,POINT (-97.7635296 30.2711511)
7263,,-97.7639456,30.270926,POINT (-97.7639456 30.270926)
7264,,-97.6570483,30.2123604,POINT (-97.6570483 30.2123604)
7265,,-97.6581032,30.2129039,POINT (-97.6581032 30.2129039)
7266,,-97.8001892,30.4579899,POINT (-97.8001892 30.4579899)
7267,,-97.7995991,30.4583483,POINT (-97.7995991 30.4583483)
7268,,-97.663547,30.2159916,POINT (-97.663547 30.2159916)
7269,,-97.6637618,30.2161013,POINT (-97.6637618 30.2161013)
7270,,-97.803185,30.453175,POINT (-97.803185 30.453175)
7271,,-97.6671498,30.2177117,POINT (-97.6671498 30.2177117)
7272,,-97.6689381,30.218642,POINT (-97.6689381 30.218642)
7273,,-97.8092467,30.457137,POINT (-97.8092467 30.457137)
7274,,-97.8089478,30.4568991,POINT (-97.8089478 30.4568991)
7275,,-97.7633022,30.2856439,POINT (-97.7633022 30.2856439)
7276,,-97.7938722,30.475392,POINT (-97.7938722 30.475392)
7277,,-97.7940741,30.4753289,POINT (-97.7940741 30.4753289)
7278,,-97.7942695,30.4773492,POINT (-97.7942695 30.4773492)
7279,,-97.7980253,30.4599049,POINT (-97.7980253 30.4599049)
7280,,-97.7974641,30.4605308,POINT (-97.7974641 30.4605308)
7281,,-97.7616806,30.269428,POINT (-97.7616806 30.269428)
7282,,-97.7654988,30.4459464,POINT (-97.7654988 30.4459464)
7283,,-97.7620951,30.4492692,POINT (-97.7620951 30.4492692)
7284,,-97.7628729,30.4489663,POINT (-97.7628729 30.4489663)
7285,,-97.769897,30.443972,POINT (-97.769897 30.443972)
7286,,-97.7700642,30.443461,POINT (-97.7700642 30.443461)
7287,,-97.7898062,30.4473763,POINT (-97.7898062 30.4473763)
7288,,-97.7913599,30.4534899,POINT (-97.7913599 30.4534899)
7289,,-97.7754268,30.436962,POINT (-97.7754268 30.436962)
7290,,-97.7678601,30.4332394,POINT (-97.7678601 30.4332394)
7291,,-97.8024806,30.4502209,POINT (-97.8024806 30.4502209)
7292,,-97.7727371,30.4416581,POINT (-97.7727371 30.4416581)
7293,,-97.808466,30.460237,POINT (-97.808466 30.460237)
7294,,-97.7604817,30.4373716,POINT (-97.7604817 30.4373716)
7295,,-97.7635799,30.4363621,POINT (-97.7635799 30.4363621)
7296,,-97.792177,30.4580266,POINT (-97.792177 30.4580266)
7297,,-97.7934405,30.4610106,POINT (-97.7934405 30.4610106)
7298,,-97.762822,30.487943,POINT (-97.762822 30.487943)
7299,,-97.7618075,30.4881745,POINT (-97.7618075 30.4881745)
7300,,-97.7660099,30.4877892,POINT (-97.7660099 30.4877892)
7301,,-97.766595,30.487894,POINT (-97.766595 30.487894)
7302,,-97.7666276,30.4877968,POINT (-97.7666276 30.4877968)
7303,,-97.7696397,30.4883099,POINT (-97.7696397 30.4883099)
7304,,-97.7714172,30.4878632,POINT (-97.7714172 30.4878632)
7305,,-97.7710397,30.4869062,POINT (-97.7710397 30.4869062)
7306,,-97.7712222,30.4879278,POINT (-97.7712222 30.4879278)
7307,,-97.7930012,30.1497888,POINT (-97.7930012 30.1497888)
7308,,-97.7921901,30.1495747,POINT (-97.7921901 30.1495747)
7309,,-97.7704076,30.4550961,POINT (-97.7704076 30.4550961)
7310,,-97.7713356,30.4548085,POINT (-97.7713356 30.4548085)
7311,,-97.808696,30.4606034,POINT (-97.808696 30.4606034)
7312,,-97.8088918,30.4609617,POINT (-97.8088918 30.4609617)
7313,,-97.7632038,30.5001668,POINT (-97.7632038 30.5001668)
7314,,-97.8155905,30.460547,POINT (-97.8155905 30.460547)
7315,,-97.7940638,30.1466948,POINT (-97.7940638 30.1466948)
7316,,-97.7672008,30.4816437,POINT (-97.7672008 30.4816437)
7317,,-97.7656459,30.4780458,POINT (-97.7656459 30.4780458)
7318,,-97.7732759,30.4925526,POINT (-97.7732759 30.4925526)
7319,,-97.7714754,30.4879815,POINT (-97.7714754 30.4879815)
7320,,-97.775782,30.4980865,POINT (-97.775782 30.4980865)
7321,,-97.7757293,30.4979873,POINT (-97.7757293 30.4979873)
7322,,-97.7775919,30.4974961,POINT (-97.7775919 30.4974961)
7323,,-97.7645297,30.4360449,POINT (-97.7645297 30.4360449)
7324,,-97.7654756,30.435726,POINT (-97.7654756 30.435726)
7325,,-97.7697413,30.4755945,POINT (-97.7697413 30.4755945)
7326,,-97.7701946,30.4755624,POINT (-97.7701946 30.4755624)
7327,,-97.768971,30.4756846,POINT (-97.768971 30.4756846)
7328,,-97.7738007,30.4750858,POINT (-97.7738007 30.4750858)
7329,,-97.809154,30.461384,POINT (-97.809154 30.461384)
7330,,-97.7601062,30.5008178,POINT (-97.7601062 30.5008178)
7331,,-97.7630714,30.5002035,POINT (-97.7630714 30.5002035)
7332,,-97.8009209,30.457803,POINT (-97.8009209 30.457803)
7333,,-97.7720374,30.4545914,POINT (-97.7720374 30.4545914)
7334,,-97.7724181,30.454472,POINT (-97.7724181 30.454472)
7335,,-97.7920763,30.1498853,POINT (-97.7920763 30.1498853)
7336,,-97.8028722,30.4495758,POINT (-97.8028722 30.4495758)
7337,,-97.8037573,30.4484173,POINT (-97.8037573 30.4484173)
7338,,-97.7893451,30.4692523,POINT (-97.7893451 30.4692523)
7339,,-97.7894953,30.4691863,POINT (-97.7894953 30.4691863)
7340,,-97.7896632,30.469836,POINT (-97.7896632 30.469836)
7341,,-97.8046819,30.456346,POINT (-97.8046819 30.456346)
7342,,-97.803498,30.4572529,POINT (-97.803498 30.4572529)
7343,,-97.809869,30.4576179,POINT (-97.809869 30.4576179)
7344,,-97.8105104,30.4581124,POINT (-97.8105104 30.4581124)
7345,,-97.8114201,30.4585372,POINT (-97.8114201 30.4585372)
7346,,-97.7368084,30.2952636,POINT (-97.7368084 30.2952636)
7347,,-97.7364469,30.2960129,POINT (-97.7364469 30.2960129)
7348,,-97.7893253,30.4945665,POINT (-97.7893253 30.4945665)
7349,,-97.8090592,30.4760233,POINT (-97.8090592 30.4760233)
7350,,-97.8089983,30.4758922,POINT (-97.8089983 30.4758922)
7351,,-97.8108758,30.4754371,POINT (-97.8108758 30.4754371)
7352,,-97.7362503,30.2963292,POINT (-97.7362503 30.2963292)
7353,,-97.776421,30.4532118,POINT (-97.776421 30.4532118)
7354,,-97.7742379,30.4537801,POINT (-97.7742379 30.4537801)
7355,,-97.7359658,30.2967715,POINT (-97.7359658 30.2967715)
7356,,-97.7569476,30.5018384,POINT (-97.7569476 30.5018384)
7357,,-97.7356101,30.2973409,POINT (-97.7356101 30.2973409)
7358,,-97.7670345,30.4352045,POINT (-97.7670345 30.4352045)
7359,,-97.7354263,30.2976425,POINT (-97.7354263 30.2976425)
7360,,-97.767924,30.4348997,POINT (-97.767924 30.4348997)
7361,,-97.7120541,30.3467506,POINT (-97.7120541 30.3467506)
7362,,-97.7810752,30.4517096,POINT (-97.7810752 30.4517096)
7363,,-97.7965639,30.4743726,POINT (-97.7965639 30.4743726)
7364,,-97.7964742,30.4742595,POINT (-97.7964742 30.4742595)
7365,,-97.7978794,30.4734797,POINT (-97.7978794 30.4734797)
7366,,-97.7461678,30.5074195,POINT (-97.7461678 30.5074195)
7367,,-97.7462772,30.5073593,POINT (-97.7462772 30.5073593)
7368,,-97.7477552,30.5058391,POINT (-97.7477552 30.5058391)
7369,,-97.7500198,30.5040793,POINT (-97.7500198 30.5040793)
7370,,-97.7501377,30.5040362,POINT (-97.7501377 30.5040362)
7371,,-97.7520429,30.5034205,POINT (-97.7520429 30.5034205)
7372,,-97.7540282,30.502787,POINT (-97.7540282 30.502787)
7373,,-97.7568354,30.5018737,POINT (-97.7568354 30.5018737)
7374,,-97.7775552,30.4973981,POINT (-97.7775552 30.4973981)
7375,,-97.7915386,30.4942049,POINT (-97.7915386 30.4942049)
7376,,-97.7915127,30.4941021,POINT (-97.7915127 30.4941021)
7377,,-97.7945679,30.493328,POINT (-97.7945679 30.493328)
7378,,-97.7351126,30.2981441,POINT (-97.7351126 30.2981441)
7379,,-97.7349764,30.2983604,POINT (-97.7349764 30.2983604)
7380,,-97.7116366,30.3474687,POINT (-97.7116366 30.3474687)
7381,,-97.7117389,30.3475656,POINT (-97.7117389 30.3475656)
7382,,-97.7343419,30.2993532,POINT (-97.7343419 30.2993532)
7383,,-97.7339526,30.2999716,POINT (-97.7339526 30.2999716)
7384,,-97.7693937,30.4554279,POINT (-97.7693937 30.4554279)
7385,,-97.7666201,30.4563354,POINT (-97.7666201 30.4563354)
7386,,-97.7681424,30.4558357,POINT (-97.7681424 30.4558357)
7387,,-97.8257409,30.455484,POINT (-97.8257409 30.455484)
7388,,-97.8258386,30.4553885,POINT (-97.8258386 30.4553885)
7389,,-97.8262329,30.4556264,POINT (-97.8262329 30.4556264)
7390,,-97.8255489,30.4556716,POINT (-97.8255489 30.4556716)
7391,,-97.7900509,30.4489484,POINT (-97.7900509 30.4489484)
7392,,-97.7909663,30.4486842,POINT (-97.7909663 30.4486842)
7393,,-97.7901362,30.4493266,POINT (-97.7901362 30.4493266)
7394,,-97.7345535,30.2889887,POINT (-97.7345535 30.2889887)
7395,,-97.7469843,30.2671569,POINT (-97.7469843 30.2671569)
7396,,-97.7473235,30.2662364,POINT (-97.7473235 30.2662364)
7397,,-97.7330966,30.3013071,POINT (-97.7330966 30.3013071)
7398,,-97.7327461,30.3018632,POINT (-97.7327461 30.3018632)
7399,,-97.7235139,30.2862908,POINT (-97.7235139 30.2862908)
7400,,-97.724089,30.287392,POINT (-97.724089 30.287392)
7401,,-97.7230928,30.2855989,POINT (-97.7230928 30.2855989)
7402,,-97.7236168,30.28594,POINT (-97.7236168 30.28594)
7403,,-97.7444946,30.4431528,POINT (-97.7444946 30.4431528)
7404,,-97.7464522,30.442428,POINT (-97.7464522 30.442428)
7405,,-97.747704,30.4419509,POINT (-97.747704 30.4419509)
7406,,-97.7496691,30.441196,POINT (-97.7496691 30.441196)
7407,,-97.7506318,30.440817,POINT (-97.7506318 30.440817)
7408,,-97.7392004,30.39901,POINT (-97.7392004 30.39901)
7409,,-97.7392928,30.3990551,POINT (-97.7392928 30.3990551)
7410,,-97.7009495,30.4182353,POINT (-97.7009495 30.4182353)
7411,,-97.6994249,30.4174833,POINT (-97.6994249 30.4174833)
7412,,-97.6982719,30.4169204,POINT (-97.6982719 30.4169204)
7413,,-97.6933317,30.4144921,POINT (-97.6933317 30.4144921)
7414,,-97.6922854,30.4139884,POINT (-97.6922854 30.4139884)
7415,,-97.6906812,30.4132061,POINT (-97.6906812 30.4132061)
7416,,-97.6905845,30.4131531,POINT (-97.6905845 30.4131531)
7417,,-97.6915849,30.4119177,POINT (-97.6915849 30.4119177)
7418,,-97.7319737,30.3030584,POINT (-97.7319737 30.3030584)
7419,,-97.6867477,30.4112879,POINT (-97.6867477 30.4112879)
7420,,-97.6851426,30.4105329,POINT (-97.6851426 30.4105329)
7421,,-97.6823617,30.4092153,POINT (-97.6823617 30.4092153)
7422,,-97.6803361,30.4083936,POINT (-97.6803361 30.4083936)
7423,,-97.6793491,30.4080087,POINT (-97.6793491 30.4080087)
7424,,-97.7410382,30.4413237,POINT (-97.7410382 30.4413237)
7425,,-97.7340181,30.4357749,POINT (-97.7340181 30.4357749)
7426,,-97.7257706,30.4307901,POINT (-97.7257706 30.4307901)
7427,,-97.718338,30.4270025,POINT (-97.718338 30.4270025)
7428,,-97.7153035,30.425433,POINT (-97.7153035 30.425433)
7429,,-97.7892271,30.4226297,POINT (-97.7892271 30.4226297)
7430,,-97.7859705,30.42275,POINT (-97.7859705 30.42275)
7431,,-97.784843,30.4240012,POINT (-97.784843 30.4240012)
7432,,-97.7848509,30.4251604,POINT (-97.7848509 30.4251604)
7433,,-97.7312528,30.3041898,POINT (-97.7312528 30.3041898)
7434,,-97.7811995,30.430095,POINT (-97.7811995 30.430095)
7435,,-97.7808075,30.4303058,POINT (-97.7808075 30.4303058)
7436,,-97.6927135,30.4289655,POINT (-97.6927135 30.4289655)
7437,,-97.6952946,30.4295238,POINT (-97.6952946 30.4295238)
7438,,-97.6968686,30.4298589,POINT (-97.6968686 30.4298589)
7439,,-97.8450181,30.3989039,POINT (-97.8450181 30.3989039)
7440,,-97.8464736,30.4004451,POINT (-97.8464736 30.4004451)
7441,,-97.7196546,30.3752541,POINT (-97.7196546 30.3752541)
7442,,-97.7178366,30.3758265,POINT (-97.7178366 30.3758265)
7443,,-97.7149203,30.3815623,POINT (-97.7149203 30.3815623)
7444,,-97.7147321,30.3817822,POINT (-97.7147321 30.3817822)
7445,,-97.7144043,30.3822612,POINT (-97.7144043 30.3822612)
7446,,-97.7305834,30.3052529,POINT (-97.7305834 30.3052529)
7447,,-97.7198101,30.3752613,POINT (-97.7198101 30.3752613)
7448,,-97.7198178,30.3751123,POINT (-97.7198178 30.3751123)
7449,,-97.7212791,30.3748319,POINT (-97.7212791 30.3748319)
7450,,-97.7141647,30.3712324,POINT (-97.7141647 30.3712324)
7451,,-97.713116,30.3704505,POINT (-97.713116 30.3704505)
7452,,-97.7106646,30.3692318,POINT (-97.7106646 30.3692318)
7453,,-97.6999192,30.3644496,POINT (-97.6999192 30.3644496)
7454,,-97.6981115,30.363584,POINT (-97.6981115 30.363584)
7455,,-97.7298279,30.3064147,POINT (-97.7298279 30.3064147)
7456,,-97.7291113,30.3075531,POINT (-97.7291113 30.3075531)
7457,,-97.67729,30.351641,POINT (-97.67729 30.351641)
7458,,-97.6789603,30.3526519,POINT (-97.6789603 30.3526519)
7459,,-97.6802587,30.3534332,POINT (-97.6802587 30.3534332)
7460,,-97.6814647,30.354146,POINT (-97.6814647 30.354146)
7461,,-97.6828095,30.3550168,POINT (-97.6828095 30.3550168)
7462,,-97.7305436,30.3053197,POINT (-97.7305436 30.3053197)
7463,,-97.6885641,30.3584785,POINT (-97.6885641 30.3584785)
7464,,-97.6895737,30.3589853,POINT (-97.6895737 30.3589853)
7465,,-97.6408388,30.400167,POINT (-97.6408388 30.400167)
7466,,-97.6427805,30.3971845,POINT (-97.6427805 30.3971845)
7467,,-97.6442475,30.3946173,POINT (-97.6442475 30.3946173)
7468,,-97.6457631,30.3925605,POINT (-97.6457631 30.3925605)
7469,,-97.6613426,30.374722,POINT (-97.6613426 30.374722)
7470,,-97.6636671,30.3736116,POINT (-97.6636671 30.3736116)
7471,,-97.6650071,30.3729748,POINT (-97.6650071 30.3729748)
7472,,-97.6675522,30.3700231,POINT (-97.6675522 30.3700231)
7473,,-97.666714,30.3729336,POINT (-97.666714 30.3729336)
7474,,-97.667932,30.3694434,POINT (-97.667932 30.3694434)
7475,,-97.6687963,30.3678394,POINT (-97.6687963 30.3678394)
7476,,-97.6709252,30.3588481,POINT (-97.6709252 30.3588481)
7477,,-97.670982,30.3587598,POINT (-97.670982 30.3587598)
7478,,-97.672236,30.3567715,POINT (-97.672236 30.3567715)
7479,,-97.67349,30.3549322,POINT (-97.67349 30.3549322)
7480,,-97.6744367,30.3534453,POINT (-97.6744367 30.3534453)
7481,,-97.6751622,30.3523081,POINT (-97.6751622 30.3523081)
7482,,-97.6557809,30.4155153,POINT (-97.6557809 30.4155153)
7483,,-97.6487163,30.4095202,POINT (-97.6487163 30.4095202)
7484,,-97.6486225,30.4094746,POINT (-97.6486225 30.4094746)
7485,,-97.6485247,30.4096123,POINT (-97.6485247 30.4096123)
7486,,-97.6471241,30.4087492,POINT (-97.6471241 30.4087492)
7487,,-97.6495735,30.4080455,POINT (-97.6495735 30.4080455)
7488,,-97.6505705,30.4066137,POINT (-97.6505705 30.4066137)
7489,,-97.6528314,30.4052996,POINT (-97.6528314 30.4052996)
7490,,-97.6551295,30.4046364,POINT (-97.6551295 30.4046364)
7491,,-97.712536,30.3850522,POINT (-97.712536 30.3850522)
7492,,-97.7108951,30.3875956,POINT (-97.7108951 30.3875956)
7493,,-97.7103703,30.3887376,POINT (-97.7103703 30.3887376)
7494,,-97.7104785,30.3887872,POINT (-97.7104785 30.3887872)
7495,,-97.7093638,30.3905702,POINT (-97.7093638 30.3905702)
7496,,-97.7082746,30.3922514,POINT (-97.7082746 30.3922514)
7497,,-97.7081963,30.3923799,POINT (-97.7081963 30.3923799)
7498,,-97.7069309,30.3916808,POINT (-97.7069309 30.3916808)
7499,,-97.7065966,30.3946117,POINT (-97.7065966 30.3946117)
7500,,-97.7059854,30.39549,POINT (-97.7059854 30.39549)
7501,,-97.7055938,30.3960973,POINT (-97.7055938 30.3960973)
7502,,-97.7058619,30.3962421,POINT (-97.7058619 30.3962421)
7503,,-97.7045572,30.3979652,POINT (-97.7045572 30.3979652)
7504,,-97.7043641,30.3982768,POINT (-97.7043641 30.3982768)
7505,,-97.7044985,30.398343,POINT (-97.7044985 30.398343)
7506,,-97.7038855,30.3990255,POINT (-97.7038855 30.3990255)
7507,,-97.7036857,30.3993463,POINT (-97.7036857 30.3993463)
7508,,-97.7003822,30.4031448,POINT (-97.7003822 30.4031448)
7509,,-97.6987409,30.4040213,POINT (-97.6987409 30.4040213)
7510,,-97.69693,30.4082548,POINT (-97.69693 30.4082548)
7511,,-97.6954489,30.4106491,POINT (-97.6954489 30.4106491)
7512,,-97.6942747,30.4110008,POINT (-97.6942747 30.4110008)
7513,,-97.6915036,30.411826,POINT (-97.6915036 30.411826)
7514,,-97.6905992,30.4133278,POINT (-97.6905992 30.4133278)
7515,,-97.6896713,30.4144328,POINT (-97.6896713 30.4144328)
7516,,-97.6883546,30.4150975,POINT (-97.6883546 30.4150975)
7517,,-97.6864175,30.4158868,POINT (-97.6864175 30.4158868)
7518,,-97.6845773,30.4173468,POINT (-97.6845773 30.4173468)
7519,,-97.683765,30.4202515,POINT (-97.683765 30.4202515)
7520,,-97.6825457,30.422277,POINT (-97.6825457 30.422277)
7521,,-97.6811628,30.4232668,POINT (-97.6811628 30.4232668)
7522,,-97.7136623,30.3207637,POINT (-97.7136623 30.3207637)
7523,,-97.7126447,30.3198887,POINT (-97.7126447 30.3198887)
7524,,-97.7126754,30.319413,POINT (-97.7126754 30.319413)
7525,,-97.7551217,30.3542973,POINT (-97.7551217 30.3542973)
7526,,-97.7531943,30.3533528,POINT (-97.7531943 30.3533528)
7527,,-97.7579689,30.2621052,POINT (-97.7579689 30.2621052)
7528,,-97.757659,30.2629195,POINT (-97.757659 30.2629195)
7529,,-97.7574604,30.263458,POINT (-97.7574604 30.263458)
7530,,-97.823777,30.1736472,POINT (-97.823777 30.1736472)
7531,,-97.8244312,30.1718439,POINT (-97.8244312 30.1718439)
7532,,-97.8170166,30.1737706,POINT (-97.8170166 30.1737706)
7533,,-97.8161534,30.173781,POINT (-97.8161534 30.173781)
7534,,-97.816979,30.172186,POINT (-97.816979 30.172186)
7535,,-97.8126763,30.173836,POINT (-97.8126763 30.173836)
7536,,-97.8109174,30.1738655,POINT (-97.8109174 30.1738655)
7537,,-97.7365947,30.2916313,POINT (-97.7365947 30.2916313)
7538,,-97.8092973,30.1738954,POINT (-97.8092973 30.1738954)
7539,,-97.8041071,30.1739777,POINT (-97.8041071 30.1739777)
7540,,-97.8025836,30.1739399,POINT (-97.8025836 30.1739399)
7541,,-97.7995351,30.1723915,POINT (-97.7995351 30.1723915)
7542,,-97.8007459,30.1715338,POINT (-97.8007459 30.1715338)
7543,,-97.7909594,30.1671477,POINT (-97.7909594 30.1671477)
7544,,-97.7875096,30.1670276,POINT (-97.7875096 30.1670276)
7545,,-97.7227084,30.2853196,POINT (-97.7227084 30.2853196)
7546,,-97.7274899,30.2875366,POINT (-97.7274899 30.2875366)
7547,,-97.7290978,30.2883687,POINT (-97.7290978 30.2883687)
7548,,-97.7293616,30.2886378,POINT (-97.7293616 30.2886378)
7549,,-97.734894,30.2155931,POINT (-97.734894 30.2155931)
7550,,-97.7354132,30.2156763,POINT (-97.7354132 30.2156763)
7551,,-97.7353475,30.2148908,POINT (-97.7353475 30.2148908)
7552,,-97.7346129,30.216065,POINT (-97.7346129 30.216065)
7553,,-97.7456169,30.2167256,POINT (-97.7456169 30.2167256)
7554,,-97.7363239,30.292892,POINT (-97.7363239 30.292892)
7555,,-97.6692764,30.2928622,POINT (-97.6692764 30.2928622)
7556,,-97.6652609,30.29281,POINT (-97.6652609 30.29281)
7557,,-97.6645641,30.2925571,POINT (-97.6645641 30.2925571)
7558,,-97.6652199,30.2928777,POINT (-97.6652199 30.2928777)
7559,,-97.7350702,30.3896508,POINT (-97.7350702 30.3896508)
7560,,-97.7352726,30.3887151,POINT (-97.7352726 30.3887151)
7561,,-97.6889489,30.3219304,POINT (-97.6889489 30.3219304)
7562,,-97.6889751,30.3221351,POINT (-97.6889751 30.3221351)
7563,,-97.7802956,30.207918,POINT (-97.7802956 30.207918)
7564,,-97.7843414,30.2092663,POINT (-97.7843414 30.2092663)
7565,,-97.7926691,30.2130723,POINT (-97.7926691 30.2130723)
7566,,-97.7976757,30.2154726,POINT (-97.7976757 30.2154726)
7567,,-97.7985284,30.2160655,POINT (-97.7985284 30.2160655)
7568,,-97.8000774,30.2170494,POINT (-97.8000774 30.2170494)
7569,,-97.8764276,30.2116408,POINT (-97.8764276 30.2116408)
7570,,-97.8734888,30.2109915,POINT (-97.8734888 30.2109915)
7571,,-97.8724063,30.2100705,POINT (-97.8724063 30.2100705)
7572,,-97.8723377,30.2099887,POINT (-97.8723377 30.2099887)
7573,,-97.8710634,30.2085982,POINT (-97.8710634 30.2085982)
7574,,-97.865915,30.2081354,POINT (-97.865915 30.2081354)
7575,,-97.8644412,30.2085994,POINT (-97.8644412 30.2085994)
7576,,-97.8642726,30.2086332,POINT (-97.8642726 30.2086332)
7577,,-97.8643118,30.2087348,POINT (-97.8643118 30.2087348)
7578,,-97.8630911,30.2087015,POINT (-97.8630911 30.2087015)
7579,,-97.8451481,30.1907842,POINT (-97.8451481 30.1907842)
7580,,-97.8438541,30.1928269,POINT (-97.8438541 30.1928269)
7581,,-97.8401223,30.1985605,POINT (-97.8401223 30.1985605)
7582,,-97.8400608,30.1986515,POINT (-97.8400608 30.1986515)
7583,,-97.7360092,30.2927474,POINT (-97.7360092 30.2927474)
7584,,-97.8384426,30.2012372,POINT (-97.8384426 30.2012372)
7585,,-97.8380105,30.2019438,POINT (-97.8380105 30.2019438)
7586,,-97.8375768,30.2026314,POINT (-97.8375768 30.2026314)
7587,,-97.8371022,30.2033829,POINT (-97.8371022 30.2033829)
7588,,-97.8366489,30.2041358,POINT (-97.8366489 30.2041358)
7589,,-97.8361377,30.2049878,POINT (-97.8361377 30.2049878)
7590,,-97.8356186,30.2058564,POINT (-97.8356186 30.2058564)
7591,,-97.8349012,30.2069818,POINT (-97.8349012 30.2069818)
7592,,-97.8334273,30.2092788,POINT (-97.8334273 30.2092788)
7593,,-97.8309767,30.2127439,POINT (-97.8309767 30.2127439)
7594,,-97.8302667,30.2138364,POINT (-97.8302667 30.2138364)
7595,,-97.8303848,30.2138899,POINT (-97.8303848 30.2138899)
7596,,-97.8301574,30.2140193,POINT (-97.8301574 30.2140193)
7597,,-97.8279991,30.2175842,POINT (-97.8279991 30.2175842)
7598,,-97.8266037,30.2198012,POINT (-97.8266037 30.2198012)
7599,,-97.8267343,30.2198556,POINT (-97.8267343 30.2198556)
7600,,-97.8320284,30.2147683,POINT (-97.8320284 30.2147683)
7601,,-97.8293416,30.1754972,POINT (-97.8293416 30.1754972)
7602,,-97.8281022,30.17473,POINT (-97.8281022 30.17473)
7603,,-97.7355857,30.3865442,POINT (-97.7355857 30.3865442)
7604,,-97.7360166,30.3778046,POINT (-97.7360166 30.3778046)
7605,,-97.8410478,30.179356,POINT (-97.8410478 30.179356)
7606,,-97.8402786,30.1805334,POINT (-97.8402786 30.1805334)
7607,,-97.8418376,30.1797426,POINT (-97.8418376 30.1797426)
7608,,-97.8437791,30.1806793,POINT (-97.8437791 30.1806793)
7609,,-97.8455296,30.1815286,POINT (-97.8455296 30.1815286)
7610,,-97.847256,30.1823766,POINT (-97.847256 30.1823766)
7611,,-97.854986,30.1867728,POINT (-97.854986 30.1867728)
7612,,-97.8566942,30.1891758,POINT (-97.8566942 30.1891758)
7613,,-97.8585002,30.1932072,POINT (-97.8585002 30.1932072)
7614,,-97.8594322,30.1953133,POINT (-97.8594322 30.1953133)
7615,,-97.8627291,30.1988038,POINT (-97.8627291 30.1988038)
7616,,-97.8634236,30.1994284,POINT (-97.8634236 30.1994284)
7617,,-97.8845762,30.2033582,POINT (-97.8845762 30.2033582)
7618,,-97.8892665,30.208788,POINT (-97.8892665 30.208788)
7619,,-97.8894046,30.2086723,POINT (-97.8894046 30.2086723)
7620,,-97.8498477,30.1836531,POINT (-97.8498477 30.1836531)
7621,,-97.8497077,30.1835839,POINT (-97.8497077 30.1835839)
7622,,-97.8487101,30.1851742,POINT (-97.8487101 30.1851742)
7623,,-97.8858698,30.1935339,POINT (-97.8858698 30.1935339)
7624,,-97.8848911,30.1938915,POINT (-97.8848911 30.1938915)
7625,,-97.8928265,30.1883985,POINT (-97.8928265 30.1883985)
7626,,-97.8783829,30.2056251,POINT (-97.8783829 30.2056251)
7627,,-97.8767628,30.2092303,POINT (-97.8767628 30.2092303)
7628,,-97.8764221,30.211748,POINT (-97.8764221 30.211748)
7629,,-97.8762399,30.2131484,POINT (-97.8762399 30.2131484)
7630,,-97.8758261,30.2145422,POINT (-97.8758261 30.2145422)
7631,,-97.874085,30.2174267,POINT (-97.874085 30.2174267)
7632,,-97.8716525,30.2236532,POINT (-97.8716525 30.2236532)
7633,,-97.8702124,30.22427,POINT (-97.8702124 30.22427)
7634,,-97.6613302,30.3022889,POINT (-97.6613302 30.3022889)
7635,,-97.6695073,30.2687763,POINT (-97.6695073 30.2687763)
7636,,-97.6690998,30.2701241,POINT (-97.6690998 30.2701241)
7637,,-97.7355869,30.3583791,POINT (-97.7355869 30.3583791)
7638,,-97.7356418,30.3582923,POINT (-97.7356418 30.3582923)
7639,,-97.7369847,30.3591226,POINT (-97.7369847 30.3591226)
7640,,-97.7390671,30.3602121,POINT (-97.7390671 30.3602121)
7641,,-97.6471972,30.329562,POINT (-97.6471972 30.329562)
7642,,-97.6474927,30.3295356,POINT (-97.6474927 30.3295356)
7643,,-97.654645,30.329406,POINT (-97.654645 30.329406)
7644,,-97.6599766,30.3286403,POINT (-97.6599766 30.3286403)
7645,,-97.7494688,30.3638025,POINT (-97.7494688 30.3638025)
7646,,-97.7494762,30.3642698,POINT (-97.7494762 30.3642698)
7647,,-97.7490878,30.3633552,POINT (-97.7490878 30.3633552)
7648,,-97.861241,30.2411065,POINT (-97.861241 30.2411065)
7649,,-97.8618852,30.2393152,POINT (-97.8618852 30.2393152)
7650,,-97.8521137,30.2247258,POINT (-97.8521137 30.2247258)
7651,,-97.8614204,30.2280278,POINT (-97.8614204 30.2280278)
7652,,-97.8493576,30.2248435,POINT (-97.8493576 30.2248435)
7653,,-97.8483928,30.2246536,POINT (-97.8483928 30.2246536)
7654,,-97.8474369,30.2244686,POINT (-97.8474369 30.2244686)
7655,,-97.7941466,30.4690167,POINT (-97.7941466 30.4690167)
7656,,-97.7396766,30.3773415,POINT (-97.7396766 30.3773415)
7657,,-97.8464817,30.2242821,POINT (-97.8464817 30.2242821)
7658,,-97.845482,30.2240941,POINT (-97.845482 30.2240941)
7659,,-97.8417215,30.2233088,POINT (-97.8417215 30.2233088)
7660,,-97.8415984,30.2234497,POINT (-97.8415984 30.2234497)
7661,,-97.8391235,30.2223476,POINT (-97.8391235 30.2223476)
7662,,-97.8440494,30.2197408,POINT (-97.8440494 30.2197408)
7663,,-97.8435285,30.2236665,POINT (-97.8435285 30.2236665)
7664,,-97.8363281,30.2195622,POINT (-97.8363281 30.2195622)
7665,,-97.8373239,30.2202493,POINT (-97.8373239 30.2202493)
7666,,-97.8359905,30.2191116,POINT (-97.8359905 30.2191116)
7667,,-97.8342478,30.2168461,POINT (-97.8342478 30.2168461)
7668,,-97.8333734,30.2156955,POINT (-97.8333734 30.2156955)
7669,,-97.8292606,30.2132109,POINT (-97.8292606 30.2132109)
7670,,-97.8277654,30.2125386,POINT (-97.8277654 30.2125386)
7671,,-97.8248472,30.211118,POINT (-97.8248472 30.211118)
7672,,-97.8220038,30.2099644,POINT (-97.8220038 30.2099644)
7673,,-97.8180319,30.2080444,POINT (-97.8180319 30.2080444)
7674,,-97.8165764,30.2075296,POINT (-97.8165764 30.2075296)
7675,,-97.8154062,30.2071062,POINT (-97.8154062 30.2071062)
7676,,-97.8091689,30.2036786,POINT (-97.8091689 30.2036786)
7677,,-97.8088707,30.2034803,POINT (-97.8088707 30.2034803)
7678,,-97.8056315,30.2026428,POINT (-97.8056315 30.2026428)
7679,,-97.8044173,30.2022197,POINT (-97.8044173 30.2022197)
7680,,-97.7999193,30.2006921,POINT (-97.7999193 30.2006921)
7681,,-97.7979991,30.200029,POINT (-97.7979991 30.200029)
7682,,-97.8646671,30.2299763,POINT (-97.8646671 30.2299763)
7683,,-97.864584,30.2298813,POINT (-97.864584 30.2298813)
7684,,-97.8632753,30.228942,POINT (-97.8632753 30.228942)
7685,,-97.7851067,30.195592,POINT (-97.7851067 30.195592)
7686,,-97.7800785,30.1934405,POINT (-97.7800785 30.1934405)
7687,,-97.7898408,30.1979078,POINT (-97.7898408 30.1979078)
7688,,-97.7710692,30.1904382,POINT (-97.7710692 30.1904382)
7689,,-97.770169,30.1901907,POINT (-97.770169 30.1901907)
7690,,-97.7698236,30.1899994,POINT (-97.7698236 30.1899994)
7691,,-97.7652453,30.1883426,POINT (-97.7652453 30.1883426)
7692,,-97.762904,30.1876489,POINT (-97.762904 30.1876489)
7693,,-97.7611467,30.1871221,POINT (-97.7611467 30.1871221)
7694,,-97.7158797,30.3569493,POINT (-97.7158797 30.3569493)
7695,,-97.75191,30.1816915,POINT (-97.75191 30.1816915)
7696,,-97.7489455,30.18033,POINT (-97.7489455 30.18033)
7697,,-97.7487883,30.1802605,POINT (-97.7487883 30.1802605)
7698,,-97.746966,30.1796341,POINT (-97.746966 30.1796341)
7699,,-97.7416481,30.3844797,POINT (-97.7416481 30.3844797)
7700,,-97.7079548,30.2271231,POINT (-97.7079548 30.2271231)
7701,,-97.7089789,30.2276146,POINT (-97.7089789 30.2276146)
7702,,-97.7069339,30.2285141,POINT (-97.7069339 30.2285141)
7703,,-97.7109178,30.2285832,POINT (-97.7109178 30.2285832)
7704,,-97.7143735,30.2304345,POINT (-97.7143735 30.2304345)
7705,,-97.7160935,30.2311643,POINT (-97.7160935 30.2311643)
7706,,-97.7175094,30.231729,POINT (-97.7175094 30.231729)
7707,,-97.7277323,30.2412038,POINT (-97.7277323 30.2412038)
7708,,-97.7282308,30.2418337,POINT (-97.7282308 30.2418337)
7709,,-97.7290586,30.2430046,POINT (-97.7290586 30.2430046)
7710,,-97.7303127,30.2447797,POINT (-97.7303127 30.2447797)
7711,,-97.7311351,30.245706,POINT (-97.7311351 30.245706)
7712,,-97.7279773,30.2448647,POINT (-97.7279773 30.2448647)
7713,,-97.7303865,30.2445774,POINT (-97.7303865 30.2445774)
7714,,-97.7320218,30.2464143,POINT (-97.7320218 30.2464143)
7715,,-97.732205,30.2465563,POINT (-97.732205 30.2465563)
7716,,-97.7335651,30.2475413,POINT (-97.7335651 30.2475413)
7717,,-97.734141,30.2477562,POINT (-97.734141 30.2477562)
7718,,-97.7048768,30.2255101,POINT (-97.7048768 30.2255101)
7719,,-97.7035062,30.2248936,POINT (-97.7035062 30.2248936)
7720,,-97.7061945,30.2206818,POINT (-97.7061945 30.2206818)
7721,,-97.6997535,30.2233382,POINT (-97.6997535 30.2233382)
7722,,-97.6978648,30.2225043,POINT (-97.6978648 30.2225043)
7723,,-97.6970006,30.2221232,POINT (-97.6970006 30.2221232)
7724,,-97.6950747,30.2210237,POINT (-97.6950747 30.2210237)
7725,,-97.6942874,30.2205641,POINT (-97.6942874 30.2205641)
7726,,-97.6935942,30.2201544,POINT (-97.6935942 30.2201544)
7727,,-97.7393538,30.3907565,POINT (-97.7393538 30.3907565)
7728,,-97.7369725,30.3903412,POINT (-97.7369725 30.3903412)
7729,,-97.7396152,30.3933999,POINT (-97.7396152 30.3933999)
7730,,-97.7397695,30.3934451,POINT (-97.7397695 30.3934451)
7731,,-97.7374124,30.3979628,POINT (-97.7374124 30.3979628)
7732,,-97.7397512,30.3933371,POINT (-97.7397512 30.3933371)
7733,,-97.7433267,30.1985557,POINT (-97.7433267 30.1985557)
7734,,-97.7448172,30.1959623,POINT (-97.7448172 30.1959623)
7735,,-97.7447488,30.1940107,POINT (-97.7447488 30.1940107)
7736,,-97.7446848,30.1931095,POINT (-97.7446848 30.1931095)
7737,,-97.7470239,30.191307,POINT (-97.7470239 30.191307)
7738,,-97.7453032,30.1893315,POINT (-97.7453032 30.1893315)
7739,,-97.745572,30.1886918,POINT (-97.745572 30.1886918)
7740,,-97.7459978,30.1878805,POINT (-97.7459978 30.1878805)
7741,,-97.7464167,30.1871061,POINT (-97.7464167 30.1871061)
7742,,-97.7453415,30.1851215,POINT (-97.7453415 30.1851215)
7743,,-97.7458499,30.1823985,POINT (-97.7458499 30.1823985)
7744,,-97.7468812,30.1802453,POINT (-97.7468812 30.1802453)
7745,,-97.7495211,30.176135,POINT (-97.7495211 30.176135)
7746,,-97.881992,30.2575449,POINT (-97.881992 30.2575449)
7747,,-97.878979,30.2565174,POINT (-97.878979 30.2565174)
7748,,-97.87083,30.2569887,POINT (-97.87083 30.2569887)
7749,,-97.8706713,30.2569831,POINT (-97.8706713 30.2569831)
7750,,-97.8530149,30.2495197,POINT (-97.8530149 30.2495197)
7751,,-97.8482104,30.2471853,POINT (-97.8482104 30.2471853)
7752,,-97.8372539,30.2417178,POINT (-97.8372539 30.2417178)
7753,,-97.8352566,30.2407386,POINT (-97.8352566 30.2407386)
7754,,-97.8333111,30.2400169,POINT (-97.8333111 30.2400169)
7755,,-97.8303,30.2399086,POINT (-97.8303 30.2399086)
7756,,-97.8239777,30.2380566,POINT (-97.8239777 30.2380566)
7757,,-97.6943911,30.3854844,POINT (-97.6943911 30.3854844)
7758,,-97.6977454,30.3872292,POINT (-97.6977454 30.3872292)
7759,,-97.6986031,30.387706,POINT (-97.6986031 30.387706)
7760,,-97.7001767,30.3886143,POINT (-97.7001767 30.3886143)
7761,,-97.7032711,30.390317,POINT (-97.7032711 30.390317)
7762,,-97.705442,30.3911872,POINT (-97.705442 30.3911872)
7763,,-97.70831,30.3924285,POINT (-97.70831 30.3924285)
7764,,-97.7072355,30.3938393,POINT (-97.7072355 30.3938393)
7765,,-97.7083875,30.3923065,POINT (-97.7083875 30.3923065)
7766,,-97.7111835,30.3931233,POINT (-97.7111835 30.3931233)
7767,,-97.7159813,30.3903967,POINT (-97.7159813 30.3903967)
7768,,-97.721147,30.393095,POINT (-97.721147 30.393095)
7769,,-97.7255438,30.3923862,POINT (-97.7255438 30.3923862)
7770,,-97.8196725,30.2774535,POINT (-97.8196725 30.2774535)
7771,,-97.820654,30.276967,POINT (-97.820654 30.276967)
7772,,-97.8169321,30.2637102,POINT (-97.8169321 30.2637102)
7773,,-97.812394,30.2579842,POINT (-97.812394 30.2579842)
7774,,-97.812327,30.2579007,POINT (-97.812327 30.2579007)
7775,,-97.8090131,30.25364,POINT (-97.8090131 30.25364)
7776,,-97.8067513,30.250794,POINT (-97.8067513 30.250794)
7777,,-97.8068209,30.2505145,POINT (-97.8068209 30.2505145)
7778,,-97.8041825,30.247554,POINT (-97.8041825 30.247554)
7779,,-97.8039023,30.2471653,POINT (-97.8039023 30.2471653)
7780,,-97.8197381,30.2779296,POINT (-97.8197381 30.2779296)
7781,,-97.8189925,30.2775427,POINT (-97.8189925 30.2775427)
7782,,-97.8110122,30.3275421,POINT (-97.8110122 30.3275421)
7783,,-97.8089759,30.3307392,POINT (-97.8089759 30.3307392)
7784,,-97.803438,30.3394005,POINT (-97.803438 30.3394005)
7785,,-97.8305096,30.1951404,POINT (-97.8305096 30.1951404)
7786,,-97.8296772,30.1957331,POINT (-97.8296772 30.1957331)
7787,,-97.8286049,30.1970146,POINT (-97.8286049 30.1970146)
7788,,-97.8255063,30.1990111,POINT (-97.8255063 30.1990111)
7789,,-97.8193195,30.2007206,POINT (-97.8193195 30.2007206)
7790,,-97.8188124,30.2013841,POINT (-97.8188124 30.2013841)
7791,,-97.8180406,30.2025835,POINT (-97.8180406 30.2025835)
7792,,-97.8164784,30.205006,POINT (-97.8164784 30.205006)
7793,,-97.8158851,30.2060745,POINT (-97.8158851 30.2060745)
7794,,-97.8153163,30.2072403,POINT (-97.8153163 30.2072403)
7795,,-97.812602,30.2057689,POINT (-97.812602 30.2057689)
7796,,-97.8147163,30.2081637,POINT (-97.8147163 30.2081637)
7797,,-97.8147592,30.2122921,POINT (-97.8147592 30.2122921)
7798,,-97.8140691,30.2151002,POINT (-97.8140691 30.2151002)
7799,,-97.8139726,30.2152067,POINT (-97.8139726 30.2152067)
7800,,-97.7350388,30.3897715,POINT (-97.7350388 30.3897715)
7801,,-97.7352732,30.3901404,POINT (-97.7352732 30.3901404)
7802,,-97.7458135,30.3893125,POINT (-97.7458135 30.3893125)
7803,,-97.7446141,30.3903266,POINT (-97.7446141 30.3903266)
7804,,-97.7457636,30.389193,POINT (-97.7457636 30.389193)
7805,,-97.7465131,30.3891169,POINT (-97.7465131 30.3891169)
7806,,-97.7767838,30.3793481,POINT (-97.7767838 30.3793481)
7807,,-97.7455261,30.3887737,POINT (-97.7455261 30.3887737)
7808,,-97.744287,30.3897215,POINT (-97.744287 30.3897215)
7809,,-97.7340493,30.190949,POINT (-97.7340493 30.190949)
7810,,-97.7346113,30.1912008,POINT (-97.7346113 30.1912008)
7811,,-97.7356945,30.1917217,POINT (-97.7356945 30.1917217)
7812,,-97.7373388,30.1925075,POINT (-97.7373388 30.1925075)
7813,,-97.7411155,30.1940391,POINT (-97.7411155 30.1940391)
7814,,-97.743096,30.194098,POINT (-97.743096 30.194098)
7815,,-97.7460643,30.1939354,POINT (-97.7460643 30.1939354)
7816,,-97.7497861,30.1946009,POINT (-97.7497861 30.1946009)
7817,,-97.7524531,30.1935794,POINT (-97.7524531 30.1935794)
7818,,-97.7536251,30.1935146,POINT (-97.7536251 30.1935146)
7819,,-97.7544372,30.1934679,POINT (-97.7544372 30.1934679)
7820,,-97.7556956,30.1935336,POINT (-97.7556956 30.1935336)
7821,,-97.759137,30.195969,POINT (-97.759137 30.195969)
7822,,-97.7606833,30.1969973,POINT (-97.7606833 30.1969973)
7823,,-97.6137085,30.347365,POINT (-97.6137085 30.347365)
7824,,-97.6142936,30.3531095,POINT (-97.6142936 30.3531095)
7825,,-97.616835,30.356069,POINT (-97.616835 30.356069)
7826,,-97.6151969,30.3593018,POINT (-97.6151969 30.3593018)
7827,,-97.7266365,30.3017743,POINT (-97.7266365 30.3017743)
7828,,-97.6143769,30.3606216,POINT (-97.6143769 30.3606216)
7829,,-97.6132919,30.365777,POINT (-97.6132919 30.365777)
7830,,-97.7257681,30.2304888,POINT (-97.7257681 30.2304888)
7831,,-97.725315,30.231209,POINT (-97.725315 30.231209)
7832,,-97.7243206,30.2327792,POINT (-97.7243206 30.2327792)
7833,,-97.7227579,30.2340519,POINT (-97.7227579 30.2340519)
7834,,-97.6807378,30.3413167,POINT (-97.6807378 30.3413167)
7835,,-97.682378,30.3388085,POINT (-97.682378 30.3388085)
7836,,-97.6842073,30.3359827,POINT (-97.6842073 30.3359827)
7837,,-97.7263281,30.3016232,POINT (-97.7263281 30.3016232)
7838,,-97.6912935,30.327795,POINT (-97.6912935 30.327795)
7839,,-97.6917271,30.3271171,POINT (-97.6917271 30.3271171)
7840,,-97.6923685,30.3260995,POINT (-97.6923685 30.3260995)
7841,,-97.6931115,30.3248765,POINT (-97.6931115 30.3248765)
7842,,-97.69429,30.3281343,POINT (-97.69429 30.3281343)
7843,,-97.7695952,30.2270475,POINT (-97.7695952 30.2270475)
7844,,-97.639343,30.2032414,POINT (-97.639343 30.2032414)
7845,,-97.6396071,30.2033745,POINT (-97.6396071 30.2033745)
7846,,-97.6392317,30.2035776,POINT (-97.6392317 30.2035776)
7847,,-97.6414271,30.204302,POINT (-97.6414271 30.204302)
7848,,-97.6462698,30.2067452,POINT (-97.6462698 30.2067452)
7849,,-97.607531,30.3350791,POINT (-97.607531 30.3350791)
7850,,-97.7313601,30.3511579,POINT (-97.7313601 30.3511579)
7851,,-97.730471,30.350722,POINT (-97.730471 30.350722)
7852,,-97.7295352,30.3502666,POINT (-97.7295352 30.3502666)
7853,,-97.7361165,30.3575297,POINT (-97.7361165 30.3575297)
7854,,-97.7355308,30.3582345,POINT (-97.7355308 30.3582345)
7855,,-97.7258264,30.3013671,POINT (-97.7258264 30.3013671)
7856,,-97.7158443,30.3025219,POINT (-97.7158443 30.3025219)
7857,,-97.7146238,30.3013204,POINT (-97.7146238 30.3013204)
7858,,-97.7136852,30.3007442,POINT (-97.7136852 30.3007442)
7859,,-97.7129265,30.3003509,POINT (-97.7129265 30.3003509)
7860,,-97.7126133,30.3002028,POINT (-97.7126133 30.3002028)
7861,,-97.7108181,30.2992994,POINT (-97.7108181 30.2992994)
7862,,-97.7079785,30.294148,POINT (-97.7079785 30.294148)
7863,,-97.7076775,30.2915385,POINT (-97.7076775 30.2915385)
7864,,-97.7075112,30.2903151,POINT (-97.7075112 30.2903151)
7865,,-97.7070323,30.2875599,POINT (-97.7070323 30.2875599)
7866,,-97.7080388,30.2891898,POINT (-97.7080388 30.2891898)
7867,,-97.7498197,30.3941373,POINT (-97.7498197 30.3941373)
7868,,-97.752129,30.3945205,POINT (-97.752129 30.3945205)
7869,,-97.7569175,30.3920181,POINT (-97.7569175 30.3920181)
7870,,-97.7589845,30.3914037,POINT (-97.7589845 30.3914037)
7871,,-97.7353272,30.2636267,POINT (-97.7353272 30.2636267)
7872,,-97.7362276,30.2599137,POINT (-97.7362276 30.2599137)
7873,,-97.7715506,30.4353896,POINT (-97.7715506 30.4353896)
7874,,-97.7690414,30.4344447,POINT (-97.7690414 30.4344447)
7875,,-97.7691653,30.4345119,POINT (-97.7691653 30.4345119)
7876,,-97.7684173,30.4346773,POINT (-97.7684173 30.4346773)
7877,,-97.7652241,30.4316723,POINT (-97.7652241 30.4316723)
7878,,-97.760707,30.4297189,POINT (-97.760707 30.4297189)
7879,,-97.7647246,30.4314308,POINT (-97.7647246 30.4314308)
7880,,-97.7700375,30.4340256,POINT (-97.7700375 30.4340256)
7881,,-97.7694056,30.4337345,POINT (-97.7694056 30.4337345)
7882,,-97.7404325,30.2160372,POINT (-97.7404325 30.2160372)
7883,,-97.7470948,30.2166507,POINT (-97.7470948 30.2166507)
7884,,-97.7498038,30.2164518,POINT (-97.7498038 30.2164518)
7885,,-97.7517767,30.217003,POINT (-97.7517767 30.217003)
7886,,-97.7521227,30.2171199,POINT (-97.7521227 30.2171199)
7887,,-97.7525307,30.2157434,POINT (-97.7525307 30.2157434)
7888,,-97.7119877,30.212697,POINT (-97.7119877 30.212697)
7889,,-97.7121615,30.2127076,POINT (-97.7121615 30.2127076)
7890,,-97.7111241,30.2139809,POINT (-97.7111241 30.2139809)
7891,,-97.7530318,30.2159629,POINT (-97.7530318 30.2159629)
7892,,-97.7493183,30.2155843,POINT (-97.7493183 30.2155843)
7893,,-97.749191,30.2155922,POINT (-97.749191 30.2155922)
7894,,-97.7355747,30.2145414,POINT (-97.7355747 30.2145414)
7895,,-97.7181695,30.2976613,POINT (-97.7181695 30.2976613)
7896,,-97.7335735,30.2146198,POINT (-97.7335735 30.2146198)
7897,,-97.7232531,30.2132764,POINT (-97.7232531 30.2132764)
7898,,-97.7194351,30.2128852,POINT (-97.7194351 30.2128852)
7899,,-97.7126262,30.2119697,POINT (-97.7126262 30.2119697)
7900,,-97.7124562,30.2119553,POINT (-97.7124562 30.2119553)
7901,,-97.7137931,30.2100097,POINT (-97.7137931 30.2100097)
7902,,-97.7119517,30.2119145,POINT (-97.7119517 30.2119145)
7903,,-97.7540431,30.2169254,POINT (-97.7540431 30.2169254)
7904,,-97.753054,30.2144392,POINT (-97.753054 30.2144392)
7905,,-97.7491996,30.2192616,POINT (-97.7491996 30.2192616)
7906,,-97.7602481,30.2207853,POINT (-97.7602481 30.2207853)
7907,,-97.7543133,30.2175058,POINT (-97.7543133 30.2175058)
7908,,-97.7500648,30.2162137,POINT (-97.7500648 30.2162137)
7909,,-97.7459304,30.2157858,POINT (-97.7459304 30.2157858)
7910,,-97.7429698,30.216002,POINT (-97.7429698 30.216002)
7911,,-97.7504657,30.2185438,POINT (-97.7504657 30.2185438)
7912,,-97.7536106,30.217661,POINT (-97.7536106 30.217661)
7913,,-97.7485662,30.2159066,POINT (-97.7485662 30.2159066)
7914,,-97.7535376,30.2173297,POINT (-97.7535376 30.2173297)
7915,,-97.7558755,30.2192033,POINT (-97.7558755 30.2192033)
7916,,-97.7598141,30.2208461,POINT (-97.7598141 30.2208461)
7917,,-97.7495665,30.21683,POINT (-97.7495665 30.21683)
7918,,-97.7362589,30.2152922,POINT (-97.7362589 30.2152922)
7919,,-97.7301973,30.2141438,POINT (-97.7301973 30.2141438)
7920,,-97.7163184,30.2127919,POINT (-97.7163184 30.2127919)
7921,,-97.8274382,30.2309859,POINT (-97.8274382 30.2309859)
7922,,-97.8307056,30.2267516,POINT (-97.8307056 30.2267516)
7923,,-97.8286006,30.2282709,POINT (-97.8286006 30.2282709)
7924,,-97.8268896,30.2314087,POINT (-97.8268896 30.2314087)
7925,,-97.8243871,30.2343355,POINT (-97.8243871 30.2343355)
7926,,-97.7185098,30.2970954,POINT (-97.7185098 30.2970954)
7927,,-97.8307869,30.2269485,POINT (-97.8307869 30.2269485)
7928,,-97.833795,30.2244534,POINT (-97.833795 30.2244534)
7929,,-97.8366915,30.2210717,POINT (-97.8366915 30.2210717)
7930,,-97.8170336,30.2406339,POINT (-97.8170336 30.2406339)
7931,,-97.8176161,30.240329,POINT (-97.8176161 30.240329)
7932,,-97.6668759,30.3202312,POINT (-97.6668759 30.3202312)
7933,,-97.6721068,30.32521,POINT (-97.6721068 30.32521)
7934,,-97.6682643,30.3212947,POINT (-97.6682643 30.3212947)
7935,,-97.6745822,30.3259157,POINT (-97.6745822 30.3259157)
7936,,-97.7369244,30.2525114,POINT (-97.7369244 30.2525114)
7937,,-97.7370625,30.2524552,POINT (-97.7370625 30.2524552)
7938,,-97.6965078,30.2510354,POINT (-97.6965078 30.2510354)
7939,,-97.7324472,30.2749496,POINT (-97.7324472 30.2749496)
7940,,-97.732514,30.2790762,POINT (-97.732514 30.2790762)
7941,,-97.7350024,30.2723668,POINT (-97.7350024 30.2723668)
7942,,-97.7324444,30.2714147,POINT (-97.7324444 30.2714147)
7943,,-97.6660405,30.2100912,POINT (-97.6660405 30.2100912)
7944,,-97.9003148,30.1811286,POINT (-97.9003148 30.1811286)
7945,,-97.9001425,30.1810479,POINT (-97.9001425 30.1810479)
7946,,-97.9004561,30.1809163,POINT (-97.9004561 30.1809163)
7947,,-97.8995216,30.1820307,POINT (-97.8995216 30.1820307)
7948,,-97.8998694,30.1809201,POINT (-97.8998694 30.1809201)
7949,,-97.9047535,30.1967922,POINT (-97.9047535 30.1967922)
7950,,-97.7539016,30.3417676,POINT (-97.7539016 30.3417676)
7951,,-97.7558847,30.3370975,POINT (-97.7558847 30.3370975)
7952,,-97.7533608,30.3352867,POINT (-97.7533608 30.3352867)
7953,,-97.7439016,30.3898598,POINT (-97.7439016 30.3898598)
7954,,-97.6865467,30.3321876,POINT (-97.6865467 30.3321876)
7955,,-97.6862707,30.3320778,POINT (-97.6862707 30.3320778)
7956,,-97.6881743,30.3335484,POINT (-97.6881743 30.3335484)
7957,,-97.6911093,30.3351228,POINT (-97.6911093 30.3351228)
7958,,-97.7272546,30.2826969,POINT (-97.7272546 30.2826969)
7959,,-97.7284528,30.2810598,POINT (-97.7284528 30.2810598)
7960,,-97.7654789,30.2735155,POINT (-97.7654789 30.2735155)
7961,,-97.7666302,30.2803942,POINT (-97.7666302 30.2803942)
7962,,-97.7669494,30.2757064,POINT (-97.7669494 30.2757064)
7963,,-97.7149638,30.302185,POINT (-97.7149638 30.302185)
7964,,-97.7143004,30.3031892,POINT (-97.7143004 30.3031892)
7965,,-97.717682,30.2980657,POINT (-97.717682 30.2980657)
7966,,-97.7169095,30.2995686,POINT (-97.7169095 30.2995686)
7967,,-97.5996375,30.3366473,POINT (-97.5996375 30.3366473)
7968,,-97.5981971,30.3371933,POINT (-97.5981971 30.3371933)
7969,,-97.5919032,30.3406728,POINT (-97.5919032 30.3406728)
7970,,-97.5923142,30.3405128,POINT (-97.5923142 30.3405128)
7971,,-97.5914978,30.3398785,POINT (-97.5914978 30.3398785)
7972,,-97.5913478,30.3395681,POINT (-97.5913478 30.3395681)
7973,,-97.5902792,30.3403305,POINT (-97.5902792 30.3403305)
7974,,-97.5884085,30.3347785,POINT (-97.5884085 30.3347785)
7975,,-97.5866783,30.3316406,POINT (-97.5866783 30.3316406)
7976,,-97.5879492,30.3350117,POINT (-97.5879492 30.3350117)
7977,,-97.5901182,30.3400195,POINT (-97.5901182 30.3400195)
7978,,-97.5927366,30.3442949,POINT (-97.5927366 30.3442949)
7979,,-97.5899273,30.3404584,POINT (-97.5899273 30.3404584)
7980,,-97.5906885,30.3411359,POINT (-97.5906885 30.3411359)
7981,,-97.5908283,30.3414064,POINT (-97.5908283 30.3414064)
7982,,-97.5831025,30.3265061,POINT (-97.5831025 30.3265061)
7983,,-97.5755853,30.3173925,POINT (-97.5755853 30.3173925)
7984,,-97.5705103,30.3091544,POINT (-97.5705103 30.3091544)
7985,,-97.585918,30.3313594,POINT (-97.585918 30.3313594)
7986,,-97.704908,30.3219852,POINT (-97.704908 30.3219852)
7987,,-97.6993889,30.3216671,POINT (-97.6993889 30.3216671)
7988,,-97.7072496,30.3240459,POINT (-97.7072496 30.3240459)
7989,,-97.7037237,30.3226715,POINT (-97.7037237 30.3226715)
7990,,-97.7052668,30.32278,POINT (-97.7052668 30.32278)
7991,,-97.7057622,30.3227347,POINT (-97.7057622 30.3227347)
7992,,-97.7074386,30.3198262,POINT (-97.7074386 30.3198262)
7993,,-97.7945593,30.4610831,POINT (-97.7945593 30.4610831)
7994,,-97.7944238,30.4607439,POINT (-97.7944238 30.4607439)
7995,,-97.7935581,30.4613697,POINT (-97.7935581 30.4613697)
7996,,-97.7931961,30.457688,POINT (-97.7931961 30.457688)
7997,,-97.7927892,30.4565484,POINT (-97.7927892 30.4565484)
7998,,-97.7925105,30.4554151,POINT (-97.7925105 30.4554151)
7999,,-97.79198,30.4529599,POINT (-97.79198 30.4529599)
8000,,-97.7910891,30.4491608,POINT (-97.7910891 30.4491608)
8001,,-97.7909328,30.4485731,POINT (-97.7909328 30.4485731)
8002,,-97.7912684,30.4485921,POINT (-97.7912684 30.4485921)
8003,,-97.7908507,30.4482756,POINT (-97.7908507 30.4482756)
8004,,-97.788246,30.4447156,POINT (-97.788246 30.4447156)
8005,,-97.7704169,30.4351534,POINT (-97.7704169 30.4351534)
8006,,-97.7708824,30.4344444,POINT (-97.7708824 30.4344444)
8007,,-97.7707417,30.4353025,POINT (-97.7707417 30.4353025)
8008,,-97.7791337,30.439845,POINT (-97.7791337 30.439845)
8009,,-97.7831376,30.4423815,POINT (-97.7831376 30.4423815)
8010,,-97.7840817,30.4429882,POINT (-97.7840817 30.4429882)
8011,,-97.7879456,30.4455666,POINT (-97.7879456 30.4455666)
8012,,-97.789922,30.4484494,POINT (-97.789922 30.4484494)
8013,,-97.7899601,30.4485903,POINT (-97.7899601 30.4485903)
8014,,-97.7916099,30.4563075,POINT (-97.7916099 30.4563075)
8015,,-97.7935989,30.4614855,POINT (-97.7935989 30.4614855)
8016,,-97.7930435,30.4615071,POINT (-97.7930435 30.4615071)
8017,,-97.7705929,30.4342952,POINT (-97.7705929 30.4342952)
8018,,-97.7755599,30.4367636,POINT (-97.7755599 30.4367636)
8019,,-97.7714208,30.4347323,POINT (-97.7714208 30.4347323)
8020,,-97.7795767,30.4391958,POINT (-97.7795767 30.4391958)
8021,,-97.7778862,30.4380705,POINT (-97.7778862 30.4380705)
8022,,-97.7824438,30.4410083,POINT (-97.7824438 30.4410083)
8023,,-97.7868786,30.4438408,POINT (-97.7868786 30.4438408)
8024,,-97.7687349,30.434295,POINT (-97.7687349 30.434295)
8025,,-97.7751289,30.4374251,POINT (-97.7751289 30.4374251)
8026,,-97.790478,30.4480206,POINT (-97.790478 30.4480206)
8027,,-97.7910364,30.4489565,POINT (-97.7910364 30.4489565)
8028,,-97.7933931,30.4600859,POINT (-97.7933931 30.4600859)
8029,,-97.7937672,30.4618961,POINT (-97.7937672 30.4618961)
8030,,-97.7941331,30.4627889,POINT (-97.7941331 30.4627889)
8031,,-97.7945968,30.461178,POINT (-97.7945968 30.461178)
8032,,-97.7949769,30.4610633,POINT (-97.7949769 30.4610633)
8033,,-97.7967746,30.4607513,POINT (-97.7967746 30.4607513)
8034,,-97.7968015,30.4608414,POINT (-97.7968015 30.4608414)
8035,,-97.7955435,30.4607906,POINT (-97.7955435 30.4607906)
8036,,-97.798388,30.4732177,POINT (-97.798388 30.4732177)
8037,,-97.7985499,30.47364,POINT (-97.7985499 30.47364)
8038,,-97.799314,30.4728915,POINT (-97.799314 30.4728915)
8039,,-97.7996256,30.4727993,POINT (-97.7996256 30.4727993)
8040,,-97.7650885,30.4767981,POINT (-97.7650885 30.4767981)
8041,,-97.76557,30.4766367,POINT (-97.76557 30.4766367)
8042,,-97.7647157,30.4759282,POINT (-97.7647157 30.4759282)
8043,,-97.8040661,30.4659025,POINT (-97.8040661 30.4659025)
8044,,-97.8038798,30.4659599,POINT (-97.8038798 30.4659599)
8045,,-97.8036415,30.4649956,POINT (-97.8036415 30.4649956)
8046,,-97.7806314,30.4730649,POINT (-97.7806314 30.4730649)
8047,,-97.7801572,30.4731727,POINT (-97.7801572 30.4731727)
8048,,-97.7779045,30.4735179,POINT (-97.7779045 30.4735179)
8049,,-97.7762779,30.4736761,POINT (-97.7762779 30.4736761)
8050,,-97.7644619,30.4760186,POINT (-97.7644619 30.4760186)
8051,,-97.7677189,30.475624,POINT (-97.7677189 30.475624)
8052,,-97.7803841,30.4738526,POINT (-97.7803841 30.4738526)
8053,,-97.7674409,30.4750835,POINT (-97.7674409 30.4750835)
8054,,-97.7651168,30.4758094,POINT (-97.7651168 30.4758094)
8055,,-97.7032586,30.4196225,POINT (-97.7032586 30.4196225)
8056,,-97.7640015,30.2236653,POINT (-97.7640015 30.2236653)
8057,,-97.7034348,30.4204127,POINT (-97.7034348 30.4204127)
8058,,-97.7035553,30.4200509,POINT (-97.7035553 30.4200509)
8059,,-97.7027498,30.4227901,POINT (-97.7027498 30.4227901)
8060,,-97.7135269,30.4246331,POINT (-97.7135269 30.4246331)
8061,,-97.7142757,30.4237016,POINT (-97.7142757 30.4237016)
8062,,-97.7121141,30.4241231,POINT (-97.7121141 30.4241231)
8063,,-97.6741697,30.4077862,POINT (-97.6741697 30.4077862)
8064,,-97.7660123,30.2236363,POINT (-97.7660123 30.2236363)
8065,,-97.7656632,30.223413,POINT (-97.7656632 30.223413)
8066,,-97.675907,30.4080243,POINT (-97.675907 30.4080243)
8067,,-97.6754293,30.4074566,POINT (-97.6754293 30.4074566)
8068,,-97.6750984,30.4081174,POINT (-97.6750984 30.4081174)
8069,,-97.6763682,30.4081631,POINT (-97.6763682 30.4081631)
8070,,-97.6782288,30.407888,POINT (-97.6782288 30.407888)
8071,,-97.6786575,30.4079645,POINT (-97.6786575 30.4079645)
8072,,-97.6781645,30.4082559,POINT (-97.6781645 30.4082559)
8073,,-97.769424,30.2259994,POINT (-97.769424 30.2259994)
8074,,-97.7505588,30.2804728,POINT (-97.7505588 30.2804728)
8075,,-97.7506823,30.2799158,POINT (-97.7506823 30.2799158)
8076,,-97.7512514,30.2827252,POINT (-97.7512514 30.2827252)
8077,,-97.750576,30.2812014,POINT (-97.750576 30.2812014)
8078,,-97.8072121,30.476777,POINT (-97.8072121 30.476777)
8079,,-97.8070996,30.4768484,POINT (-97.8070996 30.4768484)
8080,,-97.8061313,30.4756308,POINT (-97.8061313 30.4756308)
8081,,-97.8151867,30.4753062,POINT (-97.8151867 30.4753062)
8082,,-97.8136785,30.4751121,POINT (-97.8136785 30.4751121)
8083,,-97.8073197,30.476923,POINT (-97.8073197 30.476923)
8084,,-97.7952698,30.4801096,POINT (-97.7952698 30.4801096)
8085,,-97.7944717,30.480377,POINT (-97.7944717 30.480377)
8086,,-97.7941559,30.4804791,POINT (-97.7941559 30.4804791)
8087,,-97.7921657,30.4810663,POINT (-97.7921657 30.4810663)
8088,,-97.7895817,30.4819822,POINT (-97.7895817 30.4819822)
8089,,-97.7899302,30.4829489,POINT (-97.7899302 30.4829489)
8090,,-97.7922537,30.4812586,POINT (-97.7922537 30.4812586)
8091,,-97.810983,30.4754189,POINT (-97.810983 30.4754189)
8092,,-97.8109494,30.4752855,POINT (-97.8109494 30.4752855)
8093,,-97.8136813,30.4752484,POINT (-97.8136813 30.4752484)
8094,,-97.8108382,30.4753026,POINT (-97.8108382 30.4753026)
8095,,-97.81064,30.4739175,POINT (-97.81064 30.4739175)
8096,,-97.810515,30.4739393,POINT (-97.810515 30.4739393)
8097,,-97.8112255,30.4713507,POINT (-97.8112255 30.4713507)
8098,,-97.8110324,30.4698304,POINT (-97.8110324 30.4698304)
8099,,-97.8111551,30.469769,POINT (-97.8111551 30.469769)
8100,,-97.8112473,30.4712116,POINT (-97.8112473 30.4712116)
8101,,-97.7937967,30.4752051,POINT (-97.7937967 30.4752051)
8102,,-97.7983361,30.4730902,POINT (-97.7983361 30.4730902)
8103,,-97.7701385,30.2264538,POINT (-97.7701385 30.2264538)
8104,,-97.8019948,30.4719113,POINT (-97.8019948 30.4719113)
8105,,-97.8060142,30.4756856,POINT (-97.8060142 30.4756856)
8106,,-97.7962333,30.4652394,POINT (-97.7962333 30.4652394)
8107,,-97.7952355,30.4655336,POINT (-97.7952355 30.4655336)
8108,,-97.7961472,30.4650353,POINT (-97.7961472 30.4650353)
8109,,-97.7952846,30.4656579,POINT (-97.7952846 30.4656579)
8110,,-97.7954243,30.4659817,POINT (-97.7954243 30.4659817)
8111,,-97.7962813,30.4653644,POINT (-97.7962813 30.4653644)
8112,,-97.7967231,30.4652581,POINT (-97.7967231 30.4652581)
8113,,-97.7973104,30.4650868,POINT (-97.7973104 30.4650868)
8114,,-97.7972466,30.4649309,POINT (-97.7972466 30.4649309)
8115,,-97.7988897,30.4644654,POINT (-97.7988897 30.4644654)
8116,,-97.7988467,30.4642886,POINT (-97.7988467 30.4642886)
8117,,-97.8006287,30.4640608,POINT (-97.8006287 30.4640608)
8118,,-97.8042123,30.4667984,POINT (-97.8042123 30.4667984)
8119,,-97.8033197,30.4661353,POINT (-97.8033197 30.4661353)
8120,,-97.8044403,30.4667312,POINT (-97.8044403 30.4667312)
8121,,-97.8043504,30.4679199,POINT (-97.8043504 30.4679199)
8122,,-97.8027759,30.4694403,POINT (-97.8027759 30.4694403)
8123,,-97.8026742,30.4695308,POINT (-97.8026742 30.4695308)
8124,,-97.8020344,30.4720507,POINT (-97.8020344 30.4720507)
8125,,-97.8015192,30.4720256,POINT (-97.8015192 30.4720256)
8126,,-97.8025825,30.473261,POINT (-97.8025825 30.473261)
8127,,-97.8072213,30.4769913,POINT (-97.8072213 30.4769913)
8128,,-97.8056614,30.4778272,POINT (-97.8056614 30.4778272)
8129,,-97.7787417,30.2273905,POINT (-97.7787417 30.2273905)
8130,,-97.7358824,30.2487907,POINT (-97.7358824 30.2487907)
8131,,-97.7874102,30.2290847,POINT (-97.7874102 30.2290847)
8132,,-97.8027041,30.4732207,POINT (-97.8027041 30.4732207)
8133,,-97.8044335,30.4680623,POINT (-97.8044335 30.4680623)
8134,,-97.8043086,30.4680255,POINT (-97.8043086 30.4680255)
8135,,-97.8044849,30.4679657,POINT (-97.8044849 30.4679657)
8136,,-97.7881665,30.2294499,POINT (-97.7881665 30.2294499)
8137,,-97.8095004,30.4671451,POINT (-97.8095004 30.4671451)
8138,,-97.80936,30.4672223,POINT (-97.80936 30.4672223)
8139,,-97.8094633,30.4673227,POINT (-97.8094633 30.4673227)
8140,,-97.8006266,30.4722699,POINT (-97.8006266 30.4722699)
8141,,-97.8006671,30.472361,POINT (-97.8006671 30.472361)
8142,,-97.7996399,30.4726132,POINT (-97.7996399 30.4726132)
8143,,-97.8008125,30.4724456,POINT (-97.8008125 30.4724456)
8144,,-97.8007775,30.4723464,POINT (-97.8007775 30.4723464)
8145,,-97.7954962,30.4800298,POINT (-97.7954962 30.4800298)
8146,,-97.7979113,30.4801346,POINT (-97.7979113 30.4801346)
8147,,-97.7948708,30.478591,POINT (-97.7948708 30.478591)
8148,,-97.7944512,30.4773509,POINT (-97.7944512 30.4773509)
8149,,-97.7940025,30.4751471,POINT (-97.7940025 30.4751471)
8150,,-97.7900354,30.230354,POINT (-97.7900354 30.230354)
8151,,-97.7890513,30.2298679,POINT (-97.7890513 30.2298679)
8152,,-97.7933017,30.4735749,POINT (-97.7933017 30.4735749)
8153,,-97.792002,30.4726379,POINT (-97.792002 30.4726379)
8154,,-97.791914,30.4727653,POINT (-97.791914 30.4727653)
8155,,-97.7907808,30.4718767,POINT (-97.7907808 30.4718767)
8156,,-97.7885581,30.4683849,POINT (-97.7885581 30.4683849)
8157,,-97.7892004,30.4639054,POINT (-97.7892004 30.4639054)
8158,,-97.7892765,30.4638414,POINT (-97.7892765 30.4638414)
8159,,-97.7906169,30.4658626,POINT (-97.7906169 30.4658626)
8160,,-97.7891573,30.4637769,POINT (-97.7891573 30.4637769)
8161,,-97.7809462,30.2279553,POINT (-97.7809462 30.2279553)
8162,,-97.7909215,30.4629201,POINT (-97.7909215 30.4629201)
8163,,-97.7931583,30.4615938,POINT (-97.7931583 30.4615938)
8164,,-97.8026489,30.4784927,POINT (-97.8026489 30.4784927)
8165,,-97.8005314,30.4755294,POINT (-97.8005314 30.4755294)
8166,,-97.8009099,30.4765223,POINT (-97.8009099 30.4765223)
8167,,-97.7900307,30.4701946,POINT (-97.7900307 30.4701946)
8168,,-97.7898977,30.4698509,POINT (-97.7898977 30.4698509)
8169,,-97.7936646,30.2327449,POINT (-97.7936646 30.2327449)
8170,,-97.7898249,30.4702598,POINT (-97.7898249 30.4702598)
8171,,-97.7884575,30.4684854,POINT (-97.7884575 30.4684854)
8172,,-97.7876682,30.4670847,POINT (-97.7876682 30.4670847)
8173,,-97.787541,30.467103,POINT (-97.787541 30.467103)
8174,,-97.7876234,30.466039,POINT (-97.7876234 30.466039)
8175,,-97.7901228,30.4711077,POINT (-97.7901228 30.4711077)
8176,,-97.7894412,30.470384,POINT (-97.7894412 30.470384)
8177,,-97.7992516,30.2388015,POINT (-97.7992516 30.2388015)
8178,,-97.7947882,30.4658278,POINT (-97.7947882 30.4658278)
8179,,-97.7934674,30.4663258,POINT (-97.7934674 30.4663258)
8180,,-97.8034917,30.4650295,POINT (-97.8034917 30.4650295)
8181,,-97.8028509,30.4637096,POINT (-97.8028509 30.4637096)
8182,,-97.7920989,30.462051,POINT (-97.7920989 30.462051)
8183,,-97.7922178,30.4621661,POINT (-97.7922178 30.4621661)
8184,,-97.790857,30.4627926,POINT (-97.790857 30.4627926)
8185,,-97.7874811,30.4660181,POINT (-97.7874811 30.4660181)
8186,,-97.7955998,30.4608877,POINT (-97.7955998 30.4608877)
8187,,-97.7949936,30.4609374,POINT (-97.7949936 30.4609374)
8188,,-97.805803,30.4779641,POINT (-97.805803 30.4779641)
8189,,-97.7657353,30.2248444,POINT (-97.7657353 30.2248444)
8190,,-97.8644811,30.2456281,POINT (-97.8644811 30.2456281)
8191,,-97.8648477,30.2454587,POINT (-97.8648477 30.2454587)
8192,,-97.7323734,30.314942,POINT (-97.7323734 30.314942)
8193,,-97.7639843,30.2231066,POINT (-97.7639843 30.2231066)
8194,,-97.8865091,30.1953969,POINT (-97.8865091 30.1953969)
8195,,-97.7865785,30.2290319,POINT (-97.7865785 30.2290319)
8196,,-97.8259156,30.2347684,POINT (-97.8259156 30.2347684)
8197,,-97.7633075,30.2223987,POINT (-97.7633075 30.2223987)
8198,,-97.7539621,30.2165731,POINT (-97.7539621 30.2165731)
8199,,-97.737743,30.2586044,POINT (-97.737743 30.2586044)
8200,,-97.6234545,30.1945063,POINT (-97.6234545 30.1945063)
8201,,-97.624389,30.1953071,POINT (-97.624389 30.1953071)
8202,,-97.6218626,30.203831,POINT (-97.6218626 30.203831)
8203,,-97.6608865,30.2143062,POINT (-97.6608865 30.2143062)
8204,,-97.6645209,30.2162288,POINT (-97.6645209 30.2162288)
8205,,-97.6634219,30.2159269,POINT (-97.6634219 30.2159269)
8206,,-97.667713,30.2177224,POINT (-97.667713 30.2177224)
8207,,-97.6623734,30.2147659,POINT (-97.6623734 30.2147659)
8208,,-97.6740491,30.2212324,POINT (-97.6740491 30.2212324)
8209,,-97.7712778,30.274111,POINT (-97.7712778 30.274111)
8210,,-97.7695431,30.2750705,POINT (-97.7695431 30.2750705)
8211,,-97.8391396,30.23705,POINT (-97.8391396 30.23705)
8212,,-97.8031098,30.2318601,POINT (-97.8031098 30.2318601)
8213,,-97.7999523,30.2322353,POINT (-97.7999523 30.2322353)
8214,,-97.6589351,30.2126712,POINT (-97.6589351 30.2126712)
8215,,-97.6585351,30.2131246,POINT (-97.6585351 30.2131246)
8216,,-97.6366469,30.2013285,POINT (-97.6366469 30.2013285)
8217,,-97.6329057,30.1989958,POINT (-97.6329057 30.1989958)
8218,,-97.6254914,30.1945813,POINT (-97.6254914 30.1945813)
8219,,-97.6246888,30.1955636,POINT (-97.6246888 30.1955636)
8220,,-97.6222093,30.2085892,POINT (-97.6222093 30.2085892)
8221,,-97.6216173,30.2086057,POINT (-97.6216173 30.2086057)
8222,,-97.6227886,30.2072678,POINT (-97.6227886 30.2072678)
8223,,-97.6232172,30.202743,POINT (-97.6232172 30.202743)
8224,,-97.624591,30.19548,POINT (-97.624591 30.19548)
8225,,-97.6921798,30.2422149,POINT (-97.6921798 30.2422149)
8226,,-97.692928,30.2413613,POINT (-97.692928 30.2413613)
8227,,-97.6920492,30.2420983,POINT (-97.6920492 30.2420983)
8228,,-97.6906765,30.2425885,POINT (-97.6906765 30.2425885)
8229,,-97.7017611,30.4261408,POINT (-97.7017611 30.4261408)
8230,,-97.7012466,30.4276788,POINT (-97.7012466 30.4276788)
8231,,-97.7004444,30.4301378,POINT (-97.7004444 30.4301378)
8232,,-97.6989863,30.4341948,POINT (-97.6989863 30.4341948)
8233,,-97.6987638,30.4354915,POINT (-97.6987638 30.4354915)
8234,,-97.6987444,30.4356735,POINT (-97.6987444 30.4356735)
8235,,-97.6987704,30.4369434,POINT (-97.6987704 30.4369434)
8236,,-97.6980336,30.4396945,POINT (-97.6980336 30.4396945)
8237,,-97.6978697,30.440071,POINT (-97.6978697 30.440071)
8238,,-97.6987711,30.4404806,POINT (-97.6987711 30.4404806)
8239,,-97.6974586,30.4440142,POINT (-97.6974586 30.4440142)
8240,,-97.6986275,30.4408333,POINT (-97.6986275 30.4408333)
8241,,-97.6971225,30.4498451,POINT (-97.6971225 30.4498451)
8242,,-97.6970263,30.4494227,POINT (-97.6970263 30.4494227)
8243,,-97.702835,30.4249942,POINT (-97.702835 30.4249942)
8244,,-97.7047321,30.4195361,POINT (-97.7047321 30.4195361)
8245,,-97.7002202,30.431801,POINT (-97.7002202 30.431801)
8246,,-97.6963576,30.4457056,POINT (-97.6963576 30.4457056)
8247,,-97.6960375,30.448809,POINT (-97.6960375 30.448809)
8248,,-97.678123,30.3237649,POINT (-97.678123 30.3237649)
8249,,-97.7582709,30.4307604,POINT (-97.7582709 30.4307604)
8250,,-97.7581853,30.4309936,POINT (-97.7581853 30.4309936)
8251,,-97.7588658,30.4299408,POINT (-97.7588658 30.4299408)
8252,,-97.7581604,30.4310761,POINT (-97.7581604 30.4310761)
8253,,-97.7557821,30.4371723,POINT (-97.7557821 30.4371723)
8254,,-97.7139569,30.2042642,POINT (-97.7139569 30.2042642)
8255,,-97.7122417,30.2033315,POINT (-97.7122417 30.2033315)
8256,,-97.7648233,30.4768933,POINT (-97.7648233 30.4768933)
8257,,-97.7649269,30.4771222,POINT (-97.7649269 30.4771222)
8258,,-97.7642239,30.4760954,POINT (-97.7642239 30.4760954)
8259,,-97.7670393,30.4817293,POINT (-97.7670393 30.4817293)
8260,,-97.7681119,30.4831404,POINT (-97.7681119 30.4831404)
8261,,-97.7044871,30.2346349,POINT (-97.7044871 30.2346349)
8262,,-97.7045844,30.2346851,POINT (-97.7045844 30.2346851)
8263,,-97.7036468,30.2359544,POINT (-97.7036468 30.2359544)
8264,,-97.7769361,30.5023811,POINT (-97.7769361 30.5023811)
8265,,-97.6999067,30.2428842,POINT (-97.6999067 30.2428842)
8266,,-97.7003445,30.2445977,POINT (-97.7003445 30.2445977)
8267,,-97.6484278,30.3870947,POINT (-97.6484278 30.3870947)
8268,,-97.6485653,30.3871653,POINT (-97.6485653 30.3871653)
8269,,-97.6475637,30.3886057,POINT (-97.6475637 30.3886057)
8270,,-97.6920286,30.2194135,POINT (-97.6920286 30.2194135)
8271,,-97.6847639,30.2229238,POINT (-97.6847639 30.2229238)
8272,,-97.6883495,30.2203813,POINT (-97.6883495 30.2203813)
8273,,-97.6959796,30.2511682,POINT (-97.6959796 30.2511682)
8274,,-97.6960618,30.250903,POINT (-97.6960618 30.250903)
8275,,-97.6145489,30.3686593,POINT (-97.6145489 30.3686593)
8276,,-97.6133314,30.3684046,POINT (-97.6133314 30.3684046)
8277,,-97.7989215,30.4590878,POINT (-97.7989215 30.4590878)
8278,,-97.799032,30.4591757,POINT (-97.799032 30.4591757)
8279,,-97.7997064,30.4584245,POINT (-97.7997064 30.4584245)
8280,,-97.7665708,30.4562188,POINT (-97.7665708 30.4562188)
8281,,-97.7648604,30.4567811,POINT (-97.7648604 30.4567811)
8282,,-97.7733064,30.4540858,POINT (-97.7733064 30.4540858)
8283,,-97.7724747,30.4543434,POINT (-97.7724747 30.4543434)
8284,,-97.7720029,30.4544921,POINT (-97.7720029 30.4544921)
8285,,-97.6962714,30.25124,POINT (-97.6962714 30.25124)
8286,,-97.7703828,30.4549957,POINT (-97.7703828 30.4549957)
8287,,-97.7790024,30.4397581,POINT (-97.7790024 30.4397581)
8288,,-97.7764317,30.4406385,POINT (-97.7764317 30.4406385)
8289,,-97.7749179,30.4373367,POINT (-97.7749179 30.4373367)
8290,,-97.7754089,30.4867241,POINT (-97.7754089 30.4867241)
8291,,-97.7877444,30.482487,POINT (-97.7877444 30.482487)
8292,,-97.6958433,30.2522891,POINT (-97.6958433 30.2522891)
8293,,-97.7696041,30.4884179,POINT (-97.7696041 30.4884179)
8294,,-97.7697152,30.4884062,POINT (-97.7697152 30.4884062)
8295,,-97.7712742,30.4880411,POINT (-97.7712742 30.4880411)
8296,,-97.7730836,30.4926064,POINT (-97.7730836 30.4926064)
8297,,-97.7743527,30.4956829,POINT (-97.7743527 30.4956829)
8298,,-97.7755308,30.4980562,POINT (-97.7755308 30.4980562)
8299,,-97.7755803,30.4981487,POINT (-97.7755803 30.4981487)
8300,,-97.7739619,30.4986324,POINT (-97.7739619 30.4986324)
8301,,-97.7705175,30.499324,POINT (-97.7705175 30.499324)
8302,,-97.7671013,30.4982812,POINT (-97.7671013 30.4982812)
8303,,-97.7616357,30.2621572,POINT (-97.7616357 30.2621572)
8304,,-97.9138186,30.1861769,POINT (-97.9138186 30.1861769)
8305,,-97.9114098,30.1938005,POINT (-97.9114098 30.1938005)
8306,,-97.9114647,30.1938889,POINT (-97.9114647 30.1938889)
8307,,-97.91079,30.193037,POINT (-97.91079 30.193037)
8308,,-97.9134244,30.195514,POINT (-97.9134244 30.195514)
8309,,-97.9135322,30.1955697,POINT (-97.9135322 30.1955697)
8310,,-97.9167781,30.1993241,POINT (-97.9167781 30.1993241)
8311,,-97.9158232,30.2037992,POINT (-97.9158232 30.2037992)
8312,,-97.7677938,30.2762634,POINT (-97.7677938 30.2762634)
8313,,-97.7414682,30.2676984,POINT (-97.7414682 30.2676984)
8314,,-97.7524668,30.2142009,POINT (-97.7524668 30.2142009)
8315,,-97.7700351,30.4349563,POINT (-97.7700351 30.4349563)
8316,,-97.7269801,30.2448328,POINT (-97.7269801 30.2448328)
8317,,-97.7680868,30.4557018,POINT (-97.7680868 30.4557018)
8318,,-97.7896638,30.449072,POINT (-97.7896638 30.449072)
8319,,-97.790021,30.4488287,POINT (-97.790021 30.4488287)
8320,,-97.7897538,30.4489116,POINT (-97.7897538 30.4489116)
8321,,-97.806783,30.4471325,POINT (-97.806783 30.4471325)
8322,,-97.8331953,30.4433474,POINT (-97.8331953 30.4433474)
8323,,-97.8314718,30.44262,POINT (-97.8314718 30.44262)
8324,,-97.738267,30.2667989,POINT (-97.738267 30.2667989)
8325,,-97.8301197,30.4420431,POINT (-97.8301197 30.4420431)
8326,,-97.8274706,30.4409365,POINT (-97.8274706 30.4409365)
8327,,-97.8255206,30.4406012,POINT (-97.8255206 30.4406012)
8328,,-97.8414333,30.4324439,POINT (-97.8414333 30.4324439)
8329,,-97.8404135,30.4350382,POINT (-97.8404135 30.4350382)
8330,,-97.8418746,30.428451,POINT (-97.8418746 30.428451)
8331,,-97.8433163,30.4269049,POINT (-97.8433163 30.4269049)
8332,,-97.7702263,30.4341172,POINT (-97.7702263 30.4341172)
8333,,-97.7705652,30.4339925,POINT (-97.7705652 30.4339925)
8334,,-97.797558,30.4606094,POINT (-97.797558 30.4606094)
8335,,-97.7654693,30.2733403,POINT (-97.7654693 30.2733403)
8336,,-97.7790705,30.4969055,POINT (-97.7790705 30.4969055)
8337,,-97.7910057,30.4927335,POINT (-97.7910057 30.4927335)
8338,,-97.7893954,30.4944398,POINT (-97.7893954 30.4944398)
8339,,-97.7843102,30.4957414,POINT (-97.7843102 30.4957414)
8340,,-97.7816939,30.4966032,POINT (-97.7816939 30.4966032)
8341,,-97.8312023,30.3919085,POINT (-97.8312023 30.3919085)
8342,,-97.8449172,30.3988501,POINT (-97.8449172 30.3988501)
8343,,-97.8452467,30.3985678,POINT (-97.8452467 30.3985678)
8344,,-97.8462033,30.4021592,POINT (-97.8462033 30.4021592)
8345,,-97.846083,30.4021348,POINT (-97.846083 30.4021348)
8346,,-97.8465769,30.4004229,POINT (-97.8465769 30.4004229)
8347,,-97.7361277,30.266199,POINT (-97.7361277 30.266199)
8348,,-97.8501898,30.4057044,POINT (-97.8501898 30.4057044)
8349,,-97.8521023,30.40652,POINT (-97.8521023 30.40652)
8350,,-97.8517243,30.4081833,POINT (-97.8517243 30.4081833)
8351,,-97.7810832,30.2889537,POINT (-97.7810832 30.2889537)
8352,,-97.7819784,30.290103,POINT (-97.7819784 30.290103)
8353,,-97.7982135,30.3486059,POINT (-97.7982135 30.3486059)
8354,,-97.7664867,30.3853528,POINT (-97.7664867 30.3853528)
8355,,-97.7669354,30.3854169,POINT (-97.7669354 30.3854169)
8356,,-97.7325174,30.26512,POINT (-97.7325174 30.26512)
8357,,-97.7315116,30.2647712,POINT (-97.7315116 30.2647712)
8358,,-97.7598995,30.3882639,POINT (-97.7598995 30.3882639)
8359,,-97.7601867,30.388267,POINT (-97.7601867 30.388267)
8360,,-97.7598733,30.3903957,POINT (-97.7598733 30.3903957)
8361,,-97.759913,30.3892126,POINT (-97.759913 30.3892126)
8362,,-97.7599084,30.3885389,POINT (-97.7599084 30.3885389)
8363,,-97.7595662,30.3909963,POINT (-97.7595662 30.3909963)
8364,,-97.7522118,30.4018719,POINT (-97.7522118 30.4018719)
8365,,-97.751816,30.400953,POINT (-97.751816 30.400953)
8366,,-97.7518865,30.4029074,POINT (-97.7518865 30.4029074)
8367,,-97.7502286,30.4006527,POINT (-97.7502286 30.4006527)
8368,,-97.8450095,30.421937,POINT (-97.8450095 30.421937)
8369,,-97.8471463,30.417156,POINT (-97.8471463 30.417156)
8370,,-97.7743751,30.4755475,POINT (-97.7743751 30.4755475)
8371,,-97.7777426,30.4747135,POINT (-97.7777426 30.4747135)
8372,,-97.7839084,30.4730475,POINT (-97.7839084 30.4730475)
8373,,-97.7764502,30.4739453,POINT (-97.7764502 30.4739453)
8374,,-97.7687759,30.474995,POINT (-97.7687759 30.474995)
8375,,-97.7735227,30.474115,POINT (-97.7735227 30.474115)
8376,,-97.7705992,30.4859784,POINT (-97.7705992 30.4859784)
8377,,-97.7682755,30.4830394,POINT (-97.7682755 30.4830394)
8378,,-97.7568836,30.4894973,POINT (-97.7568836 30.4894973)
8379,,-97.7631536,30.5000682,POINT (-97.7631536 30.5000682)
8380,,-97.7630235,30.5001036,POINT (-97.7630235 30.5001036)
8381,,-97.7476547,30.5057865,POINT (-97.7476547 30.5057865)
8382,,-97.7462148,30.5072732,POINT (-97.7462148 30.5072732)
8383,,-97.7294815,30.2640671,POINT (-97.7294815 30.2640671)
8384,,-97.7539827,30.5026688,POINT (-97.7539827 30.5026688)
8385,,-97.7538691,30.5027079,POINT (-97.7538691 30.5027079)
8386,,-97.7520783,30.5032654,POINT (-97.7520783 30.5032654)
8387,,-97.7539219,30.5028197,POINT (-97.7539219 30.5028197)
8388,,-97.7568946,30.5017241,POINT (-97.7568946 30.5017241)
8389,,-97.7567902,30.5017577,POINT (-97.7567902 30.5017577)
8390,,-97.7600637,30.5007011,POINT (-97.7600637 30.5007011)
8391,,-97.7706643,30.4993272,POINT (-97.7706643 30.4993272)
8392,,-97.7740076,30.4987172,POINT (-97.7740076 30.4987172)
8393,,-97.7285082,30.2637295,POINT (-97.7285082 30.2637295)
8394,,-97.7275312,30.2633907,POINT (-97.7275312 30.2633907)
8395,,-97.7500709,30.4071754,POINT (-97.7500709 30.4071754)
8396,,-97.7064091,30.3002244,POINT (-97.7064091 30.3002244)
8397,,-97.7070115,30.2992739,POINT (-97.7070115 30.2992739)
8398,,-97.7027473,30.3057225,POINT (-97.7027473 30.3057225)
8399,,-97.7038439,30.3042431,POINT (-97.7038439 30.3042431)
8400,,-97.707434,30.3059551,POINT (-97.707434 30.3059551)
8401,,-97.7039053,30.3041485,POINT (-97.7039053 30.3041485)
8402,,-97.7027193,30.2942363,POINT (-97.7027193 30.2942363)
8403,,-97.7018971,30.2942565,POINT (-97.7018971 30.2942565)
8404,,-97.7035409,30.2942169,POINT (-97.7035409 30.2942169)
8405,,-97.7174841,30.2988314,POINT (-97.7174841 30.2988314)
8406,,-97.7175488,30.2987144,POINT (-97.7175488 30.2987144)
8407,,-97.7167938,30.2988193,POINT (-97.7167938 30.2988193)
8408,,-97.7176998,30.2984631,POINT (-97.7176998 30.2984631)
8409,,-97.7169814,30.2985227,POINT (-97.7169814 30.2985227)
8410,,-97.83969,30.392243,POINT (-97.83969 30.392243)
8411,,-97.8352678,30.3920081,POINT (-97.8352678 30.3920081)
8412,,-97.7244825,30.2623593,POINT (-97.7244825 30.2623593)
8413,,-97.7595476,30.4288926,POINT (-97.7595476 30.4288926)
8414,,-97.7595349,30.4297301,POINT (-97.7595349 30.4297301)
8415,,-97.7596724,30.4286781,POINT (-97.7596724 30.4286781)
8416,,-97.6831902,30.21768,POINT (-97.6831902 30.21768)
8417,,-97.6834755,30.2135532,POINT (-97.6834755 30.2135532)
8418,,-97.6831447,30.2191706,POINT (-97.6831447 30.2191706)
8419,,-97.7236983,30.2859898,POINT (-97.7236983 30.2859898)
8420,,-97.7240747,30.2862073,POINT (-97.7240747 30.2862073)
8421,,-97.6956076,30.3219072,POINT (-97.6956076 30.3219072)
8422,,-97.6941293,30.3218103,POINT (-97.6941293 30.3218103)
8423,,-97.6944298,30.3218329,POINT (-97.6944298 30.3218329)
8424,,-97.6959664,30.3206059,POINT (-97.6959664 30.3206059)
8425,,-97.6663032,30.330678,POINT (-97.6663032 30.330678)
8426,,-97.6693361,30.3353835,POINT (-97.6693361 30.3353835)
8427,,-97.6752217,30.3250562,POINT (-97.6752217 30.3250562)
8428,,-97.6717589,30.3259351,POINT (-97.6717589 30.3259351)
8429,,-97.6691551,30.3086857,POINT (-97.6691551 30.3086857)
8430,,-97.708182,30.322255,POINT (-97.708182 30.322255)
8431,,-97.6746008,30.3263194,POINT (-97.6746008 30.3263194)
8432,,-97.6710515,30.3237049,POINT (-97.6710515 30.3237049)
8433,,-97.6717534,30.3249489,POINT (-97.6717534 30.3249489)
8434,,-97.6659651,30.3197659,POINT (-97.6659651 30.3197659)
8435,,-97.675613,30.3254826,POINT (-97.675613 30.3254826)
8436,,-97.6735011,30.3262873,POINT (-97.6735011 30.3262873)
8437,,-97.6716116,30.3253853,POINT (-97.6716116 30.3253853)
8438,,-97.7186303,30.2603067,POINT (-97.7186303 30.2603067)
8439,,-97.7182267,30.2611848,POINT (-97.7182267 30.2611848)
8440,,-97.6713436,30.3254856,POINT (-97.6713436 30.3254856)
8441,,-97.7051865,30.3293576,POINT (-97.7051865 30.3293576)
8442,,-97.7055329,30.3258541,POINT (-97.7055329 30.3258541)
8443,,-97.7030876,30.3226202,POINT (-97.7030876 30.3226202)
8444,,-97.7029723,30.3226104,POINT (-97.7029723 30.3226104)
8445,,-97.6986031,30.3222298,POINT (-97.6986031 30.3222298)
8446,,-97.6935292,30.3239402,POINT (-97.6935292 30.3239402)
8447,,-97.6500271,30.3879656,POINT (-97.6500271 30.3879656)
8448,,-97.6485339,30.3868734,POINT (-97.6485339 30.3868734)
8449,,-97.6496237,30.3848921,POINT (-97.6496237 30.3848921)
8450,,-97.6449792,30.3845933,POINT (-97.6449792 30.3845933)
8451,,-97.64479,30.3847565,POINT (-97.64479 30.3847565)
8452,,-97.6537805,30.3946903,POINT (-97.6537805 30.3946903)
8453,,-97.6427809,30.3828243,POINT (-97.6427809 30.3828243)
8454,,-97.638392,30.4035359,POINT (-97.638392 30.4035359)
8455,,-97.6396404,30.4020035,POINT (-97.6396404 30.4020035)
8456,,-97.6383199,30.4036467,POINT (-97.6383199 30.4036467)
8457,,-97.6384928,30.403732,POINT (-97.6384928 30.403732)
8458,,-97.7506137,30.4051718,POINT (-97.7506137 30.4051718)
8459,,-97.7437076,30.1761483,POINT (-97.7437076 30.1761483)
8460,,-97.7597618,30.3903969,POINT (-97.7597618 30.3903969)
8461,,-97.7597998,30.3892088,POINT (-97.7597998 30.3892088)
8462,,-97.7616927,30.2695172,POINT (-97.7616927 30.2695172)
8463,,-97.759773,30.3884989,POINT (-97.759773 30.3884989)
8464,,-97.7600363,30.26145,POINT (-97.7600363 30.26145)
8465,,-97.7615257,30.2619291,POINT (-97.7615257 30.2619291)
8466,,-97.762579,30.261228,POINT (-97.762579 30.261228)
8467,,-97.7637488,30.263738,POINT (-97.7637488 30.263738)
8468,,-97.7620749,30.2623304,POINT (-97.7620749 30.2623304)
8469,,-97.6608033,30.2136549,POINT (-97.6608033 30.2136549)
8470,,-97.6539892,30.2104701,POINT (-97.6539892 30.2104701)
8471,,-97.6526158,30.2097717,POINT (-97.6526158 30.2097717)
8472,,-97.6457079,30.2062163,POINT (-97.6457079 30.2062163)
8473,,-97.8962582,30.1844022,POINT (-97.8962582 30.1844022)
8474,,-97.8979949,30.1835732,POINT (-97.8979949 30.1835732)
8475,,-97.7054922,30.3278948,POINT (-97.7054922 30.3278948)
8476,,-97.6897931,30.2078272,POINT (-97.6897931 30.2078272)
8477,,-97.7261226,30.3256909,POINT (-97.7261226 30.3256909)
8478,,-97.8339612,30.1901443,POINT (-97.8339612 30.1901443)
8479,,-97.8274036,30.441029,POINT (-97.8274036 30.441029)
8480,,-97.8256306,30.440592,POINT (-97.8256306 30.440592)
8481,,-97.7923304,30.1365448,POINT (-97.7923304 30.1365448)
8482,,-97.7915203,30.136299,POINT (-97.7915203 30.136299)
8483,,-97.7933277,30.136885,POINT (-97.7933277 30.136885)
8484,,-97.7954428,30.1366479,POINT (-97.7954428 30.1366479)
8485,,-97.790681,30.1361311,POINT (-97.790681 30.1361311)
8486,,-97.7941896,30.1369745,POINT (-97.7941896 30.1369745)
8487,,-97.7937811,30.1369748,POINT (-97.7937811 30.1369748)
8488,,-97.7891967,30.1364588,POINT (-97.7891967 30.1364588)
8489,,-97.6598297,30.2131137,POINT (-97.6598297 30.2131137)
8490,,-97.7636237,30.2714141,POINT (-97.7636237 30.2714141)
8491,,-97.7777586,30.1621171,POINT (-97.7777586 30.1621171)
8492,,-97.6621567,30.3929032,POINT (-97.6621567 30.3929032)
8493,,-97.6626283,30.3932735,POINT (-97.6626283 30.3932735)
8494,,-97.6131167,30.3683627,POINT (-97.6131167 30.3683627)
8495,,-97.613047,30.3685986,POINT (-97.613047 30.3685986)
8496,,-97.806611,30.112483,POINT (-97.806611 30.112483)
8497,,-97.663444,30.3164164,POINT (-97.663444 30.3164164)
8498,,-97.7757917,30.2692815,POINT (-97.7757917 30.2692815)
8499,,-97.777307,30.2690688,POINT (-97.777307 30.2690688)
8500,,-97.683736,30.4277921,POINT (-97.683736 30.4277921)
8501,,-97.654417,30.4350019,POINT (-97.654417 30.4350019)
8502,,-97.6543114,30.4348625,POINT (-97.6543114 30.4348625)
8503,,-97.6540962,30.4349756,POINT (-97.6540962 30.4349756)
8504,,-97.66164,30.4396796,POINT (-97.66164 30.4396796)
8505,,-97.667775,30.4408122,POINT (-97.667775 30.4408122)
8506,,-97.6677139,30.4410919,POINT (-97.6677139 30.4410919)
8507,,-97.6671899,30.4410016,POINT (-97.6671899 30.4410016)
8508,,-97.665579,30.4412874,POINT (-97.665579 30.4412874)
8509,,-97.6676914,30.4412356,POINT (-97.6676914 30.4412356)
8510,,-97.7046018,30.4207138,POINT (-97.7046018 30.4207138)
8511,,-97.7046548,30.4205241,POINT (-97.7046548 30.4205241)
8512,,-97.8094214,30.3305296,POINT (-97.8094214 30.3305296)
8513,,-97.8112455,30.3276535,POINT (-97.8112455 30.3276535)
8514,,-97.7505753,30.2793726,POINT (-97.7505753 30.2793726)
8515,,-97.8768508,30.2566251,POINT (-97.8768508 30.2566251)
8516,,-97.8727908,30.2568748,POINT (-97.8727908 30.2568748)
8517,,-97.8768863,30.2568105,POINT (-97.8768863 30.2568105)
8518,,-97.7855592,30.2672976,POINT (-97.7855592 30.2672976)
8519,,-97.7839416,30.266775,POINT (-97.7839416 30.266775)
8520,,-97.7438697,30.2535557,POINT (-97.7438697 30.2535557)
8521,,-97.7681264,30.2810802,POINT (-97.7681264 30.2810802)
8522,,-97.7682544,30.280861,POINT (-97.7682544 30.280861)
8523,,-97.6551855,30.4317187,POINT (-97.6551855 30.4317187)
8524,,-97.655094,30.4317652,POINT (-97.655094 30.4317652)
8525,,-97.6411272,30.3992931,POINT (-97.6411272 30.3992931)
8526,,-97.6410602,30.399398,POINT (-97.6410602 30.399398)
8527,,-97.6555628,30.3890718,POINT (-97.6555628 30.3890718)
8528,,-97.6547824,30.3887115,POINT (-97.6547824 30.3887115)
8529,,-97.6571092,30.3898388,POINT (-97.6571092 30.3898388)
8530,,-97.6689342,30.3991414,POINT (-97.6689342 30.3991414)
8531,,-97.6694529,30.3991675,POINT (-97.6694529 30.3991675)
8532,,-97.6688654,30.3989434,POINT (-97.6688654 30.3989434)
8533,,-97.6739802,30.3993868,POINT (-97.6739802 30.3993868)
8534,,-97.6745881,30.3994974,POINT (-97.6745881 30.3994974)
8535,,-97.6687947,30.3991345,POINT (-97.6687947 30.3991345)
8536,,-97.6688888,30.3984906,POINT (-97.6688888 30.3984906)
8537,,-97.6664517,30.3988461,POINT (-97.6664517 30.3988461)
8538,,-97.6664445,30.3990204,POINT (-97.6664445 30.3990204)
8539,,-97.6682492,30.3991082,POINT (-97.6682492 30.3991082)
8540,,-97.6637916,30.3987149,POINT (-97.6637916 30.3987149)
8541,,-97.6662254,30.4208488,POINT (-97.6662254 30.4208488)
8542,,-97.8026894,30.1125595,POINT (-97.8026894 30.1125595)
8543,,-97.8055637,30.1125114,POINT (-97.8055637 30.1125114)
8544,,-97.7553371,30.2672166,POINT (-97.7553371 30.2672166)
8545,,-97.7551672,30.2671113,POINT (-97.7551672 30.2671113)
8546,,-97.7858613,30.264157,POINT (-97.7858613 30.264157)
8547,,-97.7850012,30.2644715,POINT (-97.7850012 30.2644715)
8548,,-97.767813,30.2766774,POINT (-97.767813 30.2766774)
8549,,-97.7694006,30.2770252,POINT (-97.7694006 30.2770252)
8550,,-97.7256823,30.3924581,POINT (-97.7256823 30.3924581)
8551,,-97.7264692,30.3928396,POINT (-97.7264692 30.3928396)
8552,,-97.7216421,30.4055763,POINT (-97.7216421 30.4055763)
8553,,-97.721572,30.4054073,POINT (-97.721572 30.4054073)
8554,,-97.7217715,30.4053551,POINT (-97.7217715 30.4053551)
8555,,-97.7227806,30.4050183,POINT (-97.7227806 30.4050183)
8556,,-97.7214695,30.4054398,POINT (-97.7214695 30.4054398)
8557,,-97.7215136,30.4055582,POINT (-97.7215136 30.4055582)
8558,,-97.7227173,30.404959,POINT (-97.7227173 30.404959)
8559,,-97.7238829,30.4033132,POINT (-97.7238829 30.4033132)
8560,,-97.7251451,30.4002559,POINT (-97.7251451 30.4002559)
8561,,-97.7251746,30.4001759,POINT (-97.7251746 30.4001759)
8562,,-97.7255229,30.4003062,POINT (-97.7255229 30.4003062)
8563,,-97.7264897,30.394015,POINT (-97.7264897 30.394015)
8564,,-97.7264092,30.3940427,POINT (-97.7264092 30.3940427)
8565,,-97.7262692,30.3937399,POINT (-97.7262692 30.3937399)
8566,,-97.726145,30.393585,POINT (-97.726145 30.393585)
8567,,-97.7260732,30.3936386,POINT (-97.7260732 30.3936386)
8568,,-97.725566,30.3930292,POINT (-97.725566 30.3930292)
8569,,-97.7254126,30.3930769,POINT (-97.7254126 30.3930769)
8570,,-97.7248861,30.4009104,POINT (-97.7248861 30.4009104)
8571,,-97.723802,30.4032738,POINT (-97.723802 30.4032738)
8572,,-97.7221445,30.4027616,POINT (-97.7221445 30.4027616)
8573,,-97.7246861,30.4036376,POINT (-97.7246861 30.4036376)
8574,,-97.724815,30.4037421,POINT (-97.724815 30.4037421)
8575,,-97.7249939,30.4044677,POINT (-97.7249939 30.4044677)
8576,,-97.7233894,30.405501,POINT (-97.7233894 30.405501)
8577,,-97.7193495,30.3984031,POINT (-97.7193495 30.3984031)
8578,,-97.7206645,30.3988103,POINT (-97.7206645 30.3988103)
8579,,-97.7176835,30.4022975,POINT (-97.7176835 30.4022975)
8580,,-97.7219188,30.3991792,POINT (-97.7219188 30.3991792)
8581,,-97.7219542,30.3990642,POINT (-97.7219542 30.3990642)
8582,,-97.7226437,30.3994541,POINT (-97.7226437 30.3994541)
8583,,-97.7233294,30.3997141,POINT (-97.7233294 30.3997141)
8584,,-97.7233835,30.3996113,POINT (-97.7233835 30.3996113)
8585,,-97.7237964,30.3998741,POINT (-97.7237964 30.3998741)
8586,,-97.7257671,30.4003588,POINT (-97.7257671 30.4003588)
8587,,-97.7267539,30.4005249,POINT (-97.7267539 30.4005249)
8588,,-97.7275458,30.4015813,POINT (-97.7275458 30.4015813)
8589,,-97.723152,30.3995166,POINT (-97.723152 30.3995166)
8590,,-97.7208328,30.3987341,POINT (-97.7208328 30.3987341)
8591,,-97.718346,30.3980484,POINT (-97.718346 30.3980484)
8592,,-97.7357565,30.2929371,POINT (-97.7357565 30.2929371)
8593,,-97.7081769,30.3682052,POINT (-97.7081769 30.3682052)
8594,,-97.7320273,30.2741248,POINT (-97.7320273 30.2741248)
8595,,-97.8159718,30.2411604,POINT (-97.8159718 30.2411604)
8596,,-97.8416042,30.2370698,POINT (-97.8416042 30.2370698)
8597,,-97.8242022,30.2375059,POINT (-97.8242022 30.2375059)
8598,,-97.8248454,30.2368214,POINT (-97.8248454 30.2368214)
8599,,-97.705755,30.333543,POINT (-97.705755 30.333543)
8600,,-97.7072194,30.334269,POINT (-97.7072194 30.334269)
8601,,-97.704553,30.3329785,POINT (-97.704553 30.3329785)
8602,,-97.707132,30.330537,POINT (-97.707132 30.330537)
8603,,-97.7086825,30.224856,POINT (-97.7086825 30.224856)
8604,,-97.707757,30.2217983,POINT (-97.707757 30.2217983)
8605,,-97.707621,30.2218397,POINT (-97.707621 30.2218397)
8606,,-97.7071673,30.2201992,POINT (-97.7071673 30.2201992)
8607,,-97.7076488,30.2188311,POINT (-97.7076488 30.2188311)
8608,,-97.70804,30.2182132,POINT (-97.70804 30.2182132)
8609,,-97.7074426,30.2187225,POINT (-97.7074426 30.2187225)
8610,,-97.7090085,30.216738,POINT (-97.7090085 30.216738)
8611,,-97.7078351,30.2181124,POINT (-97.7078351 30.2181124)
8612,,-97.7358118,30.3828139,POINT (-97.7358118 30.3828139)
8613,,-97.7231353,30.2333718,POINT (-97.7231353 30.2333718)
8614,,-97.788122,30.369781,POINT (-97.788122 30.369781)
8615,,-97.7499572,30.2168306,POINT (-97.7499572 30.2168306)
8616,,-97.7527811,30.2152955,POINT (-97.7527811 30.2152955)
8617,,-97.8340235,30.2364395,POINT (-97.8340235 30.2364395)
8618,,-97.8747124,30.2333778,POINT (-97.8747124 30.2333778)
8619,,-97.875776,30.232916,POINT (-97.875776 30.232916)
8620,,-97.8760571,30.2327765,POINT (-97.8760571 30.2327765)
8621,,-97.874784,30.2334429,POINT (-97.874784 30.2334429)
8622,,-97.8765435,30.2325324,POINT (-97.8765435 30.2325324)
8623,,-97.7339435,30.3894311,POINT (-97.7339435 30.3894311)
8624,,-97.7652671,30.4771684,POINT (-97.7652671 30.4771684)
8625,,-97.7652407,30.4778155,POINT (-97.7652407 30.4778155)
8626,,-97.7645403,30.4769862,POINT (-97.7645403 30.4769862)
8627,,-97.7835626,30.4722213,POINT (-97.7835626 30.4722213)
8628,,-97.7897982,30.4711943,POINT (-97.7897982 30.4711943)
8629,,-97.7902368,30.4713814,POINT (-97.7902368 30.4713814)
8630,,-97.7905977,30.4719761,POINT (-97.7905977 30.4719761)
8631,,-97.7905315,30.471483,POINT (-97.7905315 30.471483)
8632,,-97.7903434,30.4710437,POINT (-97.7903434 30.4710437)
8633,,-97.7906635,30.4709395,POINT (-97.7906635 30.4709395)
8634,,-97.7962552,30.4692309,POINT (-97.7962552 30.4692309)
8635,,-97.7455295,30.3999863,POINT (-97.7455295 30.3999863)
8636,,-97.8652014,30.2347637,POINT (-97.8652014 30.2347637)
8637,,-97.8632924,30.2381172,POINT (-97.8632924 30.2381172)
8638,,-97.8633736,30.2380592,POINT (-97.8633736 30.2380592)
8639,,-97.7021187,30.3361911,POINT (-97.7021187 30.3361911)
8640,,-97.8630478,30.2382966,POINT (-97.8630478 30.2382966)
8641,,-97.8635,30.2383863,POINT (-97.8635 30.2383863)
8642,,-97.6233436,30.1981346,POINT (-97.6233436 30.1981346)
8643,,-97.6234476,30.2085008,POINT (-97.6234476 30.2085008)
8644,,-97.7256131,30.3922683,POINT (-97.7256131 30.3922683)
8645,,-97.8013204,30.2423186,POINT (-97.8013204 30.2423186)
8646,,-97.8009367,30.2421869,POINT (-97.8009367 30.2421869)
8647,,-97.8029905,30.2462669,POINT (-97.8029905 30.2462669)
8648,,-97.702032,30.4284512,POINT (-97.702032 30.4284512)
8649,,-97.8142172,30.4591852,POINT (-97.8142172 30.4591852)
8650,,-97.8151366,30.4599122,POINT (-97.8151366 30.4599122)
8651,,-97.8154962,30.460576,POINT (-97.8154962 30.460576)
8652,,-97.8098019,30.4576988,POINT (-97.8098019 30.4576988)
8653,,-97.8104621,30.4581841,POINT (-97.8104621 30.4581841)
8654,,-97.8113772,30.4586193,POINT (-97.8113772 30.4586193)
8655,,-97.8124067,30.458813,POINT (-97.8124067 30.458813)
8656,,-97.8133428,30.4589332,POINT (-97.8133428 30.4589332)
8657,,-97.8027069,30.457682,POINT (-97.8027069 30.457682)
8658,,-97.8036078,30.4573366,POINT (-97.8036078 30.4573366)
8659,,-97.7981312,30.4599704,POINT (-97.7981312 30.4599704)
8660,,-97.8009542,30.4579089,POINT (-97.8009542 30.4579089)
8661,,-97.8018249,30.4577987,POINT (-97.8018249 30.4577987)
8662,,-97.8002563,30.4580893,POINT (-97.8002563 30.4580893)
8663,,-97.8158893,30.4614415,POINT (-97.8158893 30.4614415)
8664,,-97.7948219,30.4658135,POINT (-97.7948219 30.4658135)
8665,,-97.7028107,30.3415586,POINT (-97.7028107 30.3415586)
8666,,-97.8179656,30.4501747,POINT (-97.8179656 30.4501747)
8667,,-97.8276665,30.4559151,POINT (-97.8276665 30.4559151)
8668,,-97.8278387,30.4559456,POINT (-97.8278387 30.4559456)
8669,,-97.8050793,30.4664752,POINT (-97.8050793 30.4664752)
8670,,-97.8066083,30.4651163,POINT (-97.8066083 30.4651163)
8671,,-97.7903041,30.470105,POINT (-97.7903041 30.470105)
8672,,-97.7339479,30.2719388,POINT (-97.7339479 30.2719388)
8673,,-97.7331961,30.2717491,POINT (-97.7331961 30.2717491)
8674,,-97.7329606,30.2714395,POINT (-97.7329606 30.2714395)
8675,,-97.7343824,30.2800686,POINT (-97.7343824 30.2800686)
8676,,-97.7321699,30.2748776,POINT (-97.7321699 30.2748776)
8677,,-97.7237001,30.285848,POINT (-97.7237001 30.285848)
8678,,-97.7419739,30.3851648,POINT (-97.7419739 30.3851648)
8679,,-97.7441329,30.389419,POINT (-97.7441329 30.389419)
8680,,-97.7460755,30.3897852,POINT (-97.7460755 30.3897852)
8681,,-97.7469242,30.3940803,POINT (-97.7469242 30.3940803)
8682,,-97.7469234,30.3937743,POINT (-97.7469234 30.3937743)
8683,,-97.7250807,30.4001477,POINT (-97.7250807 30.4001477)
8684,,-97.7260031,30.39807,POINT (-97.7260031 30.39807)
8685,,-97.7262022,30.3937814,POINT (-97.7262022 30.3937814)
8686,,-97.7238497,30.3997615,POINT (-97.7238497 30.3997615)
8687,,-97.7207876,30.3988462,POINT (-97.7207876 30.3988462)
8688,,-97.726536,30.3943205,POINT (-97.726536 30.3943205)
8689,,-97.7266347,30.3955056,POINT (-97.7266347 30.3955056)
8690,,-97.7267558,30.3948837,POINT (-97.7267558 30.3948837)
8691,,-97.7267821,30.3929844,POINT (-97.7267821 30.3929844)
8692,,-97.7277408,30.3934424,POINT (-97.7277408 30.3934424)
8693,,-97.7263112,30.3972189,POINT (-97.7263112 30.3972189)
8694,,-97.7262409,30.3972019,POINT (-97.7262409 30.3972019)
8695,,-97.7266766,30.3961046,POINT (-97.7266766 30.3961046)
8696,,-97.7248986,30.3968075,POINT (-97.7248986 30.3968075)
8697,,-97.7239,30.3965,POINT (-97.7239 30.3965)
8698,,-97.7207089,30.398698,POINT (-97.7207089 30.398698)
8699,,-97.7338732,30.3962653,POINT (-97.7338732 30.3962653)
8700,,-97.7369427,30.3904639,POINT (-97.7369427 30.3904639)
8701,,-97.7340686,30.3939496,POINT (-97.7340686 30.3939496)
8702,,-97.7341071,30.393793,POINT (-97.7341071 30.393793)
8703,,-97.7316776,30.3953498,POINT (-97.7316776 30.3953498)
8704,,-97.7250516,30.4002287,POINT (-97.7250516 30.4002287)
8705,,-97.7259054,30.3980414,POINT (-97.7259054 30.3980414)
8706,,-97.7247163,30.4010889,POINT (-97.7247163 30.4010889)
8707,,-97.7353731,30.3900343,POINT (-97.7353731 30.3900343)
8708,,-97.7265892,30.3960883,POINT (-97.7265892 30.3960883)
8709,,-97.7165645,30.299369,POINT (-97.7165645 30.299369)
8710,,-97.7154011,30.3005957,POINT (-97.7154011 30.3005957)
8711,,-97.7249992,30.4039605,POINT (-97.7249992 30.4039605)
8712,,-97.7248021,30.4011151,POINT (-97.7248021 30.4011151)
8713,,-97.7242444,30.4023061,POINT (-97.7242444 30.4023061)
8714,,-97.745958,30.3945259,POINT (-97.745958 30.3945259)
8715,,-97.7531929,30.2800816,POINT (-97.7531929 30.2800816)
8716,,-97.7243217,30.4023371,POINT (-97.7243217 30.4023371)
8717,,-97.8022982,30.4934425,POINT (-97.8022982 30.4934425)
8718,,-97.7356618,30.3973028,POINT (-97.7356618 30.3973028)
8719,,-97.7210644,30.4025747,POINT (-97.7210644 30.4025747)
8720,,-97.7214976,30.4053587,POINT (-97.7214976 30.4053587)
8721,,-97.720897,30.4055336,POINT (-97.720897 30.4055336)
8722,,-97.7223713,30.4050953,POINT (-97.7223713 30.4050953)
8723,,-97.7215452,30.4064931,POINT (-97.7215452 30.4064931)
8724,,-97.721958,30.3958039,POINT (-97.721958 30.3958039)
8725,,-97.7357964,30.3973701,POINT (-97.7357964 30.3973701)
8726,,-97.7373116,30.3981155,POINT (-97.7373116 30.3981155)
8727,,-97.7358887,30.3972443,POINT (-97.7358887 30.3972443)
8728,,-97.7357365,30.3971712,POINT (-97.7357365 30.3971712)
8729,,-97.745088,30.4042152,POINT (-97.745088 30.4042152)
8730,,-97.7029216,30.4005525,POINT (-97.7029216 30.4005525)
8731,,-97.7018831,30.4020491,POINT (-97.7018831 30.4020491)
8732,,-97.7218524,30.3957254,POINT (-97.7218524 30.3957254)
8733,,-97.7190966,30.4027451,POINT (-97.7190966 30.4027451)
8734,,-97.7192314,30.4027848,POINT (-97.7192314 30.4027848)
8735,,-97.7183954,30.4025281,POINT (-97.7183954 30.4025281)
8736,,-97.7191863,30.4060991,POINT (-97.7191863 30.4060991)
8737,,-97.7171957,30.3972383,POINT (-97.7171957 30.3972383)
8738,,-97.7035941,30.3997717,POINT (-97.7035941 30.3997717)
8739,,-97.7042824,30.3986978,POINT (-97.7042824 30.3986978)
8740,,-97.7030946,30.4005673,POINT (-97.7030946 30.4005673)
8741,,-97.8465275,30.246396,POINT (-97.8465275 30.246396)
8742,,-97.8481125,30.2473284,POINT (-97.8481125 30.2473284)
8743,,-97.7159673,30.3902697,POINT (-97.7159673 30.3902697)
8744,,-97.7191023,30.3906174,POINT (-97.7191023 30.3906174)
8745,,-97.7144153,30.3906457,POINT (-97.7144153 30.3906457)
8746,,-97.7113525,30.3930782,POINT (-97.7113525 30.3930782)
8747,,-97.7113003,30.3929594,POINT (-97.7113003 30.3929594)
8748,,-97.7208541,30.3940068,POINT (-97.7208541 30.3940068)
8749,,-97.7182341,30.3942118,POINT (-97.7182341 30.3942118)
8750,,-97.7049792,30.3986171,POINT (-97.7049792 30.3986171)
8751,,-97.6778352,30.255542,POINT (-97.6778352 30.255542)
8752,,-97.6790762,30.2539798,POINT (-97.6790762 30.2539798)
8753,,-97.7905472,30.3592082,POINT (-97.7905472 30.3592082)
8754,,-97.7047151,30.3980055,POINT (-97.7047151 30.3980055)
8755,,-97.7580731,30.4289912,POINT (-97.7580731 30.4289912)
8756,,-97.7585655,30.4292395,POINT (-97.7585655 30.4292395)
8757,,-97.7599458,30.4290826,POINT (-97.7599458 30.4290826)
8758,,-97.716573,30.4090078,POINT (-97.716573 30.4090078)
8759,,-97.731444,30.4127487,POINT (-97.731444 30.4127487)
8760,,-97.7157548,30.4091356,POINT (-97.7157548 30.4091356)
8761,,-97.7987881,30.1328172,POINT (-97.7987881 30.1328172)
8762,,-97.8130064,30.099238,POINT (-97.8130064 30.099238)
8763,,-97.8072131,30.1118054,POINT (-97.8072131 30.1118054)
8764,,-97.8062168,30.1124937,POINT (-97.8062168 30.1124937)
8765,,-97.8059787,30.1130167,POINT (-97.8059787 30.1130167)
8766,,-97.8179846,30.4500843,POINT (-97.8179846 30.4500843)
8767,,-97.8163005,30.4495061,POINT (-97.8163005 30.4495061)
8768,,-97.8220884,30.4523688,POINT (-97.8220884 30.4523688)
8769,,-97.8214571,30.4517556,POINT (-97.8214571 30.4517556)
8770,,-97.7691859,30.4553398,POINT (-97.7691859 30.4553398)
8771,,-97.7682037,30.4556639,POINT (-97.7682037 30.4556639)
8772,,-97.8208975,30.4511757,POINT (-97.8208975 30.4511757)
8773,,-97.8260365,30.4551952,POINT (-97.8260365 30.4551952)
8774,,-97.8254845,30.4552548,POINT (-97.8254845 30.4552548)
8775,,-97.8191351,30.4501229,POINT (-97.8191351 30.4501229)
8776,,-97.8280309,30.4558559,POINT (-97.8280309 30.4558559)
8777,,-97.8263261,30.4554953,POINT (-97.8263261 30.4554953)
8778,,-97.700388,30.4324661,POINT (-97.700388 30.4324661)
8779,,-97.7013752,30.4295516,POINT (-97.7013752 30.4295516)
8780,,-97.7016021,30.4412219,POINT (-97.7016021 30.4412219)
8781,,-97.7003115,30.4406669,POINT (-97.7003115 30.4406669)
8782,,-97.6978195,30.4401988,POINT (-97.6978195 30.4401988)
8783,,-97.697689,30.4405218,POINT (-97.697689 30.4405218)
8784,,-97.6969592,30.4423441,POINT (-97.6969592 30.4423441)
8785,,-97.8027528,30.4638554,POINT (-97.8027528 30.4638554)
8786,,-97.7960252,30.4656564,POINT (-97.7960252 30.4656564)
8787,,-97.7986692,30.4730408,POINT (-97.7986692 30.4730408)
8788,,-97.7977127,30.4717331,POINT (-97.7977127 30.4717331)
8789,,-97.6722036,30.4214239,POINT (-97.6722036 30.4214239)
8790,,-97.6728827,30.4193234,POINT (-97.6728827 30.4193234)
8791,,-97.6732597,30.3997983,POINT (-97.6732597 30.3997983)
8792,,-97.753302,30.341777,POINT (-97.753302 30.341777)
8793,,-97.7411686,30.3719903,POINT (-97.7411686 30.3719903)
8794,,-97.7434743,30.3646968,POINT (-97.7434743 30.3646968)
8795,,-97.7505162,30.2797335,POINT (-97.7505162 30.2797335)
8796,,-97.7489778,30.2795501,POINT (-97.7489778 30.2795501)
8797,,-97.7504102,30.2808308,POINT (-97.7504102 30.2808308)
8798,,-97.7503539,30.2804693,POINT (-97.7503539 30.2804693)
8799,,-97.6272436,30.1975249,POINT (-97.6272436 30.1975249)
8800,,-97.6242596,30.1955671,POINT (-97.6242596 30.1955671)
8801,,-97.6234759,30.2088931,POINT (-97.6234759 30.2088931)
8802,,-97.6216361,30.2094836,POINT (-97.6216361 30.2094836)
8803,,-97.8007955,30.1269132,POINT (-97.8007955 30.1269132)
8804,,-97.800177,30.1284523,POINT (-97.800177 30.1284523)
8805,,-97.7968345,30.1377949,POINT (-97.7968345 30.1377949)
8806,,-97.8024225,30.1383943,POINT (-97.8024225 30.1383943)
8807,,-97.7933126,30.1464595,POINT (-97.7933126 30.1464595)
8808,,-97.7872048,30.1664998,POINT (-97.7872048 30.1664998)
8809,,-97.7862844,30.1677486,POINT (-97.7862844 30.1677486)
8810,,-97.7436468,30.2157091,POINT (-97.7436468 30.2157091)
8811,,-97.7522338,30.2171575,POINT (-97.7522338 30.2171575)
8812,,-97.708814,30.3114078,POINT (-97.708814 30.3114078)
8813,,-97.7307073,30.2754937,POINT (-97.7307073 30.2754937)
8814,,-97.730501,30.275949,POINT (-97.730501 30.275949)
8815,,-97.7226102,30.2906033,POINT (-97.7226102 30.2906033)
8816,,-97.7206072,30.2933598,POINT (-97.7206072 30.2933598)
8817,,-97.6949072,30.3207243,POINT (-97.6949072 30.3207243)
8818,,-97.7017304,30.3221514,POINT (-97.7017304 30.3221514)
8819,,-97.6755568,30.3266356,POINT (-97.6755568 30.3266356)
8820,,-97.6750307,30.326239,POINT (-97.6750307 30.326239)
8821,,-97.6861553,30.33204,POINT (-97.6861553 30.33204)
8822,,-97.6776026,30.327931,POINT (-97.6776026 30.327931)
8823,,-97.6857615,30.3326123,POINT (-97.6857615 30.3326123)
8824,,-97.6858489,30.3326548,POINT (-97.6858489 30.3326548)
8825,,-97.7035949,30.3427157,POINT (-97.7035949 30.3427157)
8826,,-97.69926,30.3384351,POINT (-97.69926 30.3384351)
8827,,-97.6976463,30.3422484,POINT (-97.6976463 30.3422484)
8828,,-97.7017802,30.3408743,POINT (-97.7017802 30.3408743)
8829,,-97.7013001,30.3396485,POINT (-97.7013001 30.3396485)
8830,,-97.6972503,30.3428571,POINT (-97.6972503 30.3428571)
8831,,-97.6966534,30.3443869,POINT (-97.6966534 30.3443869)
8832,,-97.6904403,30.3542811,POINT (-97.6904403 30.3542811)
8833,,-97.6958172,30.3461112,POINT (-97.6958172 30.3461112)
8834,,-97.6989171,30.3415597,POINT (-97.6989171 30.3415597)
8835,,-97.700148,30.3393399,POINT (-97.700148 30.3393399)
8836,,-97.6743117,30.4000838,POINT (-97.6743117 30.4000838)
8837,,-97.6740974,30.3996436,POINT (-97.6740974 30.3996436)
8838,,-97.671972,30.4240987,POINT (-97.671972 30.4240987)
8839,,-97.8872207,30.175744,POINT (-97.8872207 30.175744)
8840,,-97.8917835,30.1768727,POINT (-97.8917835 30.1768727)
8841,,-97.8882797,30.1721588,POINT (-97.8882797 30.1721588)
8842,,-97.8811158,30.1804958,POINT (-97.8811158 30.1804958)
8843,,-97.8809221,30.1807409,POINT (-97.8809221 30.1807409)
8844,,-97.8823418,30.1811679,POINT (-97.8823418 30.1811679)
8845,,-97.8825289,30.1809183,POINT (-97.8825289 30.1809183)
8846,,-97.8764129,30.1880195,POINT (-97.8764129 30.1880195)
8847,,-97.8733104,30.1904455,POINT (-97.8733104 30.1904455)
8848,,-97.8703215,30.1942055,POINT (-97.8703215 30.1942055)
8849,,-97.9191934,30.1894991,POINT (-97.9191934 30.1894991)
8850,,-97.8711777,30.193742,POINT (-97.8711777 30.193742)
8851,,-97.8745048,30.1910872,POINT (-97.8745048 30.1910872)
8852,,-97.8774594,30.1873201,POINT (-97.8774594 30.1873201)
8853,,-97.8683877,30.1970229,POINT (-97.8683877 30.1970229)
8854,,-97.8686702,30.1972549,POINT (-97.8686702 30.1972549)
8855,,-97.7444238,30.387799,POINT (-97.7444238 30.387799)
8856,,-97.7425592,30.3840149,POINT (-97.7425592 30.3840149)
8857,,-97.7343298,30.2892242,POINT (-97.7343298 30.2892242)
8858,,-97.7345728,30.2912843,POINT (-97.7345728 30.2912843)
8859,,-97.6956661,30.2525315,POINT (-97.6956661 30.2525315)
8860,,-97.6706431,30.429554,POINT (-97.6706431 30.429554)
8861,,-97.695619,30.25081,POINT (-97.695619 30.25081)
8862,,-97.695932,30.2521288,POINT (-97.695932 30.2521288)
8863,,-97.696218,30.2524877,POINT (-97.696218 30.2524877)
8864,,-97.7639097,30.2843093,POINT (-97.7639097 30.2843093)
8865,,-97.7634191,30.2852525,POINT (-97.7634191 30.2852525)
8866,,-97.7364651,30.3567804,POINT (-97.7364651 30.3567804)
8867,,-97.7366243,30.3556367,POINT (-97.7366243 30.3556367)
8868,,-97.7553272,30.2671785,POINT (-97.7553272 30.2671785)
8869,,-97.7551254,30.2671287,POINT (-97.7551254 30.2671287)
8870,,-97.7550808,30.2672682,POINT (-97.7550808 30.2672682)
8871,,-97.7523519,30.2656434,POINT (-97.7523519 30.2656434)
8872,,-97.751183,30.3523907,POINT (-97.751183 30.3523907)
8873,,-97.7510732,30.3523406,POINT (-97.7510732 30.3523406)
8874,,-97.7531276,30.3534496,POINT (-97.7531276 30.3534496)
8875,,-97.7037842,30.3040902,POINT (-97.7037842 30.3040902)
8876,,-97.7049543,30.3025046,POINT (-97.7049543 30.3025046)
8877,,-97.70169,30.3052334,POINT (-97.70169 30.3052334)
8878,,-97.7504898,30.3069155,POINT (-97.7504898 30.3069155)
8879,,-97.7564424,30.3088053,POINT (-97.7564424 30.3088053)
8880,,-97.8091565,30.2619184,POINT (-97.8091565 30.2619184)
8881,,-97.8090644,30.2618668,POINT (-97.8090644 30.2618668)
8882,,-97.8056845,30.2602598,POINT (-97.8056845 30.2602598)
8883,,-97.736503,30.383925,POINT (-97.736503 30.383925)
8884,,-97.7946065,30.4931785,POINT (-97.7946065 30.4931785)
8885,,-97.7945036,30.4932233,POINT (-97.7945036 30.4932233)
8886,,-97.7946655,30.4932826,POINT (-97.7946655 30.4932826)
8887,,-97.7999741,30.490387,POINT (-97.7999741 30.490387)
8888,,-97.6984677,30.2891429,POINT (-97.6984677 30.2891429)
8889,,-97.7003916,30.2986708,POINT (-97.7003916 30.2986708)
8890,,-97.7003598,30.297358,POINT (-97.7003598 30.297358)
8891,,-97.6986958,30.2901309,POINT (-97.6986958 30.2901309)
8892,,-97.7002588,30.2999951,POINT (-97.7002588 30.2999951)
8893,,-97.7002079,30.3012523,POINT (-97.7002079 30.3012523)
8894,,-97.7751879,30.2808812,POINT (-97.7751879 30.2808812)
8895,,-97.7682182,30.2008185,POINT (-97.7682182 30.2008185)
8896,,-97.7711714,30.2025448,POINT (-97.7711714 30.2025448)
8897,,-97.7748144,30.2048922,POINT (-97.7748144 30.2048922)
8898,,-97.7744181,30.2047249,POINT (-97.7744181 30.2047249)
8899,,-97.7747833,30.2050047,POINT (-97.7747833 30.2050047)
8900,,-97.7746427,30.2053301,POINT (-97.7746427 30.2053301)
8901,,-97.7761465,30.2056389,POINT (-97.7761465 30.2056389)
8902,,-97.7126532,30.2127639,POINT (-97.7126532 30.2127639)
8903,,-97.7066761,30.2202806,POINT (-97.7066761 30.2202806)
8904,,-97.7070286,30.2202079,POINT (-97.7070286 30.2202079)
8905,,-97.7468345,30.1797134,POINT (-97.7468345 30.1797134)
8906,,-97.7469469,30.1797777,POINT (-97.7469469 30.1797777)
8907,,-97.742288,30.2008187,POINT (-97.742288 30.2008187)
8908,,-97.742254,30.2015945,POINT (-97.742254 30.2015945)
8909,,-97.736901,30.2123774,POINT (-97.736901 30.2123774)
8910,,-97.7399543,30.2075261,POINT (-97.7399543 30.2075261)
8911,,-97.7527062,30.1572558,POINT (-97.7527062 30.1572558)
8912,,-97.7527857,30.1572804,POINT (-97.7527857 30.1572804)
8913,,-97.7523951,30.1578512,POINT (-97.7523951 30.1578512)
8914,,-97.7530264,30.1562667,POINT (-97.7530264 30.1562667)
8915,,-97.7529318,30.1562653,POINT (-97.7529318 30.1562653)
8916,,-97.7528443,30.1531882,POINT (-97.7528443 30.1531882)
8917,,-97.6961491,30.1938547,POINT (-97.6961491 30.1938547)
8918,,-97.6926791,30.1971548,POINT (-97.6926791 30.1971548)
8919,,-97.7297784,30.1568113,POINT (-97.7297784 30.1568113)
8920,,-97.729913,30.1568773,POINT (-97.729913 30.1568773)
8921,,-97.7291128,30.156501,POINT (-97.7291128 30.156501)
8922,,-97.7329446,30.1583225,POINT (-97.7329446 30.1583225)
8923,,-97.7486074,30.3072479,POINT (-97.7486074 30.3072479)
8924,,-97.7492704,30.3072284,POINT (-97.7492704 30.3072284)
8925,,-97.7128188,30.3464721,POINT (-97.7128188 30.3464721)
8926,,-97.7127341,30.3465939,POINT (-97.7127341 30.3465939)
8927,,-97.7132279,30.3470006,POINT (-97.7132279 30.3470006)
8928,,-97.7141538,30.3480576,POINT (-97.7141538 30.3480576)
8929,,-97.7135968,30.3485437,POINT (-97.7135968 30.3485437)
8930,,-97.6609185,30.4195222,POINT (-97.6609185 30.4195222)
8931,,-97.6738993,30.425325,POINT (-97.6738993 30.425325)
8932,,-97.6719365,30.424439,POINT (-97.6719365 30.424439)
8933,,-97.6778685,30.4272537,POINT (-97.6778685 30.4272537)
8934,,-97.6767903,30.4267341,POINT (-97.6767903 30.4267341)
8935,,-97.6610427,30.419345,POINT (-97.6610427 30.419345)
8936,,-97.6612366,30.4190697,POINT (-97.6612366 30.4190697)
8937,,-97.6766629,30.4266614,POINT (-97.6766629 30.4266614)
8938,,-97.6786312,30.4250603,POINT (-97.6786312 30.4250603)
8939,,-97.6712005,30.4242032,POINT (-97.6712005 30.4242032)
8940,,-97.6692283,30.4233647,POINT (-97.6692283 30.4233647)
8941,,-97.6766182,30.4267388,POINT (-97.6766182 30.4267388)
8942,,-97.6813685,30.4290068,POINT (-97.6813685 30.4290068)
8943,,-97.7175702,30.2316062,POINT (-97.7175702 30.2316062)
8944,,-97.7185454,30.2320015,POINT (-97.7185454 30.2320015)
8945,,-97.7202171,30.2328826,POINT (-97.7202171 30.2328826)
8946,,-97.746978,30.3617184,POINT (-97.746978 30.3617184)
8947,,-97.7436343,30.3612974,POINT (-97.7436343 30.3612974)
8948,,-97.7400452,30.3606734,POINT (-97.7400452 30.3606734)
8949,,-97.7158218,30.261223,POINT (-97.7158218 30.261223)
8950,,-97.7588481,30.3004503,POINT (-97.7588481 30.3004503)
8951,,-97.7576724,30.3001234,POINT (-97.7576724 30.3001234)
8952,,-97.7573802,30.3004936,POINT (-97.7573802 30.3004936)
8953,,-97.7576944,30.3004749,POINT (-97.7576944 30.3004749)
8954,,-97.7517745,30.3884721,POINT (-97.7517745 30.3884721)
8955,,-97.7263914,30.2889459,POINT (-97.7263914 30.2889459)
8956,,-97.721986,30.2915672,POINT (-97.721986 30.2915672)
8957,,-97.7251208,30.2863043,POINT (-97.7251208 30.2863043)
8958,,-97.7272911,30.2829618,POINT (-97.7272911 30.2829618)
8959,,-97.727144,30.2826651,POINT (-97.727144 30.2826651)
8960,,-97.7258943,30.2849707,POINT (-97.7258943 30.2849707)
8961,,-97.7592961,30.2036454,POINT (-97.7592961 30.2036454)
8962,,-97.6754724,30.4048687,POINT (-97.6754724 30.4048687)
8963,,-97.6754632,30.4047643,POINT (-97.6754632 30.4047643)
8964,,-97.7214837,30.3713176,POINT (-97.7214837 30.3713176)
8965,,-97.7231841,30.3720645,POINT (-97.7231841 30.3720645)
8966,,-97.7140527,30.382987,POINT (-97.7140527 30.382987)
8967,,-97.7145068,30.3823102,POINT (-97.7145068 30.3823102)
8968,,-97.7019141,30.4412324,POINT (-97.7019141 30.4412324)
8969,,-97.7016457,30.441129,POINT (-97.7016457 30.441129)
8970,,-97.7018672,30.4413199,POINT (-97.7018672 30.4413199)
8971,,-97.7043596,30.4422889,POINT (-97.7043596 30.4422889)
8972,,-97.7137115,30.3168975,POINT (-97.7137115 30.3168975)
8973,,-97.6124389,30.3716263,POINT (-97.6124389 30.3716263)
8974,,-97.6128635,30.3701299,POINT (-97.6128635 30.3701299)
8975,,-97.6122337,30.3715701,POINT (-97.6122337 30.3715701)
8976,,-97.6111325,30.3736468,POINT (-97.6111325 30.3736468)
8977,,-97.6170667,30.3561121,POINT (-97.6170667 30.3561121)
8978,,-97.7288663,30.2886739,POINT (-97.7288663 30.2886739)
8979,,-97.7520589,30.2144867,POINT (-97.7520589 30.2144867)
8980,,-97.7556375,30.2091048,POINT (-97.7556375 30.2091048)
8981,,-97.6962013,30.2218599,POINT (-97.6962013 30.2218599)
8982,,-97.6963991,30.2219701,POINT (-97.6963991 30.2219701)
8983,,-97.7353362,30.3122124,POINT (-97.7353362 30.3122124)
8984,,-97.7376812,30.313244,POINT (-97.7376812 30.313244)
8985,,-97.7379162,30.3130987,POINT (-97.7379162 30.3130987)
8986,,-97.7051502,30.4207719,POINT (-97.7051502 30.4207719)
8987,,-97.7048692,30.420032,POINT (-97.7048692 30.420032)
8988,,-97.7562016,30.3083774,POINT (-97.7562016 30.3083774)
8989,,-97.6725319,30.3896916,POINT (-97.6725319 30.3896916)
8990,,-97.6719229,30.393424,POINT (-97.6719229 30.393424)
8991,,-97.6719155,30.3933166,POINT (-97.6719155 30.3933166)
8992,,-97.687015,30.3324123,POINT (-97.687015 30.3324123)
8993,,-97.6866328,30.3329884,POINT (-97.6866328 30.3329884)
8994,,-97.6869391,30.3319216,POINT (-97.6869391 30.3319216)
8995,,-97.6679638,30.3266309,POINT (-97.6679638 30.3266309)
8996,,-97.6647521,30.327641,POINT (-97.6647521 30.327641)
8997,,-97.6856312,30.2507264,POINT (-97.6856312 30.2507264)
8998,,-97.6903724,30.2426987,POINT (-97.6903724 30.2426987)
8999,,-97.712527,30.347895,POINT (-97.712527 30.347895)
9000,,-97.6739852,30.3266305,POINT (-97.6739852 30.3266305)
9001,,-97.6600235,30.3278198,POINT (-97.6600235 30.3278198)
9002,,-97.6697307,30.3270561,POINT (-97.6697307 30.3270561)
9003,,-97.6556968,30.3284074,POINT (-97.6556968 30.3284074)
9004,,-97.6631694,30.3281222,POINT (-97.6631694 30.3281222)
9005,,-97.6652861,30.3279803,POINT (-97.6652861 30.3279803)
9006,,-97.6791987,30.3291346,POINT (-97.6791987 30.3291346)
9007,,-97.7073747,30.323105,POINT (-97.7073747 30.323105)
9008,,-97.7074008,30.3227881,POINT (-97.7074008 30.3227881)
9009,,-97.8084076,30.1097192,POINT (-97.8084076 30.1097192)
9010,,-97.8135012,30.0989444,POINT (-97.8135012 30.0989444)
9011,,-97.7094947,30.2125774,POINT (-97.7094947 30.2125774)
9012,,-97.7141533,30.2127071,POINT (-97.7141533 30.2127071)
9013,,-97.7184377,30.2135629,POINT (-97.7184377 30.2135629)
9014,,-97.7306654,30.2147216,POINT (-97.7306654 30.2147216)
9015,,-97.834861,30.2217306,POINT (-97.834861 30.2217306)
9016,,-97.8339705,30.2228322,POINT (-97.8339705 30.2228322)
9017,,-97.7692043,30.2266067,POINT (-97.7692043 30.2266067)
9018,,-97.7043357,30.294197,POINT (-97.7043357 30.294197)
9019,,-97.7051398,30.2941797,POINT (-97.7051398 30.2941797)
9020,,-97.5786409,30.3389698,POINT (-97.5786409 30.3389698)
9021,,-97.578813,30.3389696,POINT (-97.578813 30.3389696)
9022,,-97.5789479,30.3416952,POINT (-97.5789479 30.3416952)
9023,,-97.5861131,30.349614,POINT (-97.5861131 30.349614)
9024,,-97.5863331,30.3494358,POINT (-97.5863331 30.3494358)
9025,,-97.6135205,30.3657475,POINT (-97.6135205 30.3657475)
9026,,-97.6133922,30.3670618,POINT (-97.6133922 30.3670618)
9027,,-97.6136156,30.3670923,POINT (-97.6136156 30.3670923)
9028,,-97.6132665,30.3686397,POINT (-97.6132665 30.3686397)
9029,,-97.6126431,30.3700799,POINT (-97.6126431 30.3700799)
9030,,-97.6203786,30.370263,POINT (-97.6203786 30.370263)
9031,,-97.6119404,30.3726525,POINT (-97.6119404 30.3726525)
9032,,-97.6101727,30.3753967,POINT (-97.6101727 30.3753967)
9033,,-97.6112651,30.3737149,POINT (-97.6112651 30.3737149)
9034,,-97.6085733,30.3780581,POINT (-97.6085733 30.3780581)
9035,,-97.6084292,30.3779871,POINT (-97.6084292 30.3779871)
9036,,-97.8087869,30.2537855,POINT (-97.8087869 30.2537855)
9037,,-97.806947,30.2510385,POINT (-97.806947 30.2510385)
9038,,-97.8108999,30.2589774,POINT (-97.8108999 30.2589774)
9039,,-97.6993435,30.4388597,POINT (-97.6993435 30.4388597)
9040,,-97.6964884,30.448185,POINT (-97.6964884 30.448185)
9041,,-97.6204993,30.3700293,POINT (-97.6204993 30.3700293)
9042,,-97.6317525,30.375869,POINT (-97.6317525 30.375869)
9043,,-97.6774881,30.4079402,POINT (-97.6774881 30.4079402)
9044,,-97.7036229,30.4198746,POINT (-97.7036229 30.4198746)
9045,,-97.6523007,30.3685697,POINT (-97.6523007 30.3685697)
9046,,-97.6506457,30.3676082,POINT (-97.6506457 30.3676082)
9047,,-97.6522165,30.3686612,POINT (-97.6522165 30.3686612)
9048,,-97.65514,30.3713763,POINT (-97.65514 30.3713763)
9049,,-97.6558201,30.3690916,POINT (-97.6558201 30.3690916)
9050,,-97.6560725,30.3695719,POINT (-97.6560725 30.3695719)
9051,,-97.6539999,30.3668121,POINT (-97.6539999 30.3668121)
9052,,-97.6564559,30.3703013,POINT (-97.6564559 30.3703013)
9053,,-97.6566764,30.3707313,POINT (-97.6566764 30.3707313)
9054,,-97.6563686,30.3740078,POINT (-97.6563686 30.3740078)
9055,,-97.6587122,30.3773495,POINT (-97.6587122 30.3773495)
9056,,-97.6568471,30.3782205,POINT (-97.6568471 30.3782205)
9057,,-97.7386238,30.3769379,POINT (-97.7386238 30.3769379)
9058,,-97.744837,30.3879346,POINT (-97.744837 30.3879346)
9059,,-97.7266011,30.4037596,POINT (-97.7266011 30.4037596)
9060,,-97.7222737,30.4065586,POINT (-97.7222737 30.4065586)
9061,,-97.7221889,30.4061636,POINT (-97.7221889 30.4061636)
9062,,-97.7147614,30.4092792,POINT (-97.7147614 30.4092792)
9063,,-97.7122624,30.4099629,POINT (-97.7122624 30.4099629)
9064,,-97.7081422,30.4136155,POINT (-97.7081422 30.4136155)
9065,,-97.710149,30.411609,POINT (-97.710149 30.411609)
9066,,-97.7440902,30.2781595,POINT (-97.7440902 30.2781595)
9067,,-97.7451711,30.2784659,POINT (-97.7451711 30.2784659)
9068,,-97.747314,30.2790765,POINT (-97.747314 30.2790765)
9069,,-97.7419099,30.2776582,POINT (-97.7419099 30.2776582)
9070,,-97.7433543,30.2769463,POINT (-97.7433543 30.2769463)
9071,,-97.7419499,30.2775465,POINT (-97.7419499 30.2775465)
9072,,-97.7462516,30.2787708,POINT (-97.7462516 30.2787708)
9073,,-97.740835,30.2773521,POINT (-97.740835 30.2773521)
9074,,-97.7391989,30.2777857,POINT (-97.7391989 30.2777857)
9075,,-97.7381654,30.2765996,POINT (-97.7381654 30.2765996)
9076,,-97.746303,30.275402,POINT (-97.746303 30.275402)
9077,,-97.7452142,30.2750948,POINT (-97.7452142 30.2750948)
9078,,-97.731754,30.2748195,POINT (-97.731754 30.2748195)
9079,,-97.7308777,30.2750053,POINT (-97.7308777 30.2750053)
9080,,-97.7140908,30.3203001,POINT (-97.7140908 30.3203001)
9081,,-97.7087622,30.3214318,POINT (-97.7087622 30.3214318)
9082,,-97.7054366,30.2132339,POINT (-97.7054366 30.2132339)
9083,,-97.7251698,30.3277936,POINT (-97.7251698 30.3277936)
9084,,-97.7120569,30.2121841,POINT (-97.7120569 30.2121841)
9085,,-97.6978112,30.2160119,POINT (-97.6978112 30.2160119)
9086,,-97.7116142,30.2126771,POINT (-97.7116142 30.2126771)
9087,,-97.701616,30.2144838,POINT (-97.701616 30.2144838)
9088,,-97.7328788,30.2153015,POINT (-97.7328788 30.2153015)
9089,,-97.7051979,30.2141431,POINT (-97.7051979 30.2141431)
9090,,-97.7435593,30.2165862,POINT (-97.7435593 30.2165862)
9091,,-97.7473743,30.2229837,POINT (-97.7473743 30.2229837)
9092,,-97.7646182,30.2227612,POINT (-97.7646182 30.2227612)
9093,,-97.7642431,30.2238286,POINT (-97.7642431 30.2238286)
9094,,-97.7029752,30.2257352,POINT (-97.7029752 30.2257352)
9095,,-97.7693427,30.2264289,POINT (-97.7693427 30.2264289)
9096,,-97.7740375,30.2272964,POINT (-97.7740375 30.2272964)
9097,,-97.7944153,30.233426,POINT (-97.7944153 30.233426)
9098,,-97.7950611,30.233845,POINT (-97.7950611 30.233845)
9099,,-97.7952664,30.233992,POINT (-97.7952664 30.233992)
9100,,-97.7956134,30.234811,POINT (-97.7956134 30.234811)
9101,,-97.8011964,30.2318949,POINT (-97.8011964 30.2318949)
9102,,-97.8042812,30.2322323,POINT (-97.8042812 30.2322323)
9103,,-97.7914761,30.2310403,POINT (-97.7914761 30.2310403)
9104,,-97.8226471,30.2364043,POINT (-97.8226471 30.2364043)
9105,,-97.7832851,30.2660663,POINT (-97.7832851 30.2660663)
9106,,-97.786337,30.2649829,POINT (-97.786337 30.2649829)
9107,,-97.7712614,30.190159,POINT (-97.7712614 30.190159)
9108,,-97.7714177,30.1907765,POINT (-97.7714177 30.1907765)
9109,,-97.7282438,30.2138543,POINT (-97.7282438 30.2138543)
9110,,-97.7502008,30.2171765,POINT (-97.7502008 30.2171765)
9111,,-97.7477465,30.2229702,POINT (-97.7477465 30.2229702)
9112,,-97.7402622,30.2340795,POINT (-97.7402622 30.2340795)
9113,,-97.7353856,30.2433793,POINT (-97.7353856 30.2433793)
9114,,-97.7628428,30.1788759,POINT (-97.7628428 30.1788759)
9115,,-97.7273278,30.2831516,POINT (-97.7273278 30.2831516)
9116,,-97.8665768,30.2529597,POINT (-97.8665768 30.2529597)
9117,,-97.7713841,30.2747624,POINT (-97.7713841 30.2747624)
9118,,-97.783132,30.2654431,POINT (-97.783132 30.2654431)
9119,,-97.782809,30.2651709,POINT (-97.782809 30.2651709)
9120,,-97.7879838,30.2643784,POINT (-97.7879838 30.2643784)
9121,,-97.7898095,30.2629184,POINT (-97.7898095 30.2629184)
9122,,-97.7333998,30.2153769,POINT (-97.7333998 30.2153769)
9123,,-97.7330633,30.2145354,POINT (-97.7330633 30.2145354)
9124,,-97.7593654,30.3093657,POINT (-97.7593654 30.3093657)
9125,,-97.7577284,30.3096004,POINT (-97.7577284 30.3096004)
9126,,-97.7915,30.360316,POINT (-97.7915 30.360316)
9127,,-97.8072232,30.2517828,POINT (-97.8072232 30.2517828)
9128,,-97.8033536,30.2463848,POINT (-97.8033536 30.2463848)
9129,,-97.8078469,30.2458864,POINT (-97.8078469 30.2458864)
9130,,-97.8044528,30.2472115,POINT (-97.8044528 30.2472115)
9131,,-97.7469228,30.3935308,POINT (-97.7469228 30.3935308)
9132,,-97.7463956,30.3904179,POINT (-97.7463956 30.3904179)
9133,,-97.7463158,30.3912121,POINT (-97.7463158 30.3912121)
9134,,-97.7501741,30.2797049,POINT (-97.7501741 30.2797049)
9135,,-97.7526329,30.3349093,POINT (-97.7526329 30.3349093)
9136,,-97.756188,30.3369846,POINT (-97.756188 30.3369846)
9137,,-97.891302,30.2241663,POINT (-97.891302 30.2241663)
9138,,-97.8913679,30.2240627,POINT (-97.8913679 30.2240627)
9139,,-97.8882912,30.229252,POINT (-97.8882912 30.229252)
9140,,-97.8454969,30.3946303,POINT (-97.8454969 30.3946303)
9141,,-97.8455942,30.3945246,POINT (-97.8455942 30.3945246)
9142,,-97.8500095,30.398224,POINT (-97.8500095 30.398224)
9143,,-97.7335437,30.3161677,POINT (-97.7335437 30.3161677)
9144,,-97.7472019,30.4184636,POINT (-97.7472019 30.4184636)
9145,,-97.7470046,30.4174255,POINT (-97.7470046 30.4174255)
9146,,-97.7995722,30.4759821,POINT (-97.7995722 30.4759821)
9147,,-97.6992877,30.3402095,POINT (-97.6992877 30.3402095)
9148,,-97.8007959,30.1633264,POINT (-97.8007959 30.1633264)
9149,,-97.7898927,30.160087,POINT (-97.7898927 30.160087)
9150,,-97.790629,30.1576869,POINT (-97.790629 30.1576869)
9151,,-97.8007805,30.1632315,POINT (-97.8007805 30.1632315)
9152,,-97.8055124,30.3638458,POINT (-97.8055124 30.3638458)
9153,,-97.8390114,30.222491,POINT (-97.8390114 30.222491)
9154,,-97.838258,30.2217729,POINT (-97.838258 30.2217729)
9155,,-97.6502197,30.3833953,POINT (-97.6502197 30.3833953)
9156,,-97.7177006,30.3145788,POINT (-97.7177006 30.3145788)
9157,,-97.7172949,30.3146538,POINT (-97.7172949 30.3146538)
9158,,-97.735709,30.2613925,POINT (-97.735709 30.2613925)
9159,,-97.7351732,30.2640483,POINT (-97.7351732 30.2640483)
9160,,-97.7353011,30.2641391,POINT (-97.7353011 30.2641391)
9161,,-97.735837,30.2628161,POINT (-97.735837 30.2628161)
9162,,-97.7350804,30.2657562,POINT (-97.7350804 30.2657562)
9163,,-97.7310737,30.2742535,POINT (-97.7310737 30.2742535)
9164,,-97.7308473,30.2751188,POINT (-97.7308473 30.2751188)
9165,,-97.7368832,30.2539781,POINT (-97.7368832 30.2539781)
9166,,-97.7135463,30.3483651,POINT (-97.7135463 30.3483651)
9167,,-97.712654,30.3486041,POINT (-97.712654 30.3486041)
9168,,-97.6975833,30.3423453,POINT (-97.6975833 30.3423453)
9169,,-97.7137455,30.3463745,POINT (-97.7137455 30.3463745)
9170,,-97.7147983,30.3525794,POINT (-97.7147983 30.3525794)
9171,,-97.7177017,30.3628847,POINT (-97.7177017 30.3628847)
9172,,-97.7172998,30.3632044,POINT (-97.7172998 30.3632044)
9173,,-97.7182054,30.367534,POINT (-97.7182054 30.367534)
9174,,-97.7265035,30.3722707,POINT (-97.7265035 30.3722707)
9175,,-97.7236247,30.3714995,POINT (-97.7236247 30.3714995)
9176,,-97.725552,30.37315,POINT (-97.725552 30.37315)
9177,,-97.7266357,30.3729248,POINT (-97.7266357 30.3729248)
9178,,-97.7258595,30.3733051,POINT (-97.7258595 30.3733051)
9179,,-97.7269189,30.3737863,POINT (-97.7269189 30.3737863)
9180,,-97.7273741,30.3739986,POINT (-97.7273741 30.3739986)
9181,,-97.7191419,30.2128615,POINT (-97.7191419 30.2128615)
9182,,-97.7131357,30.2120707,POINT (-97.7131357 30.2120707)
9183,,-97.7387878,30.2161673,POINT (-97.7387878 30.2161673)
9184,,-97.7801391,30.2274302,POINT (-97.7801391 30.2274302)
9185,,-97.7876334,30.2301291,POINT (-97.7876334 30.2301291)
9186,,-97.8656624,30.2001747,POINT (-97.8656624 30.2001747)
9187,,-97.8651104,30.2003493,POINT (-97.8651104 30.2003493)
9188,,-97.8648347,30.2002118,POINT (-97.8648347 30.2002118)
9189,,-97.8672368,30.2011558,POINT (-97.8672368 30.2011558)
9190,,-97.8681004,30.2012362,POINT (-97.8681004 30.2012362)
9191,,-97.8666553,30.2014628,POINT (-97.8666553 30.2014628)
9192,,-97.8356511,30.2187249,POINT (-97.8356511 30.2187249)
9193,,-97.8365415,30.2192956,POINT (-97.8365415 30.2192956)
9194,,-97.7871547,30.2647059,POINT (-97.7871547 30.2647059)
9195,,-97.7510965,30.4289433,POINT (-97.7510965 30.4289433)
9196,,-97.7486493,30.4288239,POINT (-97.7486493 30.4288239)
9197,,-97.7674683,30.2763761,POINT (-97.7674683 30.2763761)
9198,,-97.765275,30.2751984,POINT (-97.765275 30.2751984)
9199,,-97.7575973,30.272893,POINT (-97.7575973 30.272893)
9200,,-97.7661567,30.2767128,POINT (-97.7661567 30.2767128)
9201,,-97.7662798,30.2767754,POINT (-97.7662798 30.2767754)
9202,,-97.7664638,30.276478,POINT (-97.7664638 30.276478)
9203,,-97.770831,30.276696,POINT (-97.770831 30.276696)
9204,,-97.764873,30.2860063,POINT (-97.764873 30.2860063)
9205,,-97.764845,30.2863895,POINT (-97.764845 30.2863895)
9206,,-97.7646097,30.2862752,POINT (-97.7646097 30.2862752)
9207,,-97.7608284,30.292895,POINT (-97.7608284 30.292895)
9208,,-97.7558405,30.3192503,POINT (-97.7558405 30.3192503)
9209,,-97.7552398,30.3210161,POINT (-97.7552398 30.3210161)
9210,,-97.7548678,30.3212765,POINT (-97.7548678 30.3212765)
9211,,-97.7551018,30.321665,POINT (-97.7551018 30.321665)
9212,,-97.7538755,30.3351791,POINT (-97.7538755 30.3351791)
9213,,-97.7446559,30.3616649,POINT (-97.7446559 30.3616649)
9214,,-97.7578056,30.2629662,POINT (-97.7578056 30.2629662)
9215,,-97.758038,30.2623511,POINT (-97.758038 30.2623511)
9216,,-97.7498591,30.3655502,POINT (-97.7498591 30.3655502)
9217,,-97.7433908,30.366864,POINT (-97.7433908 30.366864)
9218,,-97.7556231,30.3706816,POINT (-97.7556231 30.3706816)
9219,,-97.7575509,30.3717547,POINT (-97.7575509 30.3717547)
9220,,-97.758122,30.3725182,POINT (-97.758122 30.3725182)
9221,,-97.7590404,30.3741583,POINT (-97.7590404 30.3741583)
9222,,-97.7592716,30.3741536,POINT (-97.7592716 30.3741536)
9223,,-97.7583758,30.3725947,POINT (-97.7583758 30.3725947)
9224,,-97.7600597,30.3750267,POINT (-97.7600597 30.3750267)
9225,,-97.7059031,30.3235032,POINT (-97.7059031 30.3235032)
9226,,-97.7518023,30.388786,POINT (-97.7518023 30.388786)
9227,,-97.7003315,30.430484,POINT (-97.7003315 30.430484)
9228,,-97.6999893,30.4303894,POINT (-97.6999893 30.4303894)
9229,,-97.701409,30.430418,POINT (-97.701409 30.430418)
9230,,-97.6984866,30.4300063,POINT (-97.6984866 30.4300063)
9231,,-97.6999595,30.4305863,POINT (-97.6999595 30.4305863)
9232,,-97.7002703,30.4306746,POINT (-97.7002703 30.4306746)
9233,,-97.7001963,30.4309325,POINT (-97.7001963 30.4309325)
9234,,-97.7012534,30.4309221,POINT (-97.7012534 30.4309221)
9235,,-97.7156272,30.3204683,POINT (-97.7156272 30.3204683)
9236,,-97.713138,30.319865,POINT (-97.713138 30.319865)
9237,,-97.7220105,30.322879,POINT (-97.7220105 30.322879)
9238,,-97.7409951,30.3354813,POINT (-97.7409951 30.3354813)
9239,,-97.7300682,30.2441312,POINT (-97.7300682 30.2441312)
9240,,-97.6962877,30.2217569,POINT (-97.6962877 30.2217569)
9241,,-97.7438696,30.17608,POINT (-97.7438696 30.17608)
9242,,-97.7631683,30.1979723,POINT (-97.7631683 30.1979723)
9243,,-97.6847778,30.256059,POINT (-97.6847778 30.256059)
9244,,-97.6800207,30.2522461,POINT (-97.6800207 30.2522461)
9245,,-97.6753902,30.2582793,POINT (-97.6753902 30.2582793)
9246,,-97.7614352,30.2693446,POINT (-97.7614352 30.2693446)
9247,,-97.7166224,30.3793705,POINT (-97.7166224 30.3793705)
9248,,-97.71649,30.3793515,POINT (-97.71649 30.3793515)
9249,,-97.7169792,30.3773725,POINT (-97.7169792 30.3773725)
9250,,-97.7134236,30.383926,POINT (-97.7134236 30.383926)
9251,,-97.7054844,30.3437797,POINT (-97.7054844 30.3437797)
9252,,-97.7057106,30.3444252,POINT (-97.7057106 30.3444252)
9253,,-97.7106071,30.3084749,POINT (-97.7106071 30.3084749)
9254,,-97.6941373,30.3207965,POINT (-97.6941373 30.3207965)
9255,,-97.7123985,30.3211043,POINT (-97.7123985 30.3211043)
9256,,-97.7009638,30.3215414,POINT (-97.7009638 30.3215414)
9257,,-97.7053388,30.3221712,POINT (-97.7053388 30.3221712)
9258,,-97.7146597,30.3442863,POINT (-97.7146597 30.3442863)
9259,,-97.9186523,30.1892195,POINT (-97.9186523 30.1892195)
9260,,-97.9139866,30.1866416,POINT (-97.9139866 30.1866416)
9261,,-97.8779414,30.2024193,POINT (-97.8779414 30.2024193)
9262,,-97.878086,30.2024143,POINT (-97.878086 30.2024143)
9263,,-97.8784357,30.2037277,POINT (-97.8784357 30.2037277)
9264,,-97.8780871,30.2023171,POINT (-97.8780871 30.2023171)
9265,,-97.8732571,30.221126,POINT (-97.8732571 30.221126)
9266,,-97.8676929,30.2273716,POINT (-97.8676929 30.2273716)
9267,,-97.8749187,30.2114843,POINT (-97.8749187 30.2114843)
9268,,-97.8617335,30.2392192,POINT (-97.8617335 30.2392192)
9269,,-97.8629393,30.2434266,POINT (-97.8629393 30.2434266)
9270,,-97.8665693,30.2513292,POINT (-97.8665693 30.2513292)
9271,,-97.8663256,30.2529369,POINT (-97.8663256 30.2529369)
9272,,-97.8770407,30.2406189,POINT (-97.8770407 30.2406189)
9273,,-97.871406,30.2352311,POINT (-97.871406 30.2352311)
9274,,-97.8787652,30.2538668,POINT (-97.8787652 30.2538668)
9275,,-97.7323328,30.3153837,POINT (-97.7323328 30.3153837)
9276,,-97.7323618,30.3150689,POINT (-97.7323618 30.3150689)
9277,,-97.7973623,30.2342859,POINT (-97.7973623 30.2342859)
9278,,-97.7924901,30.2361496,POINT (-97.7924901 30.2361496)
9279,,-97.8245049,30.235576,POINT (-97.8245049 30.235576)
9280,,-97.829161,30.2370191,POINT (-97.829161 30.2370191)
9281,,-97.8027774,30.2452686,POINT (-97.8027774 30.2452686)
9282,,-97.8063588,30.2497938,POINT (-97.8063588 30.2497938)
9283,,-97.7367655,30.2527099,POINT (-97.7367655 30.2527099)
9284,,-97.7495574,30.2601756,POINT (-97.7495574 30.2601756)
9285,,-97.7517723,30.2620093,POINT (-97.7517723 30.2620093)
9286,,-97.751305,30.2620007,POINT (-97.751305 30.2620007)
9287,,-97.7516289,30.2622085,POINT (-97.7516289 30.2622085)
9288,,-97.7515133,30.2618203,POINT (-97.7515133 30.2618203)
9289,,-97.7068434,30.3221857,POINT (-97.7068434 30.3221857)
9290,,-97.7098589,30.3218007,POINT (-97.7098589 30.3218007)
9291,,-97.676779,30.328556,POINT (-97.676779 30.328556)
9292,,-97.6477449,30.3886699,POINT (-97.6477449 30.3886699)
9293,,-97.6569122,30.3783495,POINT (-97.6569122 30.3783495)
9294,,-97.6741422,30.4122745,POINT (-97.6741422 30.4122745)
9295,,-97.6752866,30.4029391,POINT (-97.6752866 30.4029391)
9296,,-97.6753878,30.4058881,POINT (-97.6753878 30.4058881)
9297,,-97.6753653,30.4086509,POINT (-97.6753653 30.4086509)
9298,,-97.6694273,30.4397969,POINT (-97.6694273 30.4397969)
9299,,-97.6697015,30.4357797,POINT (-97.6697015 30.4357797)
9300,,-97.7656051,30.281986,POINT (-97.7656051 30.281986)
9301,,-97.7643913,30.2846577,POINT (-97.7643913 30.2846577)
9302,,-97.7145993,30.3033822,POINT (-97.7145993 30.3033822)
9303,,-97.715355,30.302963,POINT (-97.715355 30.302963)
9304,,-97.7162975,30.3007591,POINT (-97.7162975 30.3007591)
9305,,-97.7068172,30.3228116,POINT (-97.7068172 30.3228116)
9306,,-97.7153288,30.3008169,POINT (-97.7153288 30.3008169)
9307,,-97.7160082,30.3018093,POINT (-97.7160082 30.3018093)
9308,,-97.7485284,30.4287989,POINT (-97.7485284 30.4287989)
9309,,-97.7534923,30.4267394,POINT (-97.7534923 30.4267394)
9310,,-97.7536508,30.4268168,POINT (-97.7536508 30.4268168)
9311,,-97.7409223,30.4293851,POINT (-97.7409223 30.4293851)
9312,,-97.7451884,30.4280989,POINT (-97.7451884 30.4280989)
9313,,-97.7426519,30.4282976,POINT (-97.7426519 30.4282976)
9314,,-97.7425893,30.4282039,POINT (-97.7425893 30.4282039)
9315,,-97.7450344,30.4281777,POINT (-97.7450344 30.4281777)
9316,,-97.7450631,30.4280741,POINT (-97.7450631 30.4280741)
9317,,-97.719595,30.4152357,POINT (-97.719595 30.4152357)
9318,,-97.7200569,30.4145659,POINT (-97.7200569 30.4145659)
9319,,-97.7193639,30.4156045,POINT (-97.7193639 30.4156045)
9320,,-97.7187686,30.4165755,POINT (-97.7187686 30.4165755)
9321,,-97.7205343,30.4138859,POINT (-97.7205343 30.4138859)
9322,,-97.71833,30.4172838,POINT (-97.71833 30.4172838)
9323,,-97.7181016,30.4176515,POINT (-97.7181016 30.4176515)
9324,,-97.7168157,30.4197379,POINT (-97.7168157 30.4197379)
9325,,-97.7173134,30.418926,POINT (-97.7173134 30.418926)
9326,,-97.7342712,30.4359557,POINT (-97.7342712 30.4359557)
9327,,-97.7338066,30.4359419,POINT (-97.7338066 30.4359419)
9328,,-97.692417,30.2504657,POINT (-97.692417 30.2504657)
9329,,-97.7138103,30.2729476,POINT (-97.7138103 30.2729476)
9330,,-97.7003324,30.2966151,POINT (-97.7003324 30.2966151)
9331,,-97.7003253,30.2964194,POINT (-97.7003253 30.2964194)
9332,,-97.7027937,30.2965551,POINT (-97.7027937 30.2965551)
9333,,-97.7002537,30.2942938,POINT (-97.7002537 30.2942938)
9334,,-97.7000551,30.2943003,POINT (-97.7000551 30.2943003)
9335,,-97.7010762,30.2942781,POINT (-97.7010762 30.2942781)
9336,,-97.7000726,30.2931237,POINT (-97.7000726 30.2931237)
9337,,-97.7065877,30.2981426,POINT (-97.7065877 30.2981426)
9338,,-97.7070181,30.2981746,POINT (-97.7070181 30.2981746)
9339,,-97.7057211,30.2982353,POINT (-97.7057211 30.2982353)
9340,,-97.7070555,30.2982006,POINT (-97.7070555 30.2982006)
9341,,-97.7072723,30.2982056,POINT (-97.7072723 30.2982056)
9342,,-97.7069052,30.2992219,POINT (-97.7069052 30.2992219)
9343,,-97.7057877,30.3011983,POINT (-97.7057877 30.3011983)
9344,,-97.70736,30.2980926,POINT (-97.70736 30.2980926)
9345,,-97.7048208,30.2971584,POINT (-97.7048208 30.2971584)
9346,,-97.7001297,30.2964231,POINT (-97.7001297 30.2964231)
9347,,-97.7003055,30.2956694,POINT (-97.7003055 30.2956694)
9348,,-97.6994706,30.2920101,POINT (-97.6994706 30.2920101)
9349,,-97.6991311,30.2911021,POINT (-97.6991311 30.2911021)
9350,,-97.7070067,30.2979733,POINT (-97.7070067 30.2979733)
9351,,-97.7031389,30.2964434,POINT (-97.7031389 30.2964434)
9352,,-97.8847789,30.1939243,POINT (-97.8847789 30.1939243)
9353,,-97.884345,30.1932116,POINT (-97.884345 30.1932116)
9354,,-97.7884534,30.2302067,POINT (-97.7884534 30.2302067)
9355,,-97.8859359,30.1936655,POINT (-97.8859359 30.1936655)
9356,,-97.8848576,30.1940493,POINT (-97.8848576 30.1940493)
9357,,-97.8863476,30.1953352,POINT (-97.8863476 30.1953352)
9358,,-97.8986747,30.1831537,POINT (-97.8986747 30.1831537)
9359,,-97.8996913,30.1821118,POINT (-97.8996913 30.1821118)
9360,,-97.89937,30.1822714,POINT (-97.89937 30.1822714)
9361,,-97.9000249,30.1822642,POINT (-97.9000249 30.1822642)
9362,,-97.883935,30.2154476,POINT (-97.883935 30.2154476)
9363,,-97.881313,30.2134525,POINT (-97.881313 30.2134525)
9364,,-97.7283013,30.1642366,POINT (-97.7283013 30.1642366)
9365,,-97.7775816,30.1926854,POINT (-97.7775816 30.1926854)
9366,,-97.7762735,30.192252,POINT (-97.7762735 30.192252)
9367,,-97.7775508,30.1928059,POINT (-97.7775508 30.1928059)
9368,,-97.7800138,30.1935689,POINT (-97.7800138 30.1935689)
9369,,-97.7158831,30.2065493,POINT (-97.7158831 30.2065493)
9370,,-97.7154795,30.2071753,POINT (-97.7154795 30.2071753)
9371,,-97.7148199,30.2081983,POINT (-97.7148199 30.2081983)
9372,,-97.714025,30.2094312,POINT (-97.714025 30.2094312)
9373,,-97.7149251,30.2082492,POINT (-97.7149251 30.2082492)
9374,,-97.7155655,30.2072534,POINT (-97.7155655 30.2072534)
9375,,-97.7136852,30.2099582,POINT (-97.7136852 30.2099582)
9376,,-97.73438,30.2155211,POINT (-97.73438 30.2155211)
9377,,-97.7225028,30.2338692,POINT (-97.7225028 30.2338692)
9378,,-97.7405349,30.2507195,POINT (-97.7405349 30.2507195)
9379,,-97.7396776,30.2501202,POINT (-97.7396776 30.2501202)
9380,,-97.698914,30.2911406,POINT (-97.698914 30.2911406)
9381,,-97.661735,30.3087469,POINT (-97.661735 30.3087469)
9382,,-97.7515253,30.2174029,POINT (-97.7515253 30.2174029)
9383,,-97.8773241,30.2003796,POINT (-97.8773241 30.2003796)
9384,,-97.875784,30.2002645,POINT (-97.875784 30.2002645)
9385,,-97.8809589,30.2014318,POINT (-97.8809589 30.2014318)
9386,,-97.8783076,30.2012217,POINT (-97.8783076 30.2012217)
9387,,-97.9154075,30.1967674,POINT (-97.9154075 30.1967674)
9388,,-97.8262383,30.1680385,POINT (-97.8262383 30.1680385)
9389,,-97.8303725,30.2216209,POINT (-97.8303725 30.2216209)
9390,,-97.7716103,30.190955,POINT (-97.7716103 30.190955)
9391,,-97.7730208,30.1914085,POINT (-97.7730208 30.1914085)
9392,,-97.8475416,30.1420248,POINT (-97.8475416 30.1420248)
9393,,-97.8499282,30.1437707,POINT (-97.8499282 30.1437707)
9394,,-97.7887562,30.372933,POINT (-97.7887562 30.372933)
9395,,-97.8893476,30.2086082,POINT (-97.8893476 30.2086082)
9396,,-97.8882405,30.2094198,POINT (-97.8882405 30.2094198)
9397,,-97.8885204,30.2092889,POINT (-97.8885204 30.2092889)
9398,,-97.8881162,30.2095235,POINT (-97.8881162 30.2095235)
9399,,-97.8063639,30.1121705,POINT (-97.8063639 30.1121705)
9400,,-97.8866738,30.2108945,POINT (-97.8866738 30.2108945)
9401,,-97.8867543,30.2108028,POINT (-97.8867543 30.2108028)
9402,,-97.724507,30.287271,POINT (-97.724507 30.287271)
9403,,-97.6877838,30.35749,POINT (-97.6877838 30.35749)
9404,,-97.687676,30.3576291,POINT (-97.687676 30.3576291)
9405,,-97.6888582,30.3580064,POINT (-97.6888582 30.3580064)
9406,,-97.6728344,30.3989178,POINT (-97.6728344 30.3989178)
9407,,-97.6673813,30.4441479,POINT (-97.6673813 30.4441479)
9408,,-97.7222454,30.2906519,POINT (-97.7222454 30.2906519)
9409,,-97.7244895,30.2867696,POINT (-97.7244895 30.2867696)
9410,,-97.7766402,30.1602838,POINT (-97.7766402 30.1602838)
9411,,-97.825524,30.1737451,POINT (-97.825524 30.1737451)
9412,,-97.6687786,30.3995367,POINT (-97.6687786 30.3995367)
9413,,-97.670905,30.3992322,POINT (-97.670905 30.3992322)
9414,,-97.6840058,30.2327593,POINT (-97.6840058 30.2327593)
9415,,-97.73522,30.2490133,POINT (-97.73522 30.2490133)
9416,,-97.7315948,30.2595345,POINT (-97.7315948 30.2595345)
9417,,-97.730598,30.2591887,POINT (-97.730598 30.2591887)
9418,,-97.7578524,30.2607189,POINT (-97.7578524 30.2607189)
9419,,-97.7069347,30.203661,POINT (-97.7069347 30.203661)
9420,,-97.6944876,30.2070351,POINT (-97.6944876 30.2070351)
9421,,-97.6920292,30.2074488,POINT (-97.6920292 30.2074488)
9422,,-97.6899273,30.2078069,POINT (-97.6899273 30.2078069)
9423,,-97.685158,30.3115157,POINT (-97.685158 30.3115157)
9424,,-97.6657194,30.4218537,POINT (-97.6657194 30.4218537)
9425,,-97.6658171,30.4219057,POINT (-97.6658171 30.4219057)
9426,,-97.666447,30.4222184,POINT (-97.666447 30.4222184)
9427,,-97.6669068,30.429704,POINT (-97.6669068 30.429704)
9428,,-97.6688039,30.4299821,POINT (-97.6688039 30.4299821)
9429,,-97.6700538,30.4302226,POINT (-97.6700538 30.4302226)
9430,,-97.6691141,30.4352875,POINT (-97.6691141 30.4352875)
9431,,-97.6791211,30.2224415,POINT (-97.6791211 30.2224415)
9432,,-97.6446713,30.3598957,POINT (-97.6446713 30.3598957)
9433,,-97.6402947,30.360709,POINT (-97.6402947 30.360709)
9434,,-97.6385787,30.3621487,POINT (-97.6385787 30.3621487)
9435,,-97.6830747,30.2215857,POINT (-97.6830747 30.2215857)
9436,,-97.6376874,30.3630034,POINT (-97.6376874 30.3630034)
9437,,-97.6354716,30.3781178,POINT (-97.6354716 30.3781178)
9438,,-97.6426273,30.3830444,POINT (-97.6426273 30.3830444)
9439,,-97.6354983,30.3778361,POINT (-97.6354983 30.3778361)
9440,,-97.6318746,30.3759324,POINT (-97.6318746 30.3759324)
9441,,-97.6356885,30.3779378,POINT (-97.6356885 30.3779378)
9442,,-97.6691114,30.2030479,POINT (-97.6691114 30.2030479)
9443,,-97.6422681,30.1982513,POINT (-97.6422681 30.1982513)
9444,,-97.6359943,30.2753273,POINT (-97.6359943 30.2753273)
9445,,-97.634331,30.2730993,POINT (-97.634331 30.2730993)
9446,,-97.6327082,30.2716829,POINT (-97.6327082 30.2716829)
9447,,-97.7238406,30.234091,POINT (-97.7238406 30.234091)
9448,,-97.7258579,30.2380397,POINT (-97.7258579 30.2380397)
9449,,-97.7912846,30.4484853,POINT (-97.7912846 30.4484853)
9450,,-97.7964538,30.4657906,POINT (-97.7964538 30.4657906)
9451,,-97.7962124,30.4679479,POINT (-97.7962124 30.4679479)
9452,,-97.7977979,30.46915,POINT (-97.7977979 30.46915)
9453,,-97.7981866,30.4727851,POINT (-97.7981866 30.4727851)
9454,,-97.799942,30.4727057,POINT (-97.799942 30.4727057)
9455,,-97.798974,30.4729353,POINT (-97.798974 30.4729353)
9456,,-97.7994557,30.4732131,POINT (-97.7994557 30.4732131)
9457,,-97.8021716,30.4805156,POINT (-97.8021716 30.4805156)
9458,,-97.8024297,30.480966,POINT (-97.8024297 30.480966)
9459,,-97.8016637,30.4796531,POINT (-97.8016637 30.4796531)
9460,,-97.8030606,30.4790499,POINT (-97.8030606 30.4790499)
9461,,-97.8036474,30.4791294,POINT (-97.8036474 30.4791294)
9462,,-97.7979641,30.4799687,POINT (-97.7979641 30.4799687)
9463,,-97.8014647,30.4801945,POINT (-97.8014647 30.4801945)
9464,,-97.8060504,30.486234,POINT (-97.8060504 30.486234)
9465,,-97.8054197,30.4859372,POINT (-97.8054197 30.4859372)
9466,,-97.746341,30.4001106,POINT (-97.746341 30.4001106)
9467,,-97.7447701,30.4073694,POINT (-97.7447701 30.4073694)
9468,,-97.7447299,30.4077787,POINT (-97.7447299 30.4077787)
9469,,-97.7455997,30.4075207,POINT (-97.7455997 30.4075207)
9470,,-97.7444084,30.4077166,POINT (-97.7444084 30.4077166)
9471,,-97.7473734,30.4192826,POINT (-97.7473734 30.4192826)
9472,,-97.7459061,30.4079113,POINT (-97.7459061 30.4079113)
9473,,-97.7455638,30.4084139,POINT (-97.7455638 30.4084139)
9474,,-97.7447308,30.4082217,POINT (-97.7447308 30.4082217)
9475,,-97.7464102,30.4187981,POINT (-97.7464102 30.4187981)
9476,,-97.7461039,30.4190922,POINT (-97.7461039 30.4190922)
9477,,-97.7464543,30.419049,POINT (-97.7464543 30.419049)
9478,,-97.8611711,30.252047,POINT (-97.8611711 30.252047)
9479,,-97.861085,30.2520367,POINT (-97.861085 30.2520367)
9480,,-97.8611475,30.2522145,POINT (-97.8611475 30.2522145)
9481,,-97.8638495,30.2530998,POINT (-97.8638495 30.2530998)
9482,,-97.7587289,30.2974828,POINT (-97.7587289 30.2974828)
9483,,-97.7603956,30.2918431,POINT (-97.7603956 30.2918431)
9484,,-97.8130927,30.2592863,POINT (-97.8130927 30.2592863)
9485,,-97.8144633,30.1855749,POINT (-97.8144633 30.1855749)
9486,,-97.8028763,30.185767,POINT (-97.8028763 30.185767)
9487,,-97.8043873,30.1857429,POINT (-97.8043873 30.1857429)
9488,,-97.8014936,30.1857775,POINT (-97.8014936 30.1857775)
9489,,-97.8081868,30.1856442,POINT (-97.8081868 30.1856442)
9490,,-97.7943502,30.1854199,POINT (-97.7943502 30.1854199)
9491,,-97.7944185,30.185334,POINT (-97.7944185 30.185334)
9492,,-97.7941384,30.188396,POINT (-97.7941384 30.188396)
9493,,-97.7400891,30.3803749,POINT (-97.7400891 30.3803749)
9494,,-97.671248,30.392773,POINT (-97.671248 30.392773)
9495,,-97.8003778,30.1574007,POINT (-97.8003778 30.1574007)
9496,,-97.8006209,30.154228,POINT (-97.8006209 30.154228)
9497,,-97.8004868,30.1541991,POINT (-97.8004868 30.1541991)
9498,,-97.8042545,30.1454625,POINT (-97.8042545 30.1454625)
9499,,-97.7253803,30.4041812,POINT (-97.7253803 30.4041812)
9500,,-97.869418,30.2010547,POINT (-97.869418 30.2010547)
9501,,-97.6955364,30.1945891,POINT (-97.6955364 30.1945891)
9502,,-97.6962541,30.1939643,POINT (-97.6962541 30.1939643)
9503,,-97.6944665,30.1981611,POINT (-97.6944665 30.1981611)
9504,,-97.6961649,30.1992284,POINT (-97.6961649 30.1992284)
9505,,-97.6987715,30.198226,POINT (-97.6987715 30.198226)
9506,,-97.6989887,30.1977091,POINT (-97.6989887 30.1977091)
9507,,-97.6985383,30.1990548,POINT (-97.6985383 30.1990548)
9508,,-97.699579,30.1970931,POINT (-97.699579 30.1970931)
9509,,-97.6925644,30.1970788,POINT (-97.6925644 30.1970788)
9510,,-97.6927645,30.1970777,POINT (-97.6927645 30.1970777)
9511,,-97.6963593,30.1993669,POINT (-97.6963593 30.1993669)
9512,,-97.6962564,30.1991432,POINT (-97.6962564 30.1991432)
9513,,-97.6945154,30.1980539,POINT (-97.6945154 30.1980539)
9514,,-97.6926599,30.1969923,POINT (-97.6926599 30.1969923)
9515,,-97.6939982,30.1959622,POINT (-97.6939982 30.1959622)
9516,,-97.8041194,30.1454352,POINT (-97.8041194 30.1454352)
9517,,-97.8002364,30.1574465,POINT (-97.8002364 30.1574465)
9518,,-97.8006419,30.1632472,POINT (-97.8006419 30.1632472)
9519,,-97.8006555,30.1633435,POINT (-97.8006555 30.1633435)
9520,,-97.8010061,30.1654676,POINT (-97.8010061 30.1654676)
9521,,-97.8013517,30.1685541,POINT (-97.8013517 30.1685541)
9522,,-97.8006707,30.1714214,POINT (-97.8006707 30.1714214)
9523,,-97.7987122,30.1716819,POINT (-97.7987122 30.1716819)
9524,,-97.8025556,30.1740597,POINT (-97.8025556 30.1740597)
9525,,-97.7929619,30.1490639,POINT (-97.7929619 30.1490639)
9526,,-97.8157914,30.4614618,POINT (-97.8157914 30.4614618)
9527,,-97.7515126,30.1592296,POINT (-97.7515126 30.1592296)
9528,,-97.6083578,30.378099,POINT (-97.6083578 30.378099)
9529,,-97.6084935,30.3781659,POINT (-97.6084935 30.3781659)
9530,,-97.6046926,30.3771554,POINT (-97.6046926 30.3771554)
9531,,-97.6456285,30.3923892,POINT (-97.6456285 30.3923892)
9532,,-97.6455774,30.3924739,POINT (-97.6455774 30.3924739)
9533,,-97.6458109,30.3924757,POINT (-97.6458109 30.3924757)
9534,,-97.646626,30.3910858,POINT (-97.646626 30.3910858)
9535,,-97.7973048,30.1372586,POINT (-97.7973048 30.1372586)
9536,,-97.7511584,30.4290778,POINT (-97.7511584 30.4290778)
9537,,-97.7889874,30.174325,POINT (-97.7889874 30.174325)
9538,,-97.683636,30.3217076,POINT (-97.683636 30.3217076)
9539,,-97.6908887,30.3136786,POINT (-97.6908887 30.3136786)
9540,,-97.6907608,30.313425,POINT (-97.6907608 30.313425)
9541,,-97.6907729,30.3137265,POINT (-97.6907729 30.3137265)
9542,,-97.6885888,30.3124808,POINT (-97.6885888 30.3124808)
9543,,-97.8648462,30.2314861,POINT (-97.8648462 30.2314861)
9544,,-97.7927089,30.2129781,POINT (-97.7927089 30.2129781)
9545,,-97.7961374,30.2146144,POINT (-97.7961374 30.2146144)
9546,,-97.8343926,30.1897473,POINT (-97.8343926 30.1897473)
9547,,-97.8345895,30.1897521,POINT (-97.8345895 30.1897521)
9548,,-97.6809867,30.3538685,POINT (-97.6809867 30.3538685)
9549,,-97.6803277,30.3533507,POINT (-97.6803277 30.3533507)
9550,,-97.6809749,30.3537363,POINT (-97.6809749 30.3537363)
9551,,-97.8934219,30.2171756,POINT (-97.8934219 30.2171756)
9552,,-97.6911209,30.2178659,POINT (-97.6911209 30.2178659)
9553,,-97.6906658,30.2180184,POINT (-97.6906658 30.2180184)
9554,,-97.691718,30.2186,POINT (-97.691718 30.2186)
9555,,-97.6899241,30.2183254,POINT (-97.6899241 30.2183254)
9556,,-97.6911368,30.2188626,POINT (-97.6911368 30.2188626)
9557,,-97.6880997,30.2193348,POINT (-97.6880997 30.2193348)
9558,,-97.6953392,30.2172883,POINT (-97.6953392 30.2172883)
9559,,-97.6870449,30.2199339,POINT (-97.6870449 30.2199339)
9560,,-97.6866371,30.2201655,POINT (-97.6866371 30.2201655)
9561,,-97.6860482,30.2204967,POINT (-97.6860482 30.2204967)
9562,,-97.6887901,30.2201039,POINT (-97.6887901 30.2201039)
9563,,-97.6862161,30.2212087,POINT (-97.6862161 30.2212087)
9564,,-97.6898495,30.2191283,POINT (-97.6898495 30.2191283)
9565,,-97.792994,30.1676065,POINT (-97.792994 30.1676065)
9566,,-97.7344683,30.3528842,POINT (-97.7344683 30.3528842)
9567,,-97.7360067,30.3574916,POINT (-97.7360067 30.3574916)
9568,,-97.7354804,30.3583229,POINT (-97.7354804 30.3583229)
9569,,-97.7348837,30.3579387,POINT (-97.7348837 30.3579387)
9570,,-97.7329751,30.2591217,POINT (-97.7329751 30.2591217)
9571,,-97.7058924,30.2326188,POINT (-97.7058924 30.2326188)
9572,,-97.6660302,30.2857334,POINT (-97.6660302 30.2857334)
9573,,-97.8904392,30.1738845,POINT (-97.8904392 30.1738845)
9574,,-97.8873103,30.173694,POINT (-97.8873103 30.173694)
9575,,-97.8889025,30.1726866,POINT (-97.8889025 30.1726866)
9576,,-97.9045109,30.2572552,POINT (-97.9045109 30.2572552)
9577,,-97.8642889,30.2328115,POINT (-97.8642889 30.2328115)
9578,,-97.5883946,30.3410317,POINT (-97.5883946 30.3410317)
9579,,-97.5836975,30.3431825,POINT (-97.5836975 30.3431825)
9580,,-97.5856945,30.3419325,POINT (-97.5856945 30.3419325)
9581,,-97.580702,30.3448194,POINT (-97.580702 30.3448194)
9582,,-97.580904,30.3447747,POINT (-97.580904 30.3447747)
9583,,-97.5809613,30.3451457,POINT (-97.5809613 30.3451457)
9584,,-97.5952953,30.3385574,POINT (-97.5952953 30.3385574)
9585,,-97.5772606,30.3262519,POINT (-97.5772606 30.3262519)
9586,,-97.5772268,30.326379,POINT (-97.5772268 30.326379)
9587,,-97.7688313,30.2661632,POINT (-97.7688313 30.2661632)
9588,,-97.6897381,30.2429363,POINT (-97.6897381 30.2429363)
9589,,-97.6907162,30.2427174,POINT (-97.6907162 30.2427174)
9590,,-97.677171,30.3515678,POINT (-97.677171 30.3515678)
9591,,-97.78837,30.3622367,POINT (-97.78837 30.3622367)
9592,,-97.608226,30.3554719,POINT (-97.608226 30.3554719)
9593,,-97.6090396,30.3542565,POINT (-97.6090396 30.3542565)
9594,,-97.7355852,30.2609185,POINT (-97.7355852 30.2609185)
9595,,-97.734607,30.2605792,POINT (-97.734607 30.2605792)
9596,,-97.8050927,30.4656126,POINT (-97.8050927 30.4656126)
9597,,-97.8073543,30.464892,POINT (-97.8073543 30.464892)
9598,,-97.7412857,30.4295724,POINT (-97.7412857 30.4295724)
9599,,-97.7451568,30.428205,POINT (-97.7451568 30.428205)
9600,,-97.7484987,30.4289064,POINT (-97.7484987 30.4289064)
9601,,-97.7486161,30.428931,POINT (-97.7486161 30.428931)
9602,,-97.7463598,30.4185049,POINT (-97.7463598 30.4185049)
9603,,-97.7444968,30.4078621,POINT (-97.7444968 30.4078621)
9604,,-97.7475823,30.4189025,POINT (-97.7475823 30.4189025)
9605,,-97.7460241,30.4192141,POINT (-97.7460241 30.4192141)
9606,,-97.7474378,30.4196635,POINT (-97.7474378 30.4196635)
9607,,-97.7093526,30.324715,POINT (-97.7093526 30.324715)
9608,,-97.7690922,30.225789,POINT (-97.7690922 30.225789)
9609,,-97.7091175,30.3220081,POINT (-97.7091175 30.3220081)
9610,,-97.7108006,30.3215385,POINT (-97.7108006 30.3215385)
9611,,-97.6219261,30.3340277,POINT (-97.6219261 30.3340277)
9612,,-97.621777,30.3339429,POINT (-97.621777 30.3339429)
9613,,-97.6227703,30.3325089,POINT (-97.6227703 30.3325089)
9614,,-97.6203886,30.3363919,POINT (-97.6203886 30.3363919)
9615,,-97.6209063,30.3355958,POINT (-97.6209063 30.3355958)
9616,,-97.6202384,30.3362841,POINT (-97.6202384 30.3362841)
9617,,-97.6187785,30.3385495,POINT (-97.6187785 30.3385495)
9618,,-97.6189345,30.3386252,POINT (-97.6189345 30.3386252)
9619,,-97.765238,30.2569411,POINT (-97.765238 30.2569411)
9620,,-97.765649,30.2563263,POINT (-97.765649 30.2563263)
9621,,-97.7651594,30.2570675,POINT (-97.7651594 30.2570675)
9622,,-97.7647022,30.2578108,POINT (-97.7647022 30.2578108)
9623,,-97.764251,30.258536,POINT (-97.764251 30.258536)
9624,,-97.7114439,30.3099725,POINT (-97.7114439 30.3099725)
9625,,-97.7112625,30.309885,POINT (-97.7112625 30.309885)
9626,,-97.7192852,30.2552516,POINT (-97.7192852 30.2552516)
9627,,-97.719391,30.2552888,POINT (-97.719391 30.2552888)
9628,,-97.7177071,30.2546961,POINT (-97.7177071 30.2546961)
9629,,-97.8644765,30.2328696,POINT (-97.8644765 30.2328696)
9630,,-97.8648681,30.2319418,POINT (-97.8648681 30.2319418)
9631,,-97.7234096,30.2713235,POINT (-97.7234096 30.2713235)
9632,,-97.7360863,30.2298619,POINT (-97.7360863 30.2298619)
9633,,-97.7082283,30.2756206,POINT (-97.7082283 30.2756206)
9634,,-97.6157424,30.3432177,POINT (-97.6157424 30.3432177)
9635,,-97.8240009,30.4542242,POINT (-97.8240009 30.4542242)
9636,,-97.8233095,30.4535509,POINT (-97.8233095 30.4535509)
9637,,-97.8245047,30.454819,POINT (-97.8245047 30.454819)
9638,,-97.8247383,30.4547912,POINT (-97.8247383 30.4547912)
9639,,-97.8253643,30.4553468,POINT (-97.8253643 30.4553468)
9640,,-97.8261662,30.4550684,POINT (-97.8261662 30.4550684)
9641,,-97.732405,30.3569006,POINT (-97.732405 30.3569006)
9642,,-97.7324822,30.3569385,POINT (-97.7324822 30.3569385)
9643,,-97.7339478,30.3576197,POINT (-97.7339478 30.3576197)
9644,,-97.7343518,30.3578097,POINT (-97.7343518 30.3578097)
9645,,-97.7946981,30.4786392,POINT (-97.7946981 30.4786392)
9646,,-97.9009572,30.1801915,POINT (-97.9009572 30.1801915)
9647,,-97.9038526,30.1785259,POINT (-97.9038526 30.1785259)
9648,,-97.9008332,30.1800992,POINT (-97.9008332 30.1800992)
9649,,-97.9002923,30.1808186,POINT (-97.9002923 30.1808186)
9650,,-97.8078484,30.4647518,POINT (-97.8078484 30.4647518)
9651,,-97.8080013,30.4650606,POINT (-97.8080013 30.4650606)
9652,,-97.7303075,30.3581513,POINT (-97.7303075 30.3581513)
9653,,-97.6630609,30.4159988,POINT (-97.6630609 30.4159988)
9654,,-97.658818,30.4180648,POINT (-97.658818 30.4180648)
9655,,-97.6614061,30.4195295,POINT (-97.6614061 30.4195295)
9656,,-97.6674241,30.4226802,POINT (-97.6674241 30.4226802)
9657,,-97.6676031,30.4225609,POINT (-97.6676031 30.4225609)
9658,,-97.6691307,30.4235306,POINT (-97.6691307 30.4235306)
9659,,-97.6512636,30.4303477,POINT (-97.6512636 30.4303477)
9660,,-97.6521536,30.4314144,POINT (-97.6521536 30.4314144)
9661,,-97.6527559,30.4326482,POINT (-97.6527559 30.4326482)
9662,,-97.6530348,30.4326645,POINT (-97.6530348 30.4326645)
9663,,-97.6528122,30.4327481,POINT (-97.6528122 30.4327481)
9664,,-97.6539741,30.4347995,POINT (-97.6539741 30.4347995)
9665,,-97.6557182,30.4363288,POINT (-97.6557182 30.4363288)
9666,,-97.6558628,30.4361477,POINT (-97.6558628 30.4361477)
9667,,-97.6573446,30.4373139,POINT (-97.6573446 30.4373139)
9668,,-97.6590717,30.4383717,POINT (-97.6590717 30.4383717)
9669,,-97.6615286,30.4398229,POINT (-97.6615286 30.4398229)
9670,,-97.6638604,30.4410486,POINT (-97.6638604 30.4410486)
9671,,-97.6639276,30.4409285,POINT (-97.6639276 30.4409285)
9672,,-97.6723962,30.4177946,POINT (-97.6723962 30.4177946)
9673,,-97.8749928,30.2337817,POINT (-97.8749928 30.2337817)
9674,,-97.7199229,30.4058253,POINT (-97.7199229 30.4058253)
9675,,-97.7207271,30.4057018,POINT (-97.7207271 30.4057018)
9676,,-97.721065,30.4056071,POINT (-97.721065 30.4056071)
9677,,-97.7193313,30.406108,POINT (-97.7193313 30.406108)
9678,,-97.7193261,30.406004,POINT (-97.7193261 30.406004)
9679,,-97.7199602,30.4059319,POINT (-97.7199602 30.4059319)
9680,,-97.719479,30.4072304,POINT (-97.719479 30.4072304)
9681,,-97.716318,30.4077463,POINT (-97.716318 30.4077463)
9682,,-97.6959973,30.2220584,POINT (-97.6959973 30.2220584)
9683,,-97.6071521,30.3351796,POINT (-97.6071521 30.3351796)
9684,,-97.6253659,30.3310804,POINT (-97.6253659 30.3310804)
9685,,-97.6321967,30.3306083,POINT (-97.6321967 30.3306083)
9686,,-97.6031652,30.3358001,POINT (-97.6031652 30.3358001)
9687,,-97.5947758,30.3389607,POINT (-97.5947758 30.3389607)
9688,,-97.6231717,30.3312387,POINT (-97.6231717 30.3312387)
9689,,-97.6233523,30.3312257,POINT (-97.6233523 30.3312257)
9690,,-97.6230884,30.3315629,POINT (-97.6230884 30.3315629)
9691,,-97.7345248,30.3527967,POINT (-97.7345248 30.3527967)
9692,,-97.7352402,30.3532297,POINT (-97.7352402 30.3532297)
9693,,-97.7352273,30.3531089,POINT (-97.7352273 30.3531089)
9694,,-97.7360366,30.3543623,POINT (-97.7360366 30.3543623)
9695,,-97.7361544,30.3543259,POINT (-97.7361544 30.3543259)
9696,,-97.7365046,30.3556718,POINT (-97.7365046 30.3556718)
9697,,-97.5788218,30.3367869,POINT (-97.5788218 30.3367869)
9698,,-97.5790999,30.3416531,POINT (-97.5790999 30.3416531)
9699,,-97.5803001,30.3439009,POINT (-97.5803001 30.3439009)
9700,,-97.5800868,30.3439655,POINT (-97.5800868 30.3439655)
9701,,-97.5814134,30.3446563,POINT (-97.5814134 30.3446563)
9702,,-97.7682579,30.4557978,POINT (-97.7682579 30.4557978)
9703,,-97.6723079,30.2203507,POINT (-97.6723079 30.2203507)
9704,,-97.6988986,30.2901267,POINT (-97.6988986 30.2901267)
9705,,-97.6992745,30.2920989,POINT (-97.6992745 30.2920989)
9706,,-97.6998575,30.302234,POINT (-97.6998575 30.302234)
9707,,-97.6346022,30.3304408,POINT (-97.6346022 30.3304408)
9708,,-97.5807161,30.3437753,POINT (-97.5807161 30.3437753)
9709,,-97.5871106,30.3425464,POINT (-97.5871106 30.3425464)
9710,,-97.5919112,30.3397246,POINT (-97.5919112 30.3397246)
9711,,-97.6952675,30.3370703,POINT (-97.6952675 30.3370703)
9712,,-97.7013006,30.4307522,POINT (-97.7013006 30.4307522)
9713,,-97.5828319,30.3466536,POINT (-97.5828319 30.3466536)
9714,,-97.5825598,30.3467523,POINT (-97.5825598 30.3467523)
9715,,-97.5812111,30.3451162,POINT (-97.5812111 30.3451162)
9716,,-97.720754,30.4110237,POINT (-97.720754 30.4110237)
9717,,-97.8435086,30.2238261,POINT (-97.8435086 30.2238261)
9718,,-97.8522606,30.2267799,POINT (-97.8522606 30.2267799)
9719,,-97.870273,30.2243744,POINT (-97.870273 30.2243744)
9720,,-97.8692503,30.2248453,POINT (-97.8692503 30.2248453)
9721,,-97.8706826,30.2571535,POINT (-97.8706826 30.2571535)
9722,,-97.8728077,30.2570467,POINT (-97.8728077 30.2570467)
9723,,-97.8846446,30.2606188,POINT (-97.8846446 30.2606188)
9724,,-97.7102412,30.2753029,POINT (-97.7102412 30.2753029)
9725,,-97.8005685,30.4639057,POINT (-97.8005685 30.4639057)
9726,,-97.6999938,30.3022945,POINT (-97.6999938 30.3022945)
9727,,-97.7003783,30.301251,POINT (-97.7003783 30.301251)
9728,,-97.7017919,30.303264,POINT (-97.7017919 30.303264)
9729,,-97.7004367,30.2999916,POINT (-97.7004367 30.2999916)
9730,,-97.6998165,30.3022961,POINT (-97.6998165 30.3022961)
9731,,-97.8578494,30.2354959,POINT (-97.8578494 30.2354959)
9732,,-97.846454,30.2465014,POINT (-97.846454 30.2465014)
9733,,-97.8436205,30.2448968,POINT (-97.8436205 30.2448968)
9734,,-97.8284117,30.2907545,POINT (-97.8284117 30.2907545)
9735,,-97.8215799,30.3186992,POINT (-97.8215799 30.3186992)
9736,,-97.8745831,30.1910134,POINT (-97.8745831 30.1910134)
9737,,-97.8770966,30.1917651,POINT (-97.8770966 30.1917651)
9738,,-97.7546951,30.4900777,POINT (-97.7546951 30.4900777)
9739,,-97.6773795,30.3288478,POINT (-97.6773795 30.3288478)
9740,,-97.9088502,30.1741627,POINT (-97.9088502 30.1741627)
9741,,-97.8929627,30.2124504,POINT (-97.8929627 30.2124504)
9742,,-97.6950035,30.2909665,POINT (-97.6950035 30.2909665)
9743,,-97.6950278,30.2916544,POINT (-97.6950278 30.2916544)
9744,,-97.6950758,30.2930261,POINT (-97.6950758 30.2930261)
9745,,-97.6950979,30.2937292,POINT (-97.6950979 30.2937292)
9746,,-97.6950515,30.2923415,POINT (-97.6950515 30.2923415)
9747,,-97.8090547,30.2037998,POINT (-97.8090547 30.2037998)
9748,,-97.8321623,30.2146295,POINT (-97.8321623 30.2146295)
9749,,-97.8332102,30.2158044,POINT (-97.8332102 30.2158044)
9750,,-97.8288372,30.2162656,POINT (-97.8288372 30.2162656)
9751,,-97.7973335,30.2153048,POINT (-97.7973335 30.2153048)
9752,,-97.8135174,30.2158448,POINT (-97.8135174 30.2158448)
9753,,-97.8140648,30.2152715,POINT (-97.8140648 30.2152715)
9754,,-97.7992845,30.2165466,POINT (-97.7992845 30.2165466)
9755,,-97.7986472,30.2159824,POINT (-97.7986472 30.2159824)
9756,,-97.7662719,30.1999359,POINT (-97.7662719 30.1999359)
9757,,-97.7724922,30.203488,POINT (-97.7724922 30.203488)
9758,,-97.7723862,30.2035731,POINT (-97.7723862 30.2035731)
9759,,-97.7713527,30.2025126,POINT (-97.7713527 30.2025126)
9760,,-97.7744444,30.2048737,POINT (-97.7744444 30.2048737)
9761,,-97.7620792,30.1973742,POINT (-97.7620792 30.1973742)
9762,,-97.7620455,30.1974732,POINT (-97.7620455 30.1974732)
9763,,-97.7607741,30.1969057,POINT (-97.7607741 30.1969057)
9764,,-97.7296602,30.1921759,POINT (-97.7296602 30.1921759)
9765,,-97.72431,30.1978707,POINT (-97.72431 30.1978707)
9766,,-97.7244114,30.1979149,POINT (-97.7244114 30.1979149)
9767,,-97.721978,30.2007562,POINT (-97.721978 30.2007562)
9768,,-97.7199723,30.202226,POINT (-97.7199723 30.202226)
9769,,-97.7166786,30.2053204,POINT (-97.7166786 30.2053204)
9770,,-97.6938907,30.1958768,POINT (-97.6938907 30.1958768)
9771,,-97.7730662,30.1913099,POINT (-97.7730662 30.1913099)
9772,,-97.7753729,30.1920269,POINT (-97.7753729 30.1920269)
9773,,-97.7087878,30.2166311,POINT (-97.7087878 30.2166311)
9774,,-97.7094527,30.216062,POINT (-97.7094527 30.216062)
9775,,-97.7092285,30.2159459,POINT (-97.7092285 30.2159459)
9776,,-97.7305312,30.2447814,POINT (-97.7305312 30.2447814)
9777,,-97.7112878,30.214058,POINT (-97.7112878 30.214058)
9778,,-97.7102031,30.2149562,POINT (-97.7102031 30.2149562)
9779,,-97.7141627,30.2094347,POINT (-97.7141627 30.2094347)
9780,,-97.8224794,30.1737994,POINT (-97.8224794 30.1737994)
9781,,-97.7975807,30.1707063,POINT (-97.7975807 30.1707063)
9782,,-97.7811641,30.1665863,POINT (-97.7811641 30.1665863)
9783,,-97.7795935,30.165333,POINT (-97.7795935 30.165333)
9784,,-97.7794637,30.1654272,POINT (-97.7794637 30.1654272)
9785,,-97.7778212,30.1622381,POINT (-97.7778212 30.1622381)
9786,,-97.8870078,30.2054845,POINT (-97.8870078 30.2054845)
9787,,-97.8641357,30.1997974,POINT (-97.8641357 30.1997974)
9788,,-97.8639919,30.1999118,POINT (-97.8639919 30.1999118)
9789,,-97.8687139,30.2010847,POINT (-97.8687139 30.2010847)
9790,,-97.868732,30.2012513,POINT (-97.868732 30.2012513)
9791,,-97.8664829,30.2010054,POINT (-97.8664829 30.2010054)
9792,,-97.8488063,30.185227,POINT (-97.8488063 30.185227)
9793,,-97.8474979,30.1870616,POINT (-97.8474979 30.1870616)
9794,,-97.8478256,30.1826478,POINT (-97.8478256 30.1826478)
9795,,-97.7930893,30.360301,POINT (-97.7930893 30.360301)
9796,,-97.7186944,30.3734074,POINT (-97.7186944 30.3734074)
9797,,-97.7055223,30.3910833,POINT (-97.7055223 30.3910833)
9798,,-97.8120802,30.1854657,POINT (-97.8120802 30.1854657)
9799,,-97.8095454,30.1855331,POINT (-97.8095454 30.1855331)
9800,,-97.7962884,30.1855281,POINT (-97.7962884 30.1855281)
9801,,-97.8081869,30.1855544,POINT (-97.8081869 30.1855544)
9802,,-97.8028543,30.185676,POINT (-97.8028543 30.185676)
9803,,-97.8014931,30.1856898,POINT (-97.8014931 30.1856898)
9804,,-97.8004877,30.1857453,POINT (-97.8004877 30.1857453)
9805,,-97.7992354,30.1857197,POINT (-97.7992354 30.1857197)
9806,,-97.6897689,30.4145028,POINT (-97.6897689 30.4145028)
9807,,-97.6974893,30.4067818,POINT (-97.6974893 30.4067818)
9808,,-97.6973891,30.4067593,POINT (-97.6973891 30.4067593)
9809,,-97.6975054,30.4065416,POINT (-97.6975054 30.4065416)
9810,,-97.6963539,30.3628535,POINT (-97.6963539 30.3628535)
9811,,-97.7123392,30.3485772,POINT (-97.7123392 30.3485772)
9812,,-97.6874199,30.3312778,POINT (-97.6874199 30.3312778)
9813,,-97.6866843,30.3319917,POINT (-97.6866843 30.3319917)
9814,,-97.7013312,30.3370142,POINT (-97.7013312 30.3370142)
9815,,-97.6975812,30.2943648,POINT (-97.6975812 30.2943648)
9816,,-97.6967537,30.2943832,POINT (-97.6967537 30.2943832)
9817,,-97.6984019,30.2943419,POINT (-97.6984019 30.2943419)
9818,,-97.7613197,30.2269529,POINT (-97.7613197 30.2269529)
9819,,-97.7279825,30.2646099,POINT (-97.7279825 30.2646099)
9820,,-97.6953461,30.2375465,POINT (-97.6953461 30.2375465)
9821,,-97.6953204,30.237593,POINT (-97.6953204 30.237593)
9822,,-97.696193,30.2362172,POINT (-97.696193 30.2362172)
9823,,-97.8400809,30.2320222,POINT (-97.8400809 30.2320222)
9824,,-97.8411667,30.1971637,POINT (-97.8411667 30.1971637)
9825,,-97.841066,30.1971131,POINT (-97.841066 30.1971131)
9826,,-97.730522,30.3052678,POINT (-97.730522 30.3052678)
9827,,-97.7020309,30.3412439,POINT (-97.7020309 30.3412439)
9828,,-97.7712578,30.2026073,POINT (-97.7712578 30.2026073)
9829,,-97.7712787,30.2024519,POINT (-97.7712787 30.2024519)
9830,,-97.7682916,30.2006362,POINT (-97.7682916 30.2006362)
9831,,-97.8434526,30.1934354,POINT (-97.8434526 30.1934354)
9832,,-97.8346266,30.191535,POINT (-97.8346266 30.191535)
9833,,-97.7827383,30.1714673,POINT (-97.7827383 30.1714673)
9834,,-97.77603,30.1816076,POINT (-97.77603 30.1816076)
9835,,-97.7351255,30.3968759,POINT (-97.7351255 30.3968759)
9836,,-97.7276393,30.2718207,POINT (-97.7276393 30.2718207)
9837,,-97.721888,30.239893,POINT (-97.721888 30.239893)
9838,,-97.7213591,30.2396428,POINT (-97.7213591 30.2396428)
9839,,-97.7203424,30.2391594,POINT (-97.7203424 30.2391594)
9840,,-97.7195774,30.2387629,POINT (-97.7195774 30.2387629)
9841,,-97.6875764,30.1835386,POINT (-97.6875764 30.1835386)
9842,,-97.6996243,30.2159486,POINT (-97.6996243 30.2159486)
9843,,-97.7894153,30.2576119,POINT (-97.7894153 30.2576119)
9844,,-97.7896055,30.2577167,POINT (-97.7896055 30.2577167)
9845,,-97.788917,30.2574575,POINT (-97.788917 30.2574575)
9846,,-97.7902541,30.2580943,POINT (-97.7902541 30.2580943)
9847,,-97.7463375,30.4139326,POINT (-97.7463375 30.4139326)
9848,,-97.775925,30.2690042,POINT (-97.775925 30.2690042)
9849,,-97.774831,30.269014,POINT (-97.774831 30.269014)
9850,,-97.6552717,30.4318156,POINT (-97.6552717 30.4318156)
9851,,-97.6563269,30.4310088,POINT (-97.6563269 30.4310088)
9852,,-97.65517,30.4318587,POINT (-97.65517 30.4318587)
9853,,-97.6622994,30.4201815,POINT (-97.6622994 30.4201815)
9854,,-97.7342609,30.2679637,POINT (-97.7342609 30.2679637)
9855,,-97.7341366,30.2893309,POINT (-97.7341366 30.2893309)
9856,,-97.7498868,30.2916607,POINT (-97.7498868 30.2916607)
9857,,-97.7475114,30.2986346,POINT (-97.7475114 30.2986346)
9858,,-97.6995476,30.2151512,POINT (-97.6995476 30.2151512)
9859,,-97.6494528,30.384832,POINT (-97.6494528 30.384832)
9860,,-97.650382,30.3834876,POINT (-97.650382 30.3834876)
9861,,-97.7275566,30.2874332,POINT (-97.7275566 30.2874332)
9862,,-97.745917,30.3028903,POINT (-97.745917 30.3028903)
9863,,-97.7494274,30.3071926,POINT (-97.7494274 30.3071926)
9864,,-97.6680856,30.2733612,POINT (-97.6680856 30.2733612)
9865,,-97.667533,30.2759076,POINT (-97.667533 30.2759076)
9866,,-97.6951205,30.2944272,POINT (-97.6951205 30.2944272)
9867,,-97.6935077,30.2944613,POINT (-97.6935077 30.2944613)
9868,,-97.6959431,30.2944046,POINT (-97.6959431 30.2944046)
9869,,-97.6951849,30.2958007,POINT (-97.6951849 30.2958007)
9870,,-97.6988278,30.404093,POINT (-97.6988278 30.404093)
9871,,-97.6978554,30.405378,POINT (-97.6978554 30.405378)
9872,,-97.7272165,30.3732068,POINT (-97.7272165 30.3732068)
9873,,-97.7832253,30.2666175,POINT (-97.7832253 30.2666175)
9874,,-97.7040702,30.2518978,POINT (-97.7040702 30.2518978)
9875,,-97.7124398,30.2528692,POINT (-97.7124398 30.2528692)
9876,,-97.7118106,30.2526506,POINT (-97.7118106 30.2526506)
9877,,-97.7151688,30.2611679,POINT (-97.7151688 30.2611679)
9878,,-97.715341,30.2611937,POINT (-97.715341 30.2611937)
9879,,-97.7652967,30.2845282,POINT (-97.7652967 30.2845282)
9880,,-97.6968843,30.2692613,POINT (-97.6968843 30.2692613)
9881,,-97.7305957,30.3053076,POINT (-97.7305957 30.3053076)
9882,,-97.6698182,30.3070248,POINT (-97.6698182 30.3070248)
9883,,-97.6637003,30.2042978,POINT (-97.6637003 30.2042978)
9884,,-97.7651894,30.1884627,POINT (-97.7651894 30.1884627)
9885,,-97.698264,30.2160681,POINT (-97.698264 30.2160681)
9886,,-97.7020999,30.2151521,POINT (-97.7020999 30.2151521)
9887,,-97.8381774,30.1843006,POINT (-97.8381774 30.1843006)
9888,,-97.8398801,30.1817566,POINT (-97.8398801 30.1817566)
9889,,-97.8403921,30.1805638,POINT (-97.8403921 30.1805638)
9890,,-97.7590098,30.3092893,POINT (-97.7590098 30.3092893)
9891,,-97.6995952,30.2925942,POINT (-97.6995952 30.2925942)
9892,,-97.6992153,30.29432,POINT (-97.6992153 30.29432)
9893,,-97.7000959,30.2956781,POINT (-97.7000959 30.2956781)
9894,,-97.6415669,30.3291638,POINT (-97.6415669 30.3291638)
9895,,-97.6416273,30.3299555,POINT (-97.6416273 30.3299555)
9896,,-97.6410676,30.3292008,POINT (-97.6410676 30.3292008)
9897,,-97.6156551,30.3329043,POINT (-97.6156551 30.3329043)
9898,,-97.6227994,30.3312647,POINT (-97.6227994 30.3312647)
9899,,-97.6192248,30.3316368,POINT (-97.6192248 30.3316368)
9900,,-97.6126564,30.3337375,POINT (-97.6126564 30.3337375)
9901,,-97.6715157,30.324784,POINT (-97.6715157 30.324784)
9902,,-97.6439998,30.3292624,POINT (-97.6439998 30.3292624)
9903,,-97.6615976,30.328528,POINT (-97.6615976 30.328528)
9904,,-97.6420342,30.3291316,POINT (-97.6420342 30.3291316)
9905,,-97.6421439,30.3299164,POINT (-97.6421439 30.3299164)
9906,,-97.6380389,30.3294151,POINT (-97.6380389 30.3294151)
9907,,-97.6369025,30.3297153,POINT (-97.6369025 30.3297153)
9908,,-97.648263,30.3294707,POINT (-97.648263 30.3294707)
9909,,-97.6445589,30.3294763,POINT (-97.6445589 30.3294763)
9910,,-97.6256604,30.3304868,POINT (-97.6256604 30.3304868)
9911,,-97.6388747,30.3298532,POINT (-97.6388747 30.3298532)
9912,,-97.7506293,30.3451481,POINT (-97.7506293 30.3451481)
9913,,-97.6410703,30.3299931,POINT (-97.6410703 30.3299931)
9914,,-97.6192712,30.3313425,POINT (-97.6192712 30.3313425)
9915,,-97.628225,30.3305814,POINT (-97.628225 30.3305814)
9916,,-97.6237925,30.3311939,POINT (-97.6237925 30.3311939)
9917,,-97.6098629,30.3338768,POINT (-97.6098629 30.3338768)
9918,,-97.6231036,30.3318587,POINT (-97.6231036 30.3318587)
9919,,-97.6089073,30.3343876,POINT (-97.6089073 30.3343876)
9920,,-97.7502224,30.3460114,POINT (-97.7502224 30.3460114)
9921,,-97.6002111,30.3364288,POINT (-97.6002111 30.3364288)
9922,,-97.5982794,30.3384214,POINT (-97.5982794 30.3384214)
9923,,-97.5920594,30.3409434,POINT (-97.5920594 30.3409434)
9924,,-97.5902889,30.3413016,POINT (-97.5902889 30.3413016)
9925,,-97.5822201,30.343826,POINT (-97.5822201 30.343826)
9926,,-97.5933227,30.3398011,POINT (-97.5933227 30.3398011)
9927,,-97.6897312,30.218953,POINT (-97.6897312 30.218953)
9928,,-97.7497882,30.3469332,POINT (-97.7497882 30.3469332)
9929,,-97.6973433,30.2001687,POINT (-97.6973433 30.2001687)
9930,,-97.749055,30.348461,POINT (-97.749055 30.348461)
9931,,-97.6977505,30.199827,POINT (-97.6977505 30.199827)
9932,,-97.748691,30.349251,POINT (-97.748691 30.349251)
9933,,-97.748015,30.350692,POINT (-97.748015 30.350692)
9934,,-97.6739246,30.4073402,POINT (-97.6739246 30.4073402)
9935,,-97.6731008,30.4107752,POINT (-97.6731008 30.4107752)
9936,,-97.6916442,30.4138398,POINT (-97.6916442 30.4138398)
9937,,-97.7469919,30.352864,POINT (-97.7469919 30.352864)
9938,,-97.7466404,30.3536592,POINT (-97.7466404 30.3536592)
9939,,-97.6905848,30.2191228,POINT (-97.6905848 30.2191228)
9940,,-97.7462531,30.3544596,POINT (-97.7462531 30.3544596)
9941,,-97.7026828,30.3036889,POINT (-97.7026828 30.3036889)
9942,,-97.7037244,30.3041861,POINT (-97.7037244 30.3041861)
9943,,-97.7027472,30.3035908,POINT (-97.7027472 30.3035908)
9944,,-97.7018596,30.3031633,POINT (-97.7018596 30.3031633)
9945,,-97.7009664,30.3027384,POINT (-97.7009664 30.3027384)
9946,,-97.7458984,30.3552068,POINT (-97.7458984 30.3552068)
9947,,-97.7920478,30.486886,POINT (-97.7920478 30.486886)
9948,,-97.7917329,30.4878354,POINT (-97.7917329 30.4878354)
9949,,-97.7911035,30.4845405,POINT (-97.7911035 30.4845405)
9950,,-97.7917883,30.4854911,POINT (-97.7917883 30.4854911)
9951,,-97.7455911,30.3559322,POINT (-97.7455911 30.3559322)
9952,,-97.7918944,30.4879169,POINT (-97.7918944 30.4879169)
9953,,-97.7923999,30.4869167,POINT (-97.7923999 30.4869167)
9954,,-97.7919365,30.4854219,POINT (-97.7919365 30.4854219)
9955,,-97.9295395,30.1746533,POINT (-97.9295395 30.1746533)
9956,,-97.7452175,30.3566811,POINT (-97.7452175 30.3566811)
9957,,-97.7587365,30.3030438,POINT (-97.7587365 30.3030438)
9958,,-97.7448406,30.3574609,POINT (-97.7448406 30.3574609)
9959,,-97.7444743,30.3582292,POINT (-97.7444743 30.3582292)
9960,,-97.8300531,30.2137475,POINT (-97.8300531 30.2137475)
9961,,-97.8476066,30.1871125,POINT (-97.8476066 30.1871125)
9962,,-97.8466083,30.188468,POINT (-97.8466083 30.188468)
9963,,-97.7894202,30.4945506,POINT (-97.7894202 30.4945506)
9964,,-97.8093753,30.3306023,POINT (-97.8093753 30.3306023)
9965,,-97.6846918,30.2230428,POINT (-97.6846918 30.2230428)
9966,,-97.8080933,30.3325824,POINT (-97.8080933 30.3325824)
9967,,-97.7060298,30.3440946,POINT (-97.7060298 30.3440946)
9968,,-97.8030017,30.123478,POINT (-97.8030017 30.123478)
9969,,-97.8058045,30.1164823,POINT (-97.8058045 30.1164823)
9970,,-97.6638068,30.3988898,POINT (-97.6638068 30.3988898)
9971,,-97.6616048,30.3987408,POINT (-97.6616048 30.3987408)
9972,,-97.6616418,30.3989037,POINT (-97.6616418 30.3989037)
9973,,-97.6597716,30.3994392,POINT (-97.6597716 30.3994392)
9974,,-97.6589015,30.400157,POINT (-97.6589015 30.400157)
9975,,-97.6590473,30.4002728,POINT (-97.6590473 30.4002728)
9976,,-97.7528115,30.1529552,POINT (-97.7528115 30.1529552)
9977,,-97.7527279,30.1529728,POINT (-97.7527279 30.1529728)
9978,,-97.754053,30.1508766,POINT (-97.754053 30.1508766)
9979,,-97.7541169,30.1509386,POINT (-97.7541169 30.1509386)
9980,,-97.7542725,30.1507816,POINT (-97.7542725 30.1507816)
9981,,-97.7514622,30.1480943,POINT (-97.7514622 30.1480943)
9982,,-97.7648563,30.1516939,POINT (-97.7648563 30.1516939)
9983,,-97.7647685,30.151898,POINT (-97.7647685 30.151898)
9984,,-97.7657243,30.1503652,POINT (-97.7657243 30.1503652)
9985,,-97.7616733,30.1516218,POINT (-97.7616733 30.1516218)
9986,,-97.7693873,30.1897577,POINT (-97.7693873 30.1897577)
9987,,-97.7697046,30.1901011,POINT (-97.7697046 30.1901011)
9988,,-97.774778,30.1835669,POINT (-97.774778 30.1835669)
9989,,-97.8183464,30.1721703,POINT (-97.8183464 30.1721703)
9990,,-97.8193608,30.1720364,POINT (-97.8193608 30.1720364)
9991,,-97.9125958,30.1684083,POINT (-97.9125958 30.1684083)
9992,,-97.9126657,30.1685102,POINT (-97.9126657 30.1685102)
9993,,-97.9124353,30.1685815,POINT (-97.9124353 30.1685815)
9994,,-97.9127137,30.1685189,POINT (-97.9127137 30.1685189)
9995,,-97.9102261,30.1720678,POINT (-97.9102261 30.1720678)
9996,,-97.910045,30.1721961,POINT (-97.910045 30.1721961)
9997,,-97.909982,30.1722014,POINT (-97.909982 30.1722014)
9998,,-97.9099098,30.1722898,POINT (-97.9099098 30.1722898)
9999,,-97.9101377,30.172281,POINT (-97.9101377 30.172281)
10000,,-97.9100253,30.1723923,POINT (-97.9100253 30.1723923)
10001,,-97.9100507,30.1723897,POINT (-97.9100507 30.1723897)
10002,,-97.9098342,30.1725345,POINT (-97.9098342 30.1725345)
10003,,-97.9092329,30.1733223,POINT (-97.9092329 30.1733223)
10004,,-97.9087486,30.1741218,POINT (-97.9087486 30.1741218)
10005,,-97.9037289,30.1784385,POINT (-97.9037289 30.1784385)
10006,,-97.6534923,30.3946436,POINT (-97.6534923 30.3946436)
10007,,-97.651502,30.3887354,POINT (-97.651502 30.3887354)
10008,,-97.6664542,30.39587,POINT (-97.6664542 30.39587)
10009,,-97.7519907,30.4960144,POINT (-97.7519907 30.4960144)
10010,,-97.7504267,30.4979673,POINT (-97.7504267 30.4979673)
10011,,-97.7519106,30.5033194,POINT (-97.7519106 30.5033194)
10012,,-97.7509789,30.5006639,POINT (-97.7509789 30.5006639)
10013,,-97.8151514,30.4754495,POINT (-97.8151514 30.4754495)
10014,,-97.6598868,30.3995761,POINT (-97.6598868 30.3995761)
10015,,-97.6636495,30.4206266,POINT (-97.6636495 30.4206266)
10016,,-97.6635503,30.4207789,POINT (-97.6635503 30.4207789)
10017,,-97.6624099,30.4200193,POINT (-97.6624099 30.4200193)
10018,,-97.5775369,30.3263289,POINT (-97.5775369 30.3263289)
10019,,-97.6514195,30.4057656,POINT (-97.6514195 30.4057656)
10020,,-97.6514952,30.4058522,POINT (-97.6514952 30.4058522)
10021,,-97.6504685,30.4065436,POINT (-97.6504685 30.4065436)
10022,,-97.8936102,30.2171257,POINT (-97.8936102 30.2171257)
10023,,-97.8811416,30.1887014,POINT (-97.8811416 30.1887014)
10024,,-97.8817104,30.1923233,POINT (-97.8817104 30.1923233)
10025,,-97.8625108,30.20872,POINT (-97.8625108 30.20872)
10026,,-97.6801101,30.4239552,POINT (-97.6801101 30.4239552)
10027,,-97.6800079,30.4240219,POINT (-97.6800079 30.4240219)
10028,,-97.6800854,30.4241223,POINT (-97.6800854 30.4241223)
10029,,-97.6792456,30.424519,POINT (-97.6792456 30.424519)
10030,,-97.6801894,30.4240559,POINT (-97.6801894 30.4240559)
10031,,-97.6812551,30.423375,POINT (-97.6812551 30.423375)
10032,,-97.7998776,30.4903133,POINT (-97.7998776 30.4903133)
10033,,-97.7904716,30.4895819,POINT (-97.7904716 30.4895819)
10034,,-97.7908949,30.4927914,POINT (-97.7908949 30.4927914)
10035,,-97.7893014,30.494456,POINT (-97.7893014 30.494456)
10036,,-97.8623147,30.2288011,POINT (-97.8623147 30.2288011)
10037,,-97.6101039,30.3752374,POINT (-97.6101039 30.3752374)
10038,,-97.5982177,30.3759582,POINT (-97.5982177 30.3759582)
10039,,-97.5981785,30.3760887,POINT (-97.5981785 30.3760887)
10040,,-97.601484,30.376729,POINT (-97.601484 30.376729)
10041,,-97.6015287,30.3765822,POINT (-97.6015287 30.3765822)
10042,,-97.6046572,30.3772879,POINT (-97.6046572 30.3772879)
10043,,-97.5777171,30.32914,POINT (-97.5777171 30.32914)
10044,,-97.5775079,30.3264341,POINT (-97.5775079 30.3264341)
10045,,-97.5775587,30.329152,POINT (-97.5775587 30.329152)
10046,,-97.5780538,30.3339729,POINT (-97.5780538 30.3339729)
10047,,-97.5780406,30.3340606,POINT (-97.5780406 30.3340606)
10048,,-97.5782249,30.3340829,POINT (-97.5782249 30.3340829)
10049,,-97.5782402,30.3339819,POINT (-97.5782402 30.3339819)
10050,,-97.5787521,30.3340749,POINT (-97.5787521 30.3340749)
10051,,-97.6207414,30.335518,POINT (-97.6207414 30.335518)
10052,,-97.7341251,30.2683238,POINT (-97.7341251 30.2683238)
10053,,-97.6524293,30.3022394,POINT (-97.6524293 30.3022394)
10054,,-97.6524934,30.3021555,POINT (-97.6524934 30.3021555)
10055,,-97.6637419,30.4114124,POINT (-97.6637419 30.4114124)
10056,,-97.7911987,30.4844034,POINT (-97.7911987 30.4844034)
10057,,-97.7900554,30.4829136,POINT (-97.7900554 30.4829136)
10058,,-97.7912602,30.4844624,POINT (-97.7912602 30.4844624)
10059,,-97.7895089,30.4818388,POINT (-97.7895089 30.4818388)
10060,,-97.7937182,30.4807905,POINT (-97.7937182 30.4807905)
10061,,-97.7574028,30.152153,POINT (-97.7574028 30.152153)
10062,,-97.8987893,30.1832588,POINT (-97.8987893 30.1832588)
10063,,-97.8995569,30.1823254,POINT (-97.8995569 30.1823254)
10064,,-97.8992227,30.1818678,POINT (-97.8992227 30.1818678)
10065,,-97.9057181,30.1842699,POINT (-97.9057181 30.1842699)
10066,,-97.8748397,30.1911207,POINT (-97.8748397 30.1911207)
10067,,-97.874848,30.1907645,POINT (-97.874848 30.1907645)
10068,,-97.8523727,30.1987095,POINT (-97.8523727 30.1987095)
10069,,-97.8518099,30.1984384,POINT (-97.8518099 30.1984384)
10070,,-97.8491671,30.1971734,POINT (-97.8491671 30.1971734)
10071,,-97.8459278,30.1963026,POINT (-97.8459278 30.1963026)
10072,,-97.8435618,30.1934929,POINT (-97.8435618 30.1934929)
10073,,-97.7407482,30.2332492,POINT (-97.7407482 30.2332492)
10074,,-97.709182,30.4228083,POINT (-97.709182 30.4228083)
10075,,-97.7101075,30.4234684,POINT (-97.7101075 30.4234684)
10076,,-97.7526838,30.1531387,POINT (-97.7526838 30.1531387)
10077,,-97.7528604,30.1531834,POINT (-97.7528604 30.1531834)
10078,,-97.7529374,30.1530689,POINT (-97.7529374 30.1530689)
10079,,-97.7529233,30.153019,POINT (-97.7529233 30.153019)
10080,,-97.7536012,30.3406215,POINT (-97.7536012 30.3406215)
10081,,-97.750928,30.3461144,POINT (-97.750928 30.3461144)
10082,,-97.7513448,30.3449648,POINT (-97.7513448 30.3449648)
10083,,-97.7495395,30.3489428,POINT (-97.7495395 30.3489428)
10084,,-97.7232246,30.4061525,POINT (-97.7232246 30.4061525)
10085,,-97.7460031,30.4166202,POINT (-97.7460031 30.4166202)
10086,,-97.746057,30.4169651,POINT (-97.746057 30.4169651)
10087,,-97.6464269,30.3910296,POINT (-97.6464269 30.3910296)
10088,,-97.7372751,30.2575534,POINT (-97.7372751 30.2575534)
10089,,-97.6783722,30.3777396,POINT (-97.6783722 30.3777396)
10090,,-97.7975757,30.2154194,POINT (-97.7975757 30.2154194)
10091,,-97.7974087,30.2152159,POINT (-97.7974087 30.2152159)
10092,,-97.7974338,30.2155501,POINT (-97.7974338 30.2155501)
10093,,-97.8537287,30.4035364,POINT (-97.8537287 30.4035364)
10094,,-97.639083,30.2031087,POINT (-97.639083 30.2031087)
10095,,-97.6393069,30.2023057,POINT (-97.6393069 30.2023057)
10096,,-97.7110976,30.4239432,POINT (-97.7110976 30.4239432)
10097,,-97.711213,30.4237705,POINT (-97.711213 30.4237705)
10098,,-97.7109329,30.3102034,POINT (-97.7109329 30.3102034)
10099,,-97.7391195,30.3601352,POINT (-97.7391195 30.3601352)
10100,,-97.8647222,30.2337496,POINT (-97.8647222 30.2337496)
10101,,-97.7541158,30.2391087,POINT (-97.7541158 30.2391087)
10102,,-97.7831828,30.2661075,POINT (-97.7831828 30.2661075)
10103,,-97.7833691,30.2665359,POINT (-97.7833691 30.2665359)
10104,,-97.7828417,30.2662418,POINT (-97.7828417 30.2662418)
10105,,-97.8345201,30.3920867,POINT (-97.8345201 30.3920867)
10106,,-97.6645253,30.2926509,POINT (-97.6645253 30.2926509)
10107,,-97.6640841,30.292376,POINT (-97.6640841 30.292376)
10108,,-97.7705071,30.1911486,POINT (-97.7705071 30.1911486)
10109,,-97.7643004,30.1989078,POINT (-97.7643004 30.1989078)
10110,,-97.770403,30.4860316,POINT (-97.770403 30.4860316)
10111,,-97.6976572,30.2966791,POINT (-97.6976572 30.2966791)
10112,,-97.7001363,30.2966194,POINT (-97.7001363 30.2966194)
10113,,-97.6976506,30.2964892,POINT (-97.6976506 30.2964892)
10114,,-97.6952066,30.2965485,POINT (-97.6952066 30.2965485)
10115,,-97.6399653,30.2022412,POINT (-97.6399653 30.2022412)
10116,,-97.6398505,30.2025815,POINT (-97.6398505 30.2025815)
10117,,-97.6396247,30.2024682,POINT (-97.6396247 30.2024682)
10118,,-97.6401503,30.2027338,POINT (-97.6401503 30.2027338)
10119,,-97.7022518,30.2268752,POINT (-97.7022518 30.2268752)
10120,,-97.7024907,30.2265012,POINT (-97.7024907 30.2265012)
10121,,-97.7020064,30.2272595,POINT (-97.7020064 30.2272595)
10122,,-97.7552112,30.2673377,POINT (-97.7552112 30.2673377)
10123,,-97.7216075,30.3732385,POINT (-97.7216075 30.3732385)
10124,,-97.7217329,30.3731987,POINT (-97.7217329 30.3731987)
10125,,-97.7216901,30.3735317,POINT (-97.7216901 30.3735317)
10126,,-97.7205513,30.4027273,POINT (-97.7205513 30.4027273)
10127,,-97.7980975,30.1713267,POINT (-97.7980975 30.1713267)
10128,,-97.845198,30.1907037,POINT (-97.845198 30.1907037)
10129,,-97.8233062,30.1737835,POINT (-97.8233062 30.1737835)
10130,,-97.6494378,30.3671688,POINT (-97.6494378 30.3671688)
10131,,-97.650584,30.3677138,POINT (-97.650584 30.3677138)
10132,,-97.6528184,30.3664951,POINT (-97.6528184 30.3664951)
10133,,-97.8755035,30.2345197,POINT (-97.8755035 30.2345197)
10134,,-97.794143,30.1887571,POINT (-97.794143 30.1887571)
10135,,-97.6486023,30.4096508,POINT (-97.6486023 30.4096508)
10136,,-97.6655897,30.421575,POINT (-97.6655897 30.421575)
10137,,-97.7536692,30.3408134,POINT (-97.7536692 30.3408134)
10138,,-97.8170316,30.1926125,POINT (-97.8170316 30.1926125)
10139,,-97.8162356,30.1922342,POINT (-97.8162356 30.1922342)
10140,,-97.7696552,30.4849957,POINT (-97.7696552 30.4849957)
10141,,-97.8534194,30.1489111,POINT (-97.8534194 30.1489111)
10142,,-97.8255053,30.1901452,POINT (-97.8255053 30.1901452)
10143,,-97.825319,30.1902829,POINT (-97.825319 30.1902829)
10144,,-97.8250498,30.1902304,POINT (-97.8250498 30.1902304)
10145,,-97.8252424,30.1904117,POINT (-97.8252424 30.1904117)
10146,,-97.8253961,30.1904825,POINT (-97.8253961 30.1904825)
10147,,-97.8292316,30.1905628,POINT (-97.8292316 30.1905628)
10148,,-97.8254751,30.1903563,POINT (-97.8254751 30.1903563)
10149,,-97.8253058,30.1902893,POINT (-97.8253058 30.1902893)
10150,,-97.825244,30.1904212,POINT (-97.825244 30.1904212)
10151,,-97.8254069,30.1904776,POINT (-97.8254069 30.1904776)
10152,,-97.8267057,30.1908365,POINT (-97.8267057 30.1908365)
10153,,-97.8254742,30.1903684,POINT (-97.8254742 30.1903684)
10154,,-97.8662313,30.2290655,POINT (-97.8662313 30.2290655)
10155,,-97.8734191,30.2338061,POINT (-97.8734191 30.2338061)
10156,,-97.8635204,30.234285,POINT (-97.8635204 30.234285)
10157,,-97.8636956,30.2342834,POINT (-97.8636956 30.2342834)
10158,,-97.8600083,30.2353637,POINT (-97.8600083 30.2353637)
10159,,-97.8648138,30.2339613,POINT (-97.8648138 30.2339613)
10160,,-97.8637214,30.2341619,POINT (-97.8637214 30.2341619)
10161,,-97.7785729,30.2399655,POINT (-97.7785729 30.2399655)
10162,,-97.7097521,30.3465852,POINT (-97.7097521 30.3465852)
10163,,-97.7531505,30.4906235,POINT (-97.7531505 30.4906235)
10164,,-97.7547441,30.4901904,POINT (-97.7547441 30.4901904)
10165,,-97.8459309,30.196411,POINT (-97.8459309 30.196411)
10166,,-97.8437576,30.195981,POINT (-97.8437576 30.195981)
10167,,-97.7001662,30.2973615,POINT (-97.7001662 30.2973615)
10168,,-97.7002164,30.2986773,POINT (-97.7002164 30.2986773)
10169,,-97.7580922,30.2819388,POINT (-97.7580922 30.2819388)
10170,,-97.7597018,30.2924054,POINT (-97.7597018 30.2924054)
10171,,-97.7587944,30.2919575,POINT (-97.7587944 30.2919575)
10172,,-97.6506239,30.3012825,POINT (-97.6506239 30.3012825)
10173,,-97.752565,30.312081,POINT (-97.752565 30.312081)
10174,,-97.6947309,30.298289,POINT (-97.6947309 30.298289)
10175,,-97.6952126,30.2967404,POINT (-97.6952126 30.2967404)
10176,,-97.6951913,30.2974791,POINT (-97.6951913 30.2974791)
10177,,-97.7591175,30.2942322,POINT (-97.7591175 30.2942322)
10178,,-97.6927088,30.2944745,POINT (-97.6927088 30.2944745)
10179,,-97.6391881,30.2022437,POINT (-97.6391881 30.2022437)
10180,,-97.6367152,30.2009815,POINT (-97.6367152 30.2009815)
10181,,-97.6397657,30.2019799,POINT (-97.6397657 30.2019799)
10182,,-97.6394298,30.2038301,POINT (-97.6394298 30.2038301)
10183,,-97.64002,30.203586,POINT (-97.64002 30.203586)
10184,,-97.6390143,30.2042617,POINT (-97.6390143 30.2042617)
10185,,-97.6392466,30.2044522,POINT (-97.6392466 30.2044522)
10186,,-97.6408434,30.1994475,POINT (-97.6408434 30.1994475)
10187,,-97.6398778,30.2035119,POINT (-97.6398778 30.2035119)
10188,,-97.6487857,30.3670747,POINT (-97.6487857 30.3670747)
10189,,-97.6493867,30.3672781,POINT (-97.6493867 30.3672781)
10190,,-97.7063059,30.3001751,POINT (-97.7063059 30.3001751)
10191,,-97.7056911,30.3011555,POINT (-97.7056911 30.3011555)
10192,,-97.7048412,30.3024494,POINT (-97.7048412 30.3024494)
10193,,-97.706838,30.391791,POINT (-97.706838 30.391791)
10194,,-97.8017838,30.4635569,POINT (-97.8017838 30.4635569)
10195,,-97.7019017,30.3371608,POINT (-97.7019017 30.3371608)
10196,,-97.7024309,30.3363128,POINT (-97.7024309 30.3363128)
10197,,-97.7058765,30.3297965,POINT (-97.7058765 30.3297965)
10198,,-97.7223411,30.4048552,POINT (-97.7223411 30.4048552)
10199,,-97.7903649,30.4895118,POINT (-97.7903649 30.4895118)
10200,,-97.6943892,30.2391342,POINT (-97.6943892 30.2391342)
10201,,-97.6947086,30.2386179,POINT (-97.6947086 30.2386179)
10202,,-97.766982,30.254239,POINT (-97.766982 30.254239)
10203,,-97.7671,30.2540541,POINT (-97.7671 30.2540541)
10204,,-97.766948,30.2542984,POINT (-97.766948 30.2542984)
10205,,-97.6935764,30.2403938,POINT (-97.6935764 30.2403938)
10206,,-97.7111268,30.3930018,POINT (-97.7111268 30.3930018)
10207,,-97.7520306,30.4907084,POINT (-97.7520306 30.4907084)
10208,,-97.7507855,30.5006823,POINT (-97.7507855 30.5006823)
10209,,-97.7509492,30.5005972,POINT (-97.7509492 30.5005972)
10210,,-97.7505843,30.4980275,POINT (-97.7505843 30.4980275)
10211,,-97.6403098,30.2028158,POINT (-97.6403098 30.2028158)
10212,,-97.7159819,30.3251714,POINT (-97.7159819 30.3251714)
10213,,-97.753132,30.4905061,POINT (-97.753132 30.4905061)
10214,,-97.7521274,30.4960734,POINT (-97.7521274 30.4960734)
10215,,-97.8435369,30.2450423,POINT (-97.8435369 30.2450423)
10216,,-97.8406771,30.2434628,POINT (-97.8406771 30.2434628)
10217,,-97.8014088,30.1736344,POINT (-97.8014088 30.1736344)
10218,,-97.8042014,30.4749334,POINT (-97.8042014 30.4749334)
10219,,-97.7625685,30.2874924,POINT (-97.7625685 30.2874924)
10220,,-97.7631283,30.2868281,POINT (-97.7631283 30.2868281)
10221,,-97.5803003,30.333884,POINT (-97.5803003 30.333884)
10222,,-97.5822486,30.3304261,POINT (-97.5822486 30.3304261)
10223,,-97.7659784,30.2558186,POINT (-97.7659784 30.2558186)
10224,,-97.766224,30.25544,POINT (-97.766224 30.25544)
10225,,-97.766532,30.2549519,POINT (-97.766532 30.2549519)
10226,,-97.7299273,30.3752363,POINT (-97.7299273 30.3752363)
10227,,-97.8504223,30.3988651,POINT (-97.8504223 30.3988651)
10228,,-97.850193,30.3981826,POINT (-97.850193 30.3981826)
10229,,-97.7522641,30.3548332,POINT (-97.7522641 30.3548332)
10230,,-97.7814766,30.2657167,POINT (-97.7814766 30.2657167)
10231,,-97.7799566,30.2664478,POINT (-97.7799566 30.2664478)
10232,,-97.7150125,30.3816315,POINT (-97.7150125 30.3816315)
10233,,-97.7168582,30.377344,POINT (-97.7168582 30.377344)
10234,,-97.717935,30.3759071,POINT (-97.717935 30.3759071)
10235,,-97.8219042,30.2101104,POINT (-97.8219042 30.2101104)
10236,,-97.6984345,30.4301924,POINT (-97.6984345 30.4301924)
10237,,-97.6969228,30.4296722,POINT (-97.6969228 30.4296722)
10238,,-97.7935043,30.4664295,POINT (-97.7935043 30.4664295)
10239,,-97.7907099,30.4658015,POINT (-97.7907099 30.4658015)
10240,,-97.6605095,30.4039931,POINT (-97.6605095 30.4039931)
10241,,-97.6606294,30.4040512,POINT (-97.6606294 30.4040512)
10242,,-97.6701967,30.3990168,POINT (-97.6701967 30.3990168)
10243,,-97.7931197,30.4736609,POINT (-97.7931197 30.4736609)
10244,,-97.7705122,30.212509,POINT (-97.7705122 30.212509)
10245,,-97.6668707,30.4222023,POINT (-97.6668707 30.4222023)
10246,,-97.6664967,30.4220192,POINT (-97.6664967 30.4220192)
10247,,-97.6667708,30.4223639,POINT (-97.6667708 30.4223639)
10248,,-97.7094711,30.3906263,POINT (-97.7094711 30.3906263)
10249,,-97.7526666,30.153104,POINT (-97.7526666 30.153104)
10250,,-97.6785504,30.4249732,POINT (-97.6785504 30.4249732)
10251,,-97.6735568,30.3548273,POINT (-97.6735568 30.3548273)
10252,,-97.6733608,30.3548622,POINT (-97.6733608 30.3548622)
10253,,-97.6784674,30.3523542,POINT (-97.6784674 30.3523542)
10254,,-97.7220787,30.2008335,POINT (-97.7220787 30.2008335)
10255,,-97.7210509,30.2015551,POINT (-97.7210509 30.2015551)
10256,,-97.7164957,30.2058067,POINT (-97.7164957 30.2058067)
10257,,-97.7696454,30.1908371,POINT (-97.7696454 30.1908371)
10258,,-97.6840825,30.3359272,POINT (-97.6840825 30.3359272)
10259,,-97.6853345,30.3342646,POINT (-97.6853345 30.3342646)
10260,,-97.6851905,30.334249,POINT (-97.6851905 30.334249)
10261,,-97.6861112,30.3330805,POINT (-97.6861112 30.3330805)
10262,,-97.8314694,30.1930284,POINT (-97.8314694 30.1930284)
10263,,-97.884266,30.193264,POINT (-97.884266 30.193264)
10264,,-97.8922437,30.1755828,POINT (-97.8922437 30.1755828)
10265,,-97.6486402,30.3568328,POINT (-97.6486402 30.3568328)
10266,,-97.6479048,30.3539459,POINT (-97.6479048 30.3539459)
10267,,-97.7372083,30.256924,POINT (-97.7372083 30.256924)
10268,,-97.6581828,30.2123013,POINT (-97.6581828 30.2123013)
10269,,-97.8007329,30.4722377,POINT (-97.8007329 30.4722377)
10270,,-97.800718,30.4724727,POINT (-97.800718 30.4724727)
10271,,-97.8631813,30.2379913,POINT (-97.8631813 30.2379913)
10272,,-97.8632665,30.2379322,POINT (-97.8632665 30.2379322)
10273,,-97.8508908,30.399309,POINT (-97.8508908 30.399309)
10274,,-97.7160169,30.3587696,POINT (-97.7160169 30.3587696)
10275,,-97.7163045,30.3597269,POINT (-97.7163045 30.3597269)
10276,,-97.7357185,30.2476345,POINT (-97.7357185 30.2476345)
10277,,-97.6896044,30.242527,POINT (-97.6896044 30.242527)
10278,,-97.8644793,30.2086981,POINT (-97.8644793 30.2086981)
10279,,-97.7885113,30.3590586,POINT (-97.7885113 30.3590586)
10280,,-97.7888354,30.3591634,POINT (-97.7888354 30.3591634)
10281,,-97.7904765,30.3593515,POINT (-97.7904765 30.3593515)
10282,,-97.790142,30.360237,POINT (-97.790142 30.360237)
10283,,-97.7918509,30.3594813,POINT (-97.7918509 30.3594813)
10284,,-97.9006063,30.1812728,POINT (-97.9006063 30.1812728)
10285,,-97.6859433,30.2368244,POINT (-97.6859433 30.2368244)
10286,,-97.7288984,30.2432291,POINT (-97.7288984 30.2432291)
10287,,-97.7188512,30.2384919,POINT (-97.7188512 30.2384919)
10288,,-97.8222712,30.2366234,POINT (-97.8222712 30.2366234)
10289,,-97.822172,30.2366977,POINT (-97.822172 30.2366977)
10290,,-97.8225749,30.2364073,POINT (-97.8225749 30.2364073)
10291,,-97.7418553,30.2334925,POINT (-97.7418553 30.2334925)
10292,,-97.6751028,30.3243553,POINT (-97.6751028 30.3243553)
10293,,-97.7419349,30.2338664,POINT (-97.7419349 30.2338664)
10294,,-97.9101386,30.1722922,POINT (-97.9101386 30.1722922)
10295,,-97.9099112,30.1723093,POINT (-97.9099112 30.1723093)
10296,,-97.9125997,30.1683896,POINT (-97.9125997 30.1683896)
10297,,-97.9128307,30.1684262,POINT (-97.9128307 30.1684262)
10298,,-97.912716,30.168315,POINT (-97.912716 30.168315)
10299,,-97.6839251,30.2217259,POINT (-97.6839251 30.2217259)
10300,,-97.7450544,30.4192613,POINT (-97.7450544 30.4192613)
10301,,-97.7270802,30.2691735,POINT (-97.7270802 30.2691735)
10302,,-97.7967908,30.4650633,POINT (-97.7967908 30.4650633)
10303,,-97.7272132,30.2697998,POINT (-97.7272132 30.2697998)
10304,,-97.7272556,30.2699942,POINT (-97.7272556 30.2699942)
10305,,-97.727321,30.2703151,POINT (-97.727321 30.2703151)
10306,,-97.845475,30.3991082,POINT (-97.845475 30.3991082)
10307,,-97.852202,30.4064234,POINT (-97.852202 30.4064234)
10308,,-97.8447909,30.3960606,POINT (-97.8447909 30.3960606)
10309,,-97.8443034,30.3957973,POINT (-97.8443034 30.3957973)
10310,,-97.8448136,30.395397,POINT (-97.8448136 30.395397)
10311,,-97.8444419,30.3956933,POINT (-97.8444419 30.3956933)
10312,,-97.7703488,30.1899458,POINT (-97.7703488 30.1899458)
10313,,-97.8495501,30.1833322,POINT (-97.8495501 30.1833322)
10314,,-97.8484967,30.1828244,POINT (-97.8484967 30.1828244)
10315,,-97.6675042,30.2760294,POINT (-97.6675042 30.2760294)
10316,,-97.6666504,30.2797468,POINT (-97.6666504 30.2797468)
10317,,-97.8350948,30.1891875,POINT (-97.8350948 30.1891875)
10318,,-97.8362418,30.1870971,POINT (-97.8362418 30.1870971)
10319,,-97.831602,30.1930546,POINT (-97.831602 30.1930546)
10320,,-97.8314644,30.1935433,POINT (-97.8314644 30.1935433)
10321,,-97.6612354,30.3031586,POINT (-97.6612354 30.3031586)
10322,,-97.6612441,30.3030528,POINT (-97.6612441 30.3030528)
10323,,-97.6739019,30.2610044,POINT (-97.6739019 30.2610044)
10324,,-97.6710847,30.2652833,POINT (-97.6710847 30.2652833)
10325,,-97.6909611,30.2446015,POINT (-97.6909611 30.2446015)
10326,,-97.6708601,30.3589547,POINT (-97.6708601 30.3589547)
10327,,-97.6905559,30.2422941,POINT (-97.6905559 30.2422941)
10328,,-97.6900283,30.2410599,POINT (-97.6900283 30.2410599)
10329,,-97.7951138,30.2351054,POINT (-97.7951138 30.2351054)
10330,,-97.795126,30.2353843,POINT (-97.795126 30.2353843)
10331,,-97.7128029,30.3489446,POINT (-97.7128029 30.3489446)
10332,,-97.6899328,30.2424505,POINT (-97.6899328 30.2424505)
10333,,-97.6895572,30.2403374,POINT (-97.6895572 30.2403374)
10334,,-97.6858528,30.2354658,POINT (-97.6858528 30.2354658)
10335,,-97.7112368,30.3103793,POINT (-97.7112368 30.3103793)
10336,,-97.7113246,30.3103598,POINT (-97.7113246 30.3103598)
10337,,-97.7119168,30.310503,POINT (-97.7119168 30.310503)
10338,,-97.7114983,30.3101141,POINT (-97.7114983 30.3101141)
10339,,-97.7119539,30.3104706,POINT (-97.7119539 30.3104706)
10340,,-97.6888481,30.3585028,POINT (-97.6888481 30.3585028)
10341,,-97.5954397,30.3392498,POINT (-97.5954397 30.3392498)
10342,,-97.6029285,30.3361724,POINT (-97.6029285 30.3361724)
10343,,-97.8732301,30.1905245,POINT (-97.8732301 30.1905245)
10344,,-97.8716374,30.1895731,POINT (-97.8716374 30.1895731)
10345,,-97.8729713,30.1904119,POINT (-97.8729713 30.1904119)
10346,,-97.8730009,30.1907505,POINT (-97.8730009 30.1907505)
10347,,-97.839761,30.1817207,POINT (-97.839761 30.1817207)
10348,,-97.8771846,30.2319478,POINT (-97.8771846 30.2319478)
10349,,-97.8334056,30.2225006,POINT (-97.8334056 30.2225006)
10350,,-97.8861317,30.1706096,POINT (-97.8861317 30.1706096)
10351,,-97.8852196,30.1752235,POINT (-97.8852196 30.1752235)
10352,,-97.7573997,30.1519584,POINT (-97.7573997 30.1519584)
10353,,-97.7088948,30.3350975,POINT (-97.7088948 30.3350975)
10354,,-97.7080339,30.3346702,POINT (-97.7080339 30.3346702)
10355,,-97.7078271,30.3345703,POINT (-97.7078271 30.3345703)
10356,,-97.6645898,30.290477,POINT (-97.6645898 30.290477)
10357,,-97.6773948,30.2568834,POINT (-97.6773948 30.2568834)
10358,,-97.6797398,30.2535993,POINT (-97.6797398 30.2535993)
10359,,-97.6756906,30.2594571,POINT (-97.6756906 30.2594571)
10360,,-97.6758108,30.2592707,POINT (-97.6758108 30.2592707)
10361,,-97.6669927,30.2816979,POINT (-97.6669927 30.2816979)
10362,,-97.668352,30.2759841,POINT (-97.668352 30.2759841)
10363,,-97.6640512,30.2924943,POINT (-97.6640512 30.2924943)
10364,,-97.6660541,30.2816143,POINT (-97.6660541 30.2816143)
10365,,-97.66585,30.2822472,POINT (-97.66585 30.2822472)
10366,,-97.6645305,30.2875673,POINT (-97.6645305 30.2875673)
10367,,-97.7419302,30.2045146,POINT (-97.7419302 30.2045146)
10368,,-97.7403794,30.2067358,POINT (-97.7403794 30.2067358)
10369,,-97.8813173,30.1802345,POINT (-97.8813173 30.1802345)
10370,,-97.7046839,30.3327319,POINT (-97.7046839 30.3327319)
10371,,-97.7037061,30.3325917,POINT (-97.7037061 30.3325917)
10372,,-97.7035639,30.3328641,POINT (-97.7035639 30.3328641)
10373,,-97.7004113,30.3311045,POINT (-97.7004113 30.3311045)
10374,,-97.6818632,30.2522564,POINT (-97.6818632 30.2522564)
10375,,-97.6993606,30.3306065,POINT (-97.6993606 30.3306065)
10376,,-97.6897033,30.2428061,POINT (-97.6897033 30.2428061)
10377,,-97.661003,30.3005385,POINT (-97.661003 30.3005385)
10378,,-97.660622,30.3030017,POINT (-97.660622 30.3030017)
10379,,-97.6680791,30.2745442,POINT (-97.6680791 30.2745442)
10380,,-97.6673901,30.2777903,POINT (-97.6673901 30.2777903)
10381,,-97.6688847,30.2707758,POINT (-97.6688847 30.2707758)
10382,,-97.6983048,30.3301061,POINT (-97.6983048 30.3301061)
10383,,-97.6972556,30.3296087,POINT (-97.6972556 30.3296087)
10384,,-97.6699893,30.4342144,POINT (-97.6699893 30.4342144)
10385,,-97.671017,30.4264281,POINT (-97.671017 30.4264281)
10386,,-97.7139529,30.3829338,POINT (-97.7139529 30.3829338)
10387,,-97.714828,30.381839,POINT (-97.714828 30.381839)
10388,,-97.689631,30.3588889,POINT (-97.689631 30.3588889)
10389,,-97.6909153,30.3596587,POINT (-97.6909153 30.3596587)
10390,,-97.7211896,30.374742,POINT (-97.7211896 30.374742)
10391,,-97.8874128,30.2100635,POINT (-97.8874128 30.2100635)
10392,,-97.8866392,30.2107294,POINT (-97.8866392 30.2107294)
10393,,-97.8884736,30.2091821,POINT (-97.8884736 30.2091821)
10394,,-97.6962526,30.3290646,POINT (-97.6962526 30.3290646)
10395,,-97.8861913,30.2104574,POINT (-97.8861913 30.2104574)
10396,,-97.7067428,30.3451064,POINT (-97.7067428 30.3451064)
10397,,-97.8228388,30.4530517,POINT (-97.8228388 30.4530517)
10398,,-97.8224157,30.4526757,POINT (-97.8224157 30.4526757)
10399,,-97.822747,30.4531269,POINT (-97.822747 30.4531269)
10400,,-97.628389,30.2069226,POINT (-97.628389 30.2069226)
10401,,-97.6285126,30.206902,POINT (-97.6285126 30.206902)
10402,,-97.6899106,30.2478113,POINT (-97.6899106 30.2478113)
10403,,-97.721823,30.3735178,POINT (-97.721823 30.3735178)
10404,,-97.6951921,30.3285619,POINT (-97.6951921 30.3285619)
10405,,-97.7211234,30.2016539,POINT (-97.7211234 30.2016539)
10406,,-97.7404082,30.2070224,POINT (-97.7404082 30.2070224)
10407,,-97.7403381,30.2067452,POINT (-97.7403381 30.2067452)
10408,,-97.7402346,30.2068795,POINT (-97.7402346 30.2068795)
10409,,-97.7405656,30.2068555,POINT (-97.7405656 30.2068555)
10410,,-97.740567,30.2068923,POINT (-97.740567 30.2068923)
10411,,-97.7404468,30.207017,POINT (-97.7404468 30.207017)
10412,,-97.7402517,30.2069421,POINT (-97.7402517 30.2069421)
10413,,-97.7513319,30.1482607,POINT (-97.7513319 30.1482607)
10414,,-97.670918,30.3990565,POINT (-97.670918 30.3990565)
10415,,-97.7616975,30.1518583,POINT (-97.7616975 30.1518583)
10416,,-97.6917205,30.3518414,POINT (-97.6917205 30.3518414)
10417,,-97.702609,30.3345792,POINT (-97.702609 30.3345792)
10418,,-97.7367707,30.261224,POINT (-97.7367707 30.261224)
10419,,-97.7404358,30.2353024,POINT (-97.7404358 30.2353024)
10420,,-97.771877,30.1883847,POINT (-97.771877 30.1883847)
10421,,-97.7942457,30.4806182,POINT (-97.7942457 30.4806182)
10422,,-97.8615388,30.2280944,POINT (-97.8615388 30.2280944)
10423,,-97.6894924,30.3234433,POINT (-97.6894924 30.3234433)
10424,,-97.7588802,30.3007592,POINT (-97.7588802 30.3007592)
10425,,-97.8168971,30.1692719,POINT (-97.8168971 30.1692719)
10426,,-97.7652007,30.293865,POINT (-97.7652007 30.293865)
10427,,-97.6841442,30.2220735,POINT (-97.6841442 30.2220735)
10428,,-97.6850344,30.2356737,POINT (-97.6850344 30.2356737)
10429,,-97.6835363,30.2306681,POINT (-97.6835363 30.2306681)
10430,,-97.6828105,30.2311191,POINT (-97.6828105 30.2311191)
10431,,-97.7049931,30.3985511,POINT (-97.7049931 30.3985511)
10432,,-97.7649172,30.4568909,POINT (-97.7649172 30.4568909)
10433,,-97.7648081,30.1982912,POINT (-97.7648081 30.1982912)
10434,,-97.7293039,30.2880909,POINT (-97.7293039 30.2880909)
10435,,-97.6616152,30.2974553,POINT (-97.6616152 30.2974553)
10436,,-97.6603544,30.3022384,POINT (-97.6603544 30.3022384)
10437,,-97.7828163,30.1871016,POINT (-97.7828163 30.1871016)
10438,,-97.7825788,30.1870122,POINT (-97.7825788 30.1870122)
10439,,-97.7819742,30.1868154,POINT (-97.7819742 30.1868154)
10440,,-97.7823352,30.1869405,POINT (-97.7823352 30.1869405)
10441,,-97.6777855,30.2550301,POINT (-97.6777855 30.2550301)
10442,,-97.6624803,30.2978428,POINT (-97.6624803 30.2978428)
10443,,-97.6651451,30.2871986,POINT (-97.6651451 30.2871986)
10444,,-97.6817931,30.222408,POINT (-97.6817931 30.222408)
10445,,-97.6829587,30.2234949,POINT (-97.6829587 30.2234949)
10446,,-97.8939583,30.2180271,POINT (-97.8939583 30.2180271)
10447,,-97.7195472,30.2388127,POINT (-97.7195472 30.2388127)
10448,,-97.7407819,30.2332007,POINT (-97.7407819 30.2332007)
10449,,-97.690443,30.250266,POINT (-97.690443 30.250266)
10450,,-97.7654617,30.1974813,POINT (-97.7654617 30.1974813)
10451,,-97.76774,30.194573,POINT (-97.76774 30.194573)
10452,,-97.6648347,30.2895986,POINT (-97.6648347 30.2895986)
10453,,-97.6658829,30.2862661,POINT (-97.6658829 30.2862661)
10454,,-97.8821669,30.1813917,POINT (-97.8821669 30.1813917)
10455,,-97.6740513,30.2619603,POINT (-97.6740513 30.2619603)
10456,,-97.6717583,30.2656236,POINT (-97.6717583 30.2656236)
10457,,-97.7027863,30.2963556,POINT (-97.7027863 30.2963556)
10458,,-97.5780403,30.3264968,POINT (-97.5780403 30.3264968)
10459,,-97.5800668,30.3278085,POINT (-97.5800668 30.3278085)
10460,,-97.5808984,30.328792,POINT (-97.5808984 30.328792)
10461,,-97.581459,30.3294371,POINT (-97.581459 30.3294371)
10462,,-97.6707771,30.2658074,POINT (-97.6707771 30.2658074)
10463,,-97.6832215,30.2304723,POINT (-97.6832215 30.2304723)
10464,,-97.6907848,30.24929,POINT (-97.6907848 30.24929)
10465,,-97.6841769,30.2337472,POINT (-97.6841769 30.2337472)
10466,,-97.6748582,30.2591141,POINT (-97.6748582 30.2591141)
10467,,-97.9154519,30.1968243,POINT (-97.9154519 30.1968243)
10468,,-97.9167014,30.1992316,POINT (-97.9167014 30.1992316)
10469,,-97.7339969,30.3575306,POINT (-97.7339969 30.3575306)
10470,,-97.7954575,30.4660586,POINT (-97.7954575 30.4660586)
10471,,-97.7950969,30.4651949,POINT (-97.7950969 30.4651949)
10472,,-97.7960727,30.4648585,POINT (-97.7960727 30.4648585)
10473,,-97.6338576,30.2940548,POINT (-97.6338576 30.2940548)
10474,,-97.6397305,30.2970515,POINT (-97.6397305 30.2970515)
10475,,-97.8065933,30.1146827,POINT (-97.8065933 30.1146827)
10476,,-97.8066722,30.1145526,POINT (-97.8066722 30.1145526)
10477,,-97.7775139,30.3412222,POINT (-97.7775139 30.3412222)
10478,,-97.6646109,30.2033982,POINT (-97.6646109 30.2033982)
10479,,-97.6688794,30.4058279,POINT (-97.6688794 30.4058279)
10480,,-97.7461008,30.5073306,POINT (-97.7461008 30.5073306)
10481,,-97.657374,30.402463,POINT (-97.657374 30.402463)
10482,,-97.7980137,30.133803,POINT (-97.7980137 30.133803)
10483,,-97.7989126,30.1315915,POINT (-97.7989126 30.1315915)
10484,,-97.8886935,30.1726734,POINT (-97.8886935 30.1726734)
10485,,-97.6713698,30.3578627,POINT (-97.6713698 30.3578627)
10486,,-97.6882549,30.333198,POINT (-97.6882549 30.333198)
10487,,-97.7935597,30.146621,POINT (-97.7935597 30.146621)
10488,,-97.7912557,30.153774,POINT (-97.7912557 30.153774)
10489,,-97.9126476,30.1876021,POINT (-97.9126476 30.1876021)
10490,,-97.7073893,30.2913062,POINT (-97.7073893 30.2913062)
10491,,-97.6837161,30.2312229,POINT (-97.6837161 30.2312229)
10492,,-97.7356958,30.2641232,POINT (-97.7356958 30.2641232)
10493,,-97.7358771,30.2636434,POINT (-97.7358771 30.2636434)
10494,,-97.6621322,30.312638,POINT (-97.6621322 30.312638)
10495,,-97.6632506,30.3167675,POINT (-97.6632506 30.3167675)
10496,,-97.660415,30.307393,POINT (-97.660415 30.307393)
10497,,-97.6611148,30.3100002,POINT (-97.6611148 30.3100002)
10498,,-97.6619002,30.3128806,POINT (-97.6619002 30.3128806)
10499,,-97.6639899,30.2902238,POINT (-97.6639899 30.2902238)
10500,,-97.7209204,30.3938005,POINT (-97.7209204 30.3938005)
10501,,-97.7189065,30.2384319,POINT (-97.7189065 30.2384319)
10502,,-97.7195141,30.2387955,POINT (-97.7195141 30.2387955)
10503,,-97.7195444,30.2387468,POINT (-97.7195444 30.2387468)
10504,,-97.6397922,30.2969583,POINT (-97.6397922 30.2969583)
10505,,-97.6417265,30.297708,POINT (-97.6417265 30.297708)
10506,,-97.6456188,30.2989474,POINT (-97.6456188 30.2989474)
10507,,-97.6446715,30.2985077,POINT (-97.6446715 30.2985077)
10508,,-97.6468623,30.2995247,POINT (-97.6468623 30.2995247)
10509,,-97.6507259,30.3013304,POINT (-97.6507259 30.3013304)
10510,,-97.6539485,30.3028338,POINT (-97.6539485 30.3028338)
10511,,-97.6506677,30.3014175,POINT (-97.6506677 30.3014175)
10512,,-97.6437322,30.2981582,POINT (-97.6437322 30.2981582)
10513,,-97.6316283,30.2929641,POINT (-97.6316283 30.2929641)
10514,,-97.6301731,30.2922487,POINT (-97.6301731 30.2922487)
10515,,-97.8676275,30.2274748,POINT (-97.8676275 30.2274748)
10516,,-97.7069948,30.2197677,POINT (-97.7069948 30.2197677)
10517,,-97.7662659,30.1959804,POINT (-97.7662659 30.1959804)
10518,,-97.7637872,30.2863998,POINT (-97.7637872 30.2863998)
10519,,-97.772501,30.187011,POINT (-97.772501 30.187011)
10520,,-97.680157,30.2532724,POINT (-97.680157 30.2532724)
10521,,-97.840227,30.1985996,POINT (-97.840227 30.1985996)
10522,,-97.7586865,30.248285,POINT (-97.7586865 30.248285)
10523,,-97.758605,30.2483157,POINT (-97.758605 30.2483157)
10524,,-97.7572858,30.2478993,POINT (-97.7572858 30.2478993)
10525,,-97.7572585,30.247836,POINT (-97.7572585 30.247836)
10526,,-97.7572045,30.247924,POINT (-97.7572045 30.247924)
10527,,-97.7578742,30.2469913,POINT (-97.7578742 30.2469913)
10528,,-97.7578469,30.246928,POINT (-97.7578469 30.246928)
10529,,-97.759186,30.2473962,POINT (-97.759186 30.2473962)
10530,,-97.7577928,30.247016,POINT (-97.7577928 30.247016)
10531,,-97.7592167,30.2474598,POINT (-97.7592167 30.2474598)
10532,,-97.7592728,30.2473691,POINT (-97.7592728 30.2473691)
10533,,-97.7574299,30.2530555,POINT (-97.7574299 30.2530555)
10534,,-97.7573301,30.2530083,POINT (-97.7573301 30.2530083)
10535,,-97.6687223,30.2734965,POINT (-97.6687223 30.2734965)
10536,,-97.7863043,30.3721262,POINT (-97.7863043 30.3721262)
10537,,-97.7865391,30.3722377,POINT (-97.7865391 30.3722377)
10538,,-97.6407633,30.1995588,POINT (-97.6407633 30.1995588)
10539,,-97.6556183,30.2114971,POINT (-97.6556183 30.2114971)
10540,,-97.6361951,30.2007132,POINT (-97.6361951 30.2007132)
10541,,-97.7174393,30.3402022,POINT (-97.7174393 30.3402022)
10542,,-97.7179358,30.3394229,POINT (-97.7179358 30.3394229)
10543,,-97.763281,30.2486905,POINT (-97.763281 30.2486905)
10544,,-97.7632897,30.2486506,POINT (-97.7632897 30.2486506)
10545,,-97.7632332,30.2486362,POINT (-97.7632332 30.2486362)
10546,,-97.7632169,30.2486776,POINT (-97.7632169 30.2486776)
10547,,-97.7632344,30.2486952,POINT (-97.7632344 30.2486952)
10548,,-97.7632725,30.2486352,POINT (-97.7632725 30.2486352)
10549,,-97.6659877,30.2858932,POINT (-97.6659877 30.2858932)
10550,,-97.674131,30.4079786,POINT (-97.674131 30.4079786)
10551,,-97.6751271,30.4079269,POINT (-97.6751271 30.4079269)
10552,,-97.725893,30.1569357,POINT (-97.725893 30.1569357)
10553,,-97.7273102,30.1558956,POINT (-97.7273102 30.1558956)
10554,,-97.8226331,30.2365008,POINT (-97.8226331 30.2365008)
10555,,-97.7495097,30.1928554,POINT (-97.7495097 30.1928554)
10556,,-97.7492108,30.1924826,POINT (-97.7492108 30.1924826)
10557,,-97.8524965,30.1793733,POINT (-97.8524965 30.1793733)
10558,,-97.8219148,30.2099197,POINT (-97.8219148 30.2099197)
10559,,-97.6973716,30.2345018,POINT (-97.6973716 30.2345018)
10560,,-97.6978864,30.2337118,POINT (-97.6978864 30.2337118)
10561,,-97.7485574,30.192138,POINT (-97.7485574 30.192138)
10562,,-97.7583217,30.3092014,POINT (-97.7583217 30.3092014)
10563,,-97.7477909,30.191692,POINT (-97.7477909 30.191692)
10564,,-97.7060369,30.3301606,POINT (-97.7060369 30.3301606)
10565,,-97.7433903,30.190585,POINT (-97.7433903 30.190585)
10566,,-97.7417066,30.1898182,POINT (-97.7417066 30.1898182)
10567,,-97.8479316,30.1825549,POINT (-97.8479316 30.1825549)
10568,,-97.6829551,30.2314973,POINT (-97.6829551 30.2314973)
10569,,-97.8555268,30.3977751,POINT (-97.8555268 30.3977751)
10570,,-97.8510223,30.3979934,POINT (-97.8510223 30.3979934)
10571,,-97.8497682,30.3974689,POINT (-97.8497682 30.3974689)
10572,,-97.8503918,30.3985114,POINT (-97.8503918 30.3985114)
10573,,-97.8505858,30.39811,POINT (-97.8505858 30.39811)
10574,,-97.6688723,30.4378031,POINT (-97.6688723 30.4378031)
10575,,-97.6675977,30.3733295,POINT (-97.6675977 30.3733295)
10576,,-97.6689817,30.3738337,POINT (-97.6689817 30.3738337)
10577,,-97.6698595,30.3741769,POINT (-97.6698595 30.3741769)
10578,,-97.7043859,30.3332419,POINT (-97.7043859 30.3332419)
10579,,-97.7022312,30.3349883,POINT (-97.7022312 30.3349883)
10580,,-97.6550635,30.4045365,POINT (-97.6550635 30.4045365)
10581,,-97.6527931,30.4052007,POINT (-97.6527931 30.4052007)
10582,,-97.7783486,30.267781,POINT (-97.7783486 30.267781)
10583,,-97.7002572,30.3399734,POINT (-97.7002572 30.3399734)
10584,,-97.6624213,30.3160154,POINT (-97.6624213 30.3160154)
10585,,-97.686478,30.4159796,POINT (-97.686478 30.4159796)
10586,,-97.688397,30.4151953,POINT (-97.688397 30.4151953)
10587,,-97.8360575,30.1497294,POINT (-97.8360575 30.1497294)
10588,,-97.6932281,30.3361314,POINT (-97.6932281 30.3361314)
10589,,-97.8141647,30.2151685,POINT (-97.8141647 30.2151685)
10590,,-97.6942901,30.4111109,POINT (-97.6942901 30.4111109)
10591,,-97.8452378,30.39426,POINT (-97.8452378 30.39426)
10592,,-97.8454755,30.3944433,POINT (-97.8454755 30.3944433)
10593,,-97.8169537,30.1711118,POINT (-97.8169537 30.1711118)
10594,,-97.8708342,30.2571559,POINT (-97.8708342 30.2571559)
10595,,-97.6715815,30.390806,POINT (-97.6715815 30.390806)
10596,,-97.7833561,30.2656021,POINT (-97.7833561 30.2656021)
10597,,-97.7886067,30.3727987,POINT (-97.7886067 30.3727987)
10598,,-97.7266278,30.3960955,POINT (-97.7266278 30.3960955)
10599,,-97.6286468,30.3745225,POINT (-97.6286468 30.3745225)
10600,,-97.8477903,30.4169852,POINT (-97.8477903 30.4169852)
10601,,-97.8010892,30.1261334,POINT (-97.8010892 30.1261334)
10602,,-97.635815,30.3647978,POINT (-97.635815 30.3647978)
10603,,-97.6359038,30.3648501,POINT (-97.6359038 30.3648501)
10604,,-97.7768051,30.341238,POINT (-97.7768051 30.341238)
10605,,-97.7770507,30.3412432,POINT (-97.7770507 30.3412432)
10606,,-97.7530405,30.3131247,POINT (-97.7530405 30.3131247)
10607,,-97.7529655,30.3128938,POINT (-97.7529655 30.3128938)
10608,,-97.7531043,30.3131076,POINT (-97.7531043 30.3131076)
10609,,-97.8419274,30.3929358,POINT (-97.8419274 30.3929358)
10610,,-97.8418098,30.392897,POINT (-97.8418098 30.392897)
10611,,-97.8351231,30.3920082,POINT (-97.8351231 30.3920082)
10612,,-97.8388617,30.392258,POINT (-97.8388617 30.392258)
10613,,-97.7056254,30.3305743,POINT (-97.7056254 30.3305743)
10614,,-97.7000752,30.3577068,POINT (-97.7000752 30.3577068)
10615,,-97.6996971,30.358258,POINT (-97.6996971 30.358258)
10616,,-97.848753,30.2357387,POINT (-97.848753 30.2357387)
10617,,-97.7883528,30.3621825,POINT (-97.7883528 30.3621825)
10618,,-97.788287,30.3622544,POINT (-97.788287 30.3622544)
10619,,-97.7883011,30.3622617,POINT (-97.7883011 30.3622617)
10620,,-97.6062724,30.3814247,POINT (-97.6062724 30.3814247)
10621,,-97.811004,30.2590297,POINT (-97.811004 30.2590297)
10622,,-97.811075,30.2589363,POINT (-97.811075 30.2589363)
10623,,-97.777171,30.2682471,POINT (-97.777171 30.2682471)
10624,,-97.7807741,30.2671848,POINT (-97.7807741 30.2671848)
10625,,-97.782408,30.2664227,POINT (-97.782408 30.2664227)
10626,,-97.7508319,30.3663765,POINT (-97.7508319 30.3663765)
10627,,-97.7327343,30.271125,POINT (-97.7327343 30.271125)
10628,,-97.7282526,30.280843,POINT (-97.7282526 30.280843)
10629,,-97.7141461,30.2534556,POINT (-97.7141461 30.2534556)
10630,,-97.7154406,30.2539042,POINT (-97.7154406 30.2539042)
10631,,-97.7742304,30.316944,POINT (-97.7742304 30.316944)
10632,,-97.6690798,30.437683,POINT (-97.6690798 30.437683)
10633,,-97.776612,30.331623,POINT (-97.776612 30.331623)
10634,,-97.777985,30.339216,POINT (-97.777985 30.339216)
10635,,-97.778666,30.340085,POINT (-97.778666 30.340085)
10636,,-97.7313933,30.3752118,POINT (-97.7313933 30.3752118)
10637,,-97.7782873,30.2195309,POINT (-97.7782873 30.2195309)
10638,,-97.7788443,30.2190742,POINT (-97.7788443 30.2190742)
10639,,-97.7581472,30.2978872,POINT (-97.7581472 30.2978872)
10640,,-97.7054998,30.4181806,POINT (-97.7054998 30.4181806)
10641,,-97.7059061,30.4168773,POINT (-97.7059061 30.4168773)
10642,,-97.7044541,30.4211634,POINT (-97.7044541 30.4211634)
10643,,-97.7577393,30.3009156,POINT (-97.7577393 30.3009156)
10644,,-97.7037881,30.4194221,POINT (-97.7037881 30.4194221)
10645,,-97.7048655,30.4171637,POINT (-97.7048655 30.4171637)
10646,,-97.7578799,30.3015607,POINT (-97.7578799 30.3015607)
10647,,-97.743214,30.2630222,POINT (-97.743214 30.2630222)
10648,,-97.7410674,30.2624232,POINT (-97.7410674 30.2624232)
10649,,-97.7357267,30.2613094,POINT (-97.7357267 30.2613094)
10650,,-97.7336137,30.2602347,POINT (-97.7336137 30.2602347)
10651,,-97.7266463,30.2578217,POINT (-97.7266463 30.2578217)
10652,,-97.7216904,30.2560955,POINT (-97.7216904 30.2560955)
10653,,-97.7207218,30.2557631,POINT (-97.7207218 30.2557631)
10654,,-97.7211421,30.2548552,POINT (-97.7211421 30.2548552)
10655,,-97.7108363,30.2523077,POINT (-97.7108363 30.2523077)
10656,,-97.7030232,30.3353723,POINT (-97.7030232 30.3353723)
10657,,-97.704545,30.251931,POINT (-97.704545 30.251931)
10658,,-97.756357,30.257747,POINT (-97.756357 30.257747)
10659,,-97.7565881,30.2570348,POINT (-97.7565881 30.2570348)
10660,,-97.7562384,30.258577,POINT (-97.7562384 30.258577)
10661,,-97.7219859,30.2530323,POINT (-97.7219859 30.2530323)
10662,,-97.7215531,30.2539673,POINT (-97.7215531 30.2539673)
10663,,-97.7201008,30.2571077,POINT (-97.7201008 30.2571077)
10664,,-97.719497,30.2584212,POINT (-97.719497 30.2584212)
10665,,-97.7193373,30.2587688,POINT (-97.7193373 30.2587688)
10666,,-97.6725043,30.389814,POINT (-97.6725043 30.389814)
10667,,-97.695022,30.2381051,POINT (-97.695022 30.2381051)
10668,,-97.6966524,30.235577,POINT (-97.6966524 30.235577)
10669,,-97.6968,30.23536,POINT (-97.6968 30.23536)
10670,,-97.6987994,30.232328,POINT (-97.6987994 30.232328)
10671,,-97.6995694,30.2310677,POINT (-97.6995694 30.2310677)
10672,,-97.6997878,30.2307355,POINT (-97.6997878 30.2307355)
10673,,-97.700201,30.2300629,POINT (-97.700201 30.2300629)
10674,,-97.7010107,30.2287842,POINT (-97.7010107 30.2287842)
10675,,-97.7014924,30.2280162,POINT (-97.7014924 30.2280162)
10676,,-97.68463,30.3123489,POINT (-97.68463 30.3123489)
10677,,-97.684163,30.312658,POINT (-97.684163 30.312658)
10678,,-97.821522,30.2764177,POINT (-97.821522 30.2764177)
10679,,-97.8221516,30.2760882,POINT (-97.8221516 30.2760882)
10680,,-97.7110519,30.320278,POINT (-97.7110519 30.320278)
10681,,-97.7453766,30.4118378,POINT (-97.7453766 30.4118378)
10682,,-97.7569207,30.2564034,POINT (-97.7569207 30.2564034)
10683,,-97.7637513,30.2593067,POINT (-97.7637513 30.2593067)
10684,,-97.7631469,30.2603328,POINT (-97.7631469 30.2603328)
10685,,-97.768324,30.252113,POINT (-97.768324 30.252113)
10686,,-97.76881,30.25135,POINT (-97.76881 30.25135)
10687,,-97.770073,30.249359,POINT (-97.770073 30.249359)
10688,,-97.6623642,30.3158531,POINT (-97.6623642 30.3158531)
10689,,-97.6993027,30.3393048,POINT (-97.6993027 30.3393048)
10690,,-97.6826375,30.422356,POINT (-97.6826375 30.422356)
10691,,-97.6838885,30.420291,POINT (-97.6838885 30.420291)
10692,,-97.6846869,30.4173957,POINT (-97.6846869 30.4173957)
10693,,-97.7611674,30.2923618,POINT (-97.7611674 30.2923618)
10694,,-97.7019891,30.402127,POINT (-97.7019891 30.402127)
10695,,-97.7030229,30.4006821,POINT (-97.7030229 30.4006821)
10696,,-97.7068414,30.3947372,POINT (-97.7068414 30.3947372)
10697,,-97.76205,30.2890462,POINT (-97.76205 30.2890462)
10698,,-97.7260814,30.287093,POINT (-97.7260814 30.287093)
10699,,-97.7236526,30.2864238,POINT (-97.7236526 30.2864238)
10700,,-97.7102722,30.3206104,POINT (-97.7102722 30.3206104)
10701,,-97.7118325,30.3136953,POINT (-97.7118325 30.3136953)
10702,,-97.7103323,30.3129821,POINT (-97.7103323 30.3129821)
10703,,-97.7632556,30.2857885,POINT (-97.7632556 30.2857885)
10704,,-97.7572663,30.3004939,POINT (-97.7572663 30.3004939)
10705,,-97.754654,30.299378,POINT (-97.754654 30.299378)
10706,,-97.7561711,30.2593218,POINT (-97.7561711 30.2593218)
10707,,-97.707559,30.320895,POINT (-97.707559 30.320895)
10708,,-97.7076695,30.3188221,POINT (-97.7076695 30.3188221)
10709,,-97.8226702,30.2759404,POINT (-97.8226702 30.2759404)
10710,,-97.823836,30.275525,POINT (-97.823836 30.275525)
10711,,-97.8247,30.2749758,POINT (-97.8247 30.2749758)
10712,,-97.6680815,30.4421339,POINT (-97.6680815 30.4421339)
10713,,-97.7081863,30.3212397,POINT (-97.7081863 30.3212397)
10714,,-97.7590521,30.2929673,POINT (-97.7590521 30.2929673)
10715,,-97.7587568,30.2929479,POINT (-97.7587568 30.2929479)
10716,,-97.6494735,30.4080065,POINT (-97.6494735 30.4080065)
10717,,-97.7468825,30.3548049,POINT (-97.7468825 30.3548049)
